date,market_id,sessions,bookings,revenue
2024-09-01,1,444,12,6995.79
2024-09-01,2,210,5,2230.5
2024-09-01,3,125,4,2852.58
2024-09-01,4,134,2,1579.92
2024-09-01,5,95,3,1845.06
2024-09-01,6,93,1,490.06
2024-09-01,7,83,2,1390.11
2024-09-01,8,75,4,2092.03
2024-09-01,9,110,2,916.12
2024-09-01,10,79,4,2206.77
2024-09-01,11,46,1,869.04
2024-09-01,12,28,1,633.68
2024-09-02,1,191,12,9274.48
2024-09-02,2,97,0,0.0
2024-09-02,3,61,1,598.38
2024-09-02,4,60,3,1574.16
2024-09-02,5,40,0,0.0
2024-09-02,6,43,0,0.0
2024-09-02,7,36,0,0.0
2024-09-02,8,35,0,0.0
2024-09-02,9,49,1,1098.76
2024-09-02,10,36,0,0.0
2024-09-02,11,22,0,0.0
2024-09-02,12,13,0,0.0
2024-09-03,1,200,6,2486.66
2024-09-03,2,113,4,2591.46
2024-09-03,3,58,1,858.96
2024-09-03,4,66,2,890.81
2024-09-03,5,41,0,0.0
2024-09-03,6,46,1,222.9
2024-09-03,7,36,2,2799.34
2024-09-03,8,38,1,864.6
2024-09-03,9,52,4,3400.94
2024-09-03,10,33,1,1016.05
2024-09-03,11,21,0,0.0
2024-09-03,12,14,0,0.0
2024-09-04,1,184,5,2931.1
2024-09-04,2,88,3,2501.02
2024-09-04,3,56,2,1043.49
2024-09-04,4,61,1,954.78
2024-09-04,5,39,0,0.0
2024-09-04,6,37,0,0.0
2024-09-04,7,30,3,906.81
2024-09-04,8,32,1,265.77
2024-09-04,9,46,3,1806.37
2024-09-04,10,28,0,0.0
2024-09-04,11,20,1,1215.04
2024-09-04,12,13,0,0.0
2024-09-05,1,271,5,2856.78
2024-09-05,2,153,2,1723.92
2024-09-05,3,80,3,2214.07
2024-09-05,4,95,0,0.0
2024-09-05,5,56,3,2440.58
2024-09-05,6,59,1,561.22
2024-09-05,7,51,2,1676.06
2024-09-05,8,51,2,537.75
2024-09-05,9,72,1,233.33
2024-09-05,10,46,2,1038.45
2024-09-05,11,33,0,0.0
2024-09-05,12,19,0,0.0
2024-09-06,1,286,4,3250.63
2024-09-06,2,159,6,4083.44
2024-09-06,3,84,3,2818.43
2024-09-06,4,93,2,1772.26
2024-09-06,5,76,0,0.0
2024-09-06,6,62,3,1580.95
2024-09-06,7,55,1,1874.16
2024-09-06,8,52,3,2758.73
2024-09-06,9,79,2,981.02
2024-09-06,10,52,4,1833.75
2024-09-06,11,29,1,345.42
2024-09-06,12,21,0,0.0
2024-09-07,1,382,6,3858.71
2024-09-07,2,192,3,912.64
2024-09-07,3,103,4,2604.98
2024-09-07,4,103,5,3707.48
2024-09-07,5,77,0,0.0
2024-09-07,6,76,0,0.0
2024-09-07,7,64,3,1595.51
2024-09-07,8,63,2,1746.73
2024-09-07,9,87,3,2913.25
2024-09-07,10,63,2,1647.81
2024-09-07,11,34,1,1100.48
2024-09-07,12,26,3,1991.66
2024-09-08,1,225,6,4142.3
2024-09-08,2,113,0,0.0
2024-09-08,3,60,2,1657.4
2024-09-08,4,69,4,2934.33
2024-09-08,5,46,1,559.58
2024-09-08,6,41,2,1120.06
2024-09-08,7,41,2,1744.24
2024-09-08,8,38,0,0.0
2024-09-08,9,56,1,589.7
2024-09-08,10,37,2,1694.92
2024-09-08,11,22,0,0.0
2024-09-08,12,14,0,0.0
2024-09-09,1,154,9,5987.32
2024-09-09,2,73,1,885.6
2024-09-09,3,40,1,1268.15
2024-09-09,4,50,2,1214.59
2024-09-09,5,28,1,529.14
2024-09-09,6,31,0,0.0
2024-09-09,7,24,1,1096.96
2024-09-09,8,23,0,0.0
2024-09-09,9,35,1,607.76
2024-09-09,10,26,0,0.0
2024-09-09,11,13,0,0.0
2024-09-09,12,10,1,2041.27
2024-09-10,1,243,5,4459.47
2024-09-10,2,105,5,2114.01
2024-09-10,3,65,2,1122.98
2024-09-10,4,73,0,0.0
2024-09-10,5,52,2,1674.14
2024-09-10,6,42,0,0.0
2024-09-10,7,36,0,0.0
2024-09-10,8,36,0,0.0
2024-09-10,9,53,2,599.5
2024-09-10,10,35,2,523.88
2024-09-10,11,24,1,1432.05
2024-09-10,12,15,2,840.25
2024-09-11,1,350,9,5655.38
2024-09-11,2,207,6,3942.03
2024-09-11,3,115,0,0.0
2024-09-11,4,118,0,0.0
2024-09-11,5,81,1,119.0
2024-09-11,6,76,2,2034.14
2024-09-11,7,64,0,0.0
2024-09-11,8,68,0,0.0
2024-09-11,9,92,2,1468.72
2024-09-11,10,63,1,283.83
2024-09-11,11,36,1,1655.82
2024-09-11,12,27,1,1046.08
2024-09-12,1,345,8,6504.93
2024-09-12,2,176,5,2703.06
2024-09-12,3,100,4,2411.65
2024-09-12,4,109,4,2411.46
2024-09-12,5,63,1,257.17
2024-09-12,6,67,2,790.39
2024-09-12,7,57,2,531.71
2024-09-12,8,47,2,2406.56
2024-09-12,9,71,2,1201.07
2024-09-12,10,52,3,1663.07
2024-09-12,11,35,2,560.84
2024-09-12,12,23,0,0.0
2024-09-13,1,271,10,3953.14
2024-09-13,2,157,2,1128.08
2024-09-13,3,75,0,0.0
2024-09-13,4,89,3,1910.56
2024-09-13,5,55,1,175.26
2024-09-13,6,55,1,258.83
2024-09-13,7,47,0,0.0
2024-09-13,8,49,2,2386.86
2024-09-13,9,70,0,0.0
2024-09-13,10,43,2,1017.21
2024-09-13,11,27,0,0.0
2024-09-13,12,17,0,0.0
2024-09-14,1,204,3,1070.74
2024-09-14,2,119,1,272.03
2024-09-14,3,59,1,264.06
2024-09-14,4,65,4,1562.68
2024-09-14,5,46,3,2586.98
2024-09-14,6,39,0,0.0
2024-09-14,7,37,0,0.0
2024-09-14,8,34,0,0.0
2024-09-14,9,46,1,1168.12
2024-09-14,10,34,2,1534.52
2024-09-14,11,21,3,2642.5
2024-09-14,12,14,0,0.0
2024-09-15,1,362,10,5789.47
2024-09-15,2,174,2,1489.51
2024-09-15,3,112,2,1038.79
2024-09-15,4,120,6,4152.43
2024-09-15,5,75,3,1163.59
2024-09-15,6,82,1,244.19
2024-09-15,7,64,1,328.88
2024-09-15,8,61,0,0.0
2024-09-15,9,84,4,2069.67
2024-09-15,10,62,1,178.15
2024-09-15,11,37,2,1008.82
2024-09-15,12,25,0,0.0
2024-09-16,1,289,10,5862.77
2024-09-16,2,163,6,4287.22
2024-09-16,3,84,4,1535.43
2024-09-16,4,95,2,784.33
2024-09-16,5,55,1,244.28
2024-09-16,6,63,2,1320.5
2024-09-16,7,46,2,810.3
2024-09-16,8,50,0,0.0
2024-09-16,9,70,3,1385.52
2024-09-16,10,47,1,344.32
2024-09-16,11,30,1,252.31
2024-09-16,12,18,1,298.14
2024-09-17,1,246,3,2222.21
2024-09-17,2,125,2,996.56
2024-09-17,3,73,1,1511.0
2024-09-17,4,77,5,2346.17
2024-09-17,5,53,1,303.86
2024-09-17,6,49,3,1209.35
2024-09-17,7,40,1,1190.72
2024-09-17,8,39,2,713.71
2024-09-17,9,56,5,3289.83
2024-09-17,10,44,1,580.4
2024-09-17,11,25,1,265.63
2024-09-17,12,18,0,0.0
2024-09-18,1,193,6,3903.11
2024-09-18,2,88,2,727.57
2024-09-18,3,58,2,1505.58
2024-09-18,4,60,3,1097.61
2024-09-18,5,43,3,1915.5
2024-09-18,6,39,2,1709.76
2024-09-18,7,36,1,284.97
2024-09-18,8,32,1,885.84
2024-09-18,9,48,2,533.8
2024-09-18,10,31,1,1005.68
2024-09-18,11,22,0,0.0
2024-09-18,12,12,0,0.0
2024-09-19,1,279,10,5068.68
2024-09-19,2,159,2,449.86
2024-09-19,3,71,2,981.82
2024-09-19,4,90,0,0.0
2024-09-19,5,58,0,0.0
2024-09-19,6,60,0,0.0
2024-09-19,7,47,3,2166.13
2024-09-19,8,48,3,1500.15
2024-09-19,9,65,4,2861.12
2024-09-19,10,50,1,727.35
2024-09-19,11,29,0,0.0
2024-09-19,12,20,0,0.0
2024-09-20,1,218,9,4358.56
2024-09-20,2,125,2,988.04
2024-09-20,3,66,3,1066.2
2024-09-20,4,70,2,700.92
2024-09-20,5,50,1,271.25
2024-09-20,6,51,3,1987.03
2024-09-20,7,39,1,573.9
2024-09-20,8,42,1,282.03
2024-09-20,9,53,0,0.0
2024-09-20,10,42,3,1039.72
2024-09-20,11,25,1,655.3
2024-09-20,12,18,0,0.0
2024-09-21,1,353,6,2907.51
2024-09-21,2,199,8,6491.39
2024-09-21,3,97,4,1536.31
2024-09-21,4,104,6,3010.18
2024-09-21,5,67,2,451.55
2024-09-21,6,68,1,210.57
2024-09-21,7,64,2,553.69
2024-09-21,8,60,1,231.21
2024-09-21,9,74,2,482.12
2024-09-21,10,64,1,263.73
2024-09-21,11,38,1,236.63
2024-09-21,12,22,0,0.0
2024-09-22,1,128,2,813.33
2024-09-22,2,69,2,574.52
2024-09-22,3,37,2,798.21
2024-09-22,4,45,1,985.56
2024-09-22,5,29,0,0.0
2024-09-22,6,27,1,269.42
2024-09-22,7,22,2,954.93
2024-09-22,8,19,1,244.23
2024-09-22,9,30,2,1935.75
2024-09-22,10,24,1,555.66
2024-09-22,11,14,0,0.0
2024-09-22,12,9,1,955.56
2024-09-23,1,188,4,2266.01
2024-09-23,2,91,2,541.06
2024-09-23,3,45,2,2031.12
2024-09-23,4,60,2,898.53
2024-09-23,5,33,1,299.57
2024-09-23,6,39,4,2236.27
2024-09-23,7,35,1,1090.8
2024-09-23,8,29,0,0.0
2024-09-23,9,44,1,570.92
2024-09-23,10,30,0,0.0
2024-09-23,11,17,1,1503.32
2024-09-23,12,11,0,0.0
2024-09-24,1,156,8,4329.9
2024-09-24,2,88,3,1549.14
2024-09-24,3,46,0,0.0
2024-09-24,4,48,1,245.05
2024-09-24,5,35,2,744.61
2024-09-24,6,34,2,2079.56
2024-09-24,7,30,1,630.76
2024-09-24,8,30,1,471.12
2024-09-24,9,38,3,1491.37
2024-09-24,10,29,0,0.0
2024-09-24,11,16,1,1129.25
2024-09-24,12,10,0,0.0
2024-09-25,1,280,7,3022.2
2024-09-25,2,149,5,3563.53
2024-09-25,3,77,1,557.82
2024-09-25,4,87,1,280.69
2024-09-25,5,60,4,2225.11
2024-09-25,6,53,2,506.66
2024-09-25,7,51,0,0.0
2024-09-25,8,49,1,267.31
2024-09-25,9,68,5,3315.71
2024-09-25,10,55,3,1164.59
2024-09-25,11,29,0,0.0
2024-09-25,12,17,0,0.0
2024-09-26,1,304,11,5790.07
2024-09-26,2,207,4,1411.37
2024-09-26,3,99,1,226.25
2024-09-26,4,118,4,2594.33
2024-09-26,5,84,2,1349.21
2024-09-26,6,84,2,1303.39
2024-09-26,7,64,2,1011.28
2024-09-26,8,66,3,998.17
2024-09-26,9,87,3,1948.7
2024-09-26,10,65,1,366.92
2024-09-26,11,37,2,1168.76
2024-09-26,12,24,0,0.0
2024-09-27,1,248,5,3447.06
2024-09-27,2,125,4,2562.81
2024-09-27,3,68,4,3233.58
2024-09-27,4,76,2,2124.59
2024-09-27,5,57,0,0.0
2024-09-27,6,54,2,1049.88
2024-09-27,7,44,1,210.81
2024-09-27,8,43,2,760.96
2024-09-27,9,64,1,263.43
2024-09-27,10,37,2,1468.95
2024-09-27,11,24,0,0.0
2024-09-27,12,17,0,0.0
2024-09-28,1,303,7,3462.11
2024-09-28,2,183,5,1526.12
2024-09-28,3,97,1,547.04
2024-09-28,4,99,4,2320.29
2024-09-28,5,67,1,504.4
2024-09-28,6,68,2,516.94
2024-09-28,7,64,0,0.0
2024-09-28,8,60,2,931.64
2024-09-28,9,79,1,550.06
2024-09-28,10,55,0,0.0
2024-09-28,11,37,0,0.0
2024-09-28,12,24,0,0.0
2024-09-29,1,287,9,4750.55
2024-09-29,2,156,4,2931.7
2024-09-29,3,78,0,0.0
2024-09-29,4,79,0,0.0
2024-09-29,5,58,2,727.21
2024-09-29,6,54,2,1861.36
2024-09-29,7,45,1,718.98
2024-09-29,8,52,0,0.0
2024-09-29,9,68,2,2419.32
2024-09-29,10,43,0,0.0
2024-09-29,11,29,2,1319.0
2024-09-29,12,19,1,896.04
2024-09-30,1,179,3,1022.39
2024-09-30,2,108,3,1027.6
2024-09-30,3,51,0,0.0
2024-09-30,4,50,3,1064.82
2024-09-30,5,40,1,226.81
2024-09-30,6,37,1,281.3
2024-09-30,7,34,3,2197.42
2024-09-30,8,33,1,493.56
2024-09-30,9,42,0,0.0
2024-09-30,10,33,0,0.0
2024-09-30,11,18,1,1168.12
2024-09-30,12,13,1,494.22
2024-10-01,1,227,4,1231.58
2024-10-01,2,116,5,2352.37
2024-10-01,3,64,1,1113.72
2024-10-01,4,67,1,1147.26
2024-10-01,5,48,1,238.0
2024-10-01,6,47,2,550.6
2024-10-01,7,36,1,623.48
2024-10-01,8,34,2,432.26
2024-10-01,9,54,3,2953.37
2024-10-01,10,39,2,499.64
2024-10-01,11,23,0,0.0
2024-10-01,12,15,0,0.0
2024-10-02,1,215,7,4434.12
2024-10-02,2,99,4,2369.91
2024-10-02,3,62,2,1998.26
2024-10-02,4,50,2,824.6
2024-10-02,5,40,1,1015.4
2024-10-02,6,47,3,1279.34
2024-10-02,7,38,2,1072.31
2024-10-02,8,36,3,1630.93
2024-10-02,9,52,2,548.65
2024-10-02,10,32,0,0.0
2024-10-02,11,21,0,0.0
2024-10-02,12,13,0,0.0
2024-10-03,1,179,3,3342.82
2024-10-03,2,86,4,1838.23
2024-10-03,3,44,1,263.99
2024-10-03,4,54,7,2983.02
2024-10-03,5,34,1,270.03
2024-10-03,6,33,0,0.0
2024-10-03,7,30,2,1118.4
2024-10-03,8,27,0,0.0
2024-10-03,9,37,0,0.0
2024-10-03,10,25,2,987.43
2024-10-03,11,16,0,0.0
2024-10-03,12,10,0,0.0
2024-10-04,1,235,10,7921.27
2024-10-04,2,115,3,1960.78
2024-10-04,3,69,2,1434.06
2024-10-04,4,76,1,597.3
2024-10-04,5,49,1,1515.9
2024-10-04,6,45,0,0.0
2024-10-04,7,38,1,815.85
2024-10-04,8,41,2,1194.97
2024-10-04,9,51,1,863.32
2024-10-04,10,41,1,207.06
2024-10-04,11,26,0,0.0
2024-10-04,12,18,0,0.0
2024-10-05,1,163,7,3712.32
2024-10-05,2,82,3,1623.18
2024-10-05,3,51,0,0.0
2024-10-05,4,51,3,2016.84
2024-10-05,5,34,0,0.0
2024-10-05,6,35,0,0.0
2024-10-05,7,28,0,0.0
2024-10-05,8,27,0,0.0
2024-10-05,9,38,4,2343.64
2024-10-05,10,30,1,221.87
2024-10-05,11,17,1,217.8
2024-10-05,12,12,0,0.0
2024-10-06,1,198,4,2192.09
2024-10-06,2,107,2,1422.7
2024-10-06,3,52,2,1032.83
2024-10-06,4,53,0,0.0
2024-10-06,5,38,1,845.04
2024-10-06,6,34,1,229.4
2024-10-06,7,31,2,693.05
2024-10-06,8,33,0,0.0
2024-10-06,9,49,2,458.89
2024-10-06,10,31,0,0.0
2024-10-06,11,20,0,0.0
2024-10-06,12,12,2,484.82
2024-10-07,1,226,5,2140.68
2024-10-07,2,120,5,3147.3
2024-10-07,3,65,1,695.52
2024-10-07,4,70,1,818.16
2024-10-07,5,43,2,1405.1
2024-10-07,6,49,0,0.0
2024-10-07,7,36,2,1650.62
2024-10-07,8,40,0,0.0
2024-10-07,9,58,1,224.34
2024-10-07,10,38,1,287.75
2024-10-07,11,22,3,1428.71
2024-10-07,12,15,0,0.0
2024-10-08,1,257,7,3088.06
2024-10-08,2,137,2,772.36
2024-10-08,3,68,3,1078.9
2024-10-08,4,80,2,1066.8
2024-10-08,5,49,0,0.0
2024-10-08,6,55,3,1802.04
2024-10-08,7,38,0,0.0
2024-10-08,8,40,1,224.57
2024-10-08,9,57,0,0.0
2024-10-08,10,37,3,745.72
2024-10-08,11,25,2,671.53
2024-10-08,12,13,1,691.32
2024-10-09,1,346,1,398.8
2024-10-09,2,164,2,1697.73
2024-10-09,3,86,2,1378.48
2024-10-09,4,93,5,2230.02
2024-10-09,5,62,2,731.66
2024-10-09,6,61,1,1003.04
2024-10-09,7,49,2,1049.62
2024-10-09,8,49,2,1550.3
2024-10-09,9,77,4,1414.7
2024-10-09,10,55,1,189.58
2024-10-09,11,29,0,0.0
2024-10-09,12,22,0,0.0
2024-10-10,1,285,7,2832.1
2024-10-10,2,153,4,2129.97
2024-10-10,3,77,3,1846.56
2024-10-10,4,81,1,282.34
2024-10-10,5,58,1,1031.95
2024-10-10,6,58,0,0.0
2024-10-10,7,57,0,0.0
2024-10-10,8,48,1,412.74
2024-10-10,9,68,1,266.31
2024-10-10,10,54,3,646.85
2024-10-10,11,33,1,216.64
2024-10-10,12,19,0,0.0
2024-10-11,1,209,4,2403.24
2024-10-11,2,111,5,4891.05
2024-10-11,3,59,1,528.22
2024-10-11,4,67,0,0.0
2024-10-11,5,43,3,1440.7
2024-10-11,6,45,1,956.36
2024-10-11,7,35,1,196.8
2024-10-11,8,39,0,0.0
2024-10-11,9,52,1,238.41
2024-10-11,10,37,1,211.15
2024-10-11,11,23,0,0.0
2024-10-11,12,16,0,0.0
2024-10-12,1,145,7,5979.04
2024-10-12,2,78,3,735.26
2024-10-12,3,35,1,481.38
2024-10-12,4,44,1,243.74
2024-10-12,5,33,1,227.15
2024-10-12,6,33,0,0.0
2024-10-12,7,26,2,2578.84
2024-10-12,8,29,1,269.87
2024-10-12,9,38,1,876.4
2024-10-12,10,27,0,0.0
2024-10-12,11,17,2,769.32
2024-10-12,12,10,1,1012.04
2024-10-13,1,184,2,750.84
2024-10-13,2,89,4,2719.19
2024-10-13,3,50,1,253.05
2024-10-13,4,48,1,764.67
2024-10-13,5,38,0,0.0
2024-10-13,6,36,4,2553.57
2024-10-13,7,32,1,575.72
2024-10-13,8,33,0,0.0
2024-10-13,9,46,2,665.41
2024-10-13,10,31,2,1424.89
2024-10-13,11,20,1,427.78
2024-10-13,12,13,1,414.76
2024-10-14,1,265,3,1748.39
2024-10-14,2,139,0,0.0
2024-10-14,3,77,2,507.04
2024-10-14,4,79,2,736.23
2024-10-14,5,54,1,273.62
2024-10-14,6,53,2,1350.66
2024-10-14,7,51,0,0.0
2024-10-14,8,44,1,1035.1
2024-10-14,9,63,2,1000.48
2024-10-14,10,43,0,0.0
2024-10-14,11,27,0,0.0
2024-10-14,12,18,1,289.62
2024-10-15,1,176,10,6081.72
2024-10-15,2,89,1,477.8
2024-10-15,3,49,1,424.84
2024-10-15,4,61,1,511.26
2024-10-15,5,37,2,1088.23
2024-10-15,6,37,2,1466.02
2024-10-15,7,29,2,965.61
2024-10-15,8,31,0,0.0
2024-10-15,9,47,0,0.0
2024-10-15,10,36,0,0.0
2024-10-15,11,20,0,0.0
2024-10-15,12,12,0,0.0
2024-10-16,1,268,12,7182.28
2024-10-16,2,147,1,239.22
2024-10-16,3,83,3,2290.14
2024-10-16,4,84,2,498.83
2024-10-16,5,59,0,0.0
2024-10-16,6,61,0,0.0
2024-10-16,7,53,2,628.0
2024-10-16,8,48,1,748.89
2024-10-16,9,75,3,1621.65
2024-10-16,10,56,3,1231.29
2024-10-16,11,29,1,496.1
2024-10-16,12,18,0,0.0
2024-10-17,1,259,7,2830.37
2024-10-17,2,127,7,3543.6
2024-10-17,3,67,2,1188.81
2024-10-17,4,76,1,307.02
2024-10-17,5,49,3,780.05
2024-10-17,6,47,1,570.32
2024-10-17,7,42,0,0.0
2024-10-17,8,40,3,1860.72
2024-10-17,9,58,1,237.85
2024-10-17,10,40,1,965.0
2024-10-17,11,24,0,0.0
2024-10-17,12,17,0,0.0
2024-10-18,1,196,3,683.14
2024-10-18,2,102,4,2494.98
2024-10-18,3,55,0,0.0
2024-10-18,4,54,0,0.0
2024-10-18,5,45,2,505.17
2024-10-18,6,40,2,1147.33
2024-10-18,7,34,0,0.0
2024-10-18,8,32,0,0.0
2024-10-18,9,50,2,653.87
2024-10-18,10,36,1,220.82
2024-10-18,11,20,0,0.0
2024-10-18,12,12,1,211.96
2024-10-19,1,257,8,5341.99
2024-10-19,2,131,4,2391.11
2024-10-19,3,72,1,221.28
2024-10-19,4,84,2,662.79
2024-10-19,5,57,0,0.0
2024-10-19,6,51,3,2885.73
2024-10-19,7,47,2,1292.47
2024-10-19,8,42,2,404.19
2024-10-19,9,66,0,0.0
2024-10-19,10,44,1,847.48
2024-10-19,11,28,0,0.0
2024-10-19,12,16,0,0.0
2024-10-20,1,230,11,4899.05
2024-10-20,2,127,2,1101.63
2024-10-20,3,70,1,259.51
2024-10-20,4,76,1,197.7
2024-10-20,5,49,1,268.29
2024-10-20,6,53,2,1193.44
2024-10-20,7,51,1,589.92
2024-10-20,8,43,1,275.35
2024-10-20,9,59,1,972.12
2024-10-20,10,42,4,1641.82
2024-10-20,11,25,0,0.0
2024-10-20,12,16,0,0.0
2024-10-21,1,269,6,2771.44
2024-10-21,2,133,2,884.78
2024-10-21,3,70,0,0.0
2024-10-21,4,73,2,1790.12
2024-10-21,5,57,1,1018.96
2024-10-21,6,57,1,179.23
2024-10-21,7,49,1,269.71
2024-10-21,8,47,1,875.4
2024-10-21,9,58,0,0.0
2024-10-21,10,47,1,135.36
2024-10-21,11,26,1,471.76
2024-10-21,12,17,0,0.0
2024-10-22,1,127,4,1849.51
2024-10-22,2,68,1,218.54
2024-10-22,3,37,1,288.41
2024-10-22,4,42,3,1696.17
2024-10-22,5,29,2,463.65
2024-10-22,6,28,2,1660.41
2024-10-22,7,23,0,0.0
2024-10-22,8,20,0,0.0
2024-10-22,9,28,2,365.08
2024-10-22,10,24,0,0.0
2024-10-22,11,13,0,0.0
2024-10-22,12,9,1,262.78
2024-10-23,1,237,7,4902.29
2024-10-23,2,114,3,2650.52
2024-10-23,3,62,1,177.02
2024-10-23,4,70,4,1127.5
2024-10-23,5,40,2,661.99
2024-10-23,6,48,0,0.0
2024-10-23,7,37,1,423.42
2024-10-23,8,36,0,0.0
2024-10-23,9,57,2,1515.58
2024-10-23,10,40,0,0.0
2024-10-23,11,22,1,2142.36
2024-10-23,12,15,1,465.96
2024-10-24,1,209,3,1413.19
2024-10-24,2,116,1,227.17
2024-10-24,3,52,1,151.32
2024-10-24,4,56,2,1159.49
2024-10-24,5,41,2,676.88
2024-10-24,6,43,0,0.0
2024-10-24,7,31,1,1141.56
2024-10-24,8,37,2,525.07
2024-10-24,9,47,4,2153.22
2024-10-24,10,34,0,0.0
2024-10-24,11,20,1,201.7
2024-10-24,12,13,0,0.0
2024-10-25,1,225,6,2625.3
2024-10-25,2,116,1,546.0
2024-10-25,3,68,2,640.59
2024-10-25,4,82,4,1838.62
2024-10-25,5,46,0,0.0
2024-10-25,6,55,2,1028.06
2024-10-25,7,43,0,0.0
2024-10-25,8,40,2,850.52
2024-10-25,9,58,3,2715.82
2024-10-25,10,42,0,0.0
2024-10-25,11,25,0,0.0
2024-10-25,12,17,0,0.0
2024-10-26,1,188,4,2745.37
2024-10-26,2,105,2,2246.44
2024-10-26,3,48,2,1009.79
2024-10-26,4,69,1,219.62
2024-10-26,5,45,2,471.83
2024-10-26,6,44,0,0.0
2024-10-26,7,34,0,0.0
2024-10-26,8,37,0,0.0
2024-10-26,9,53,1,567.84
2024-10-26,10,34,2,868.46
2024-10-26,11,21,1,821.68
2024-10-26,12,14,2,921.23
2024-10-27,1,231,7,4495.15
2024-10-27,2,117,1,207.72
2024-10-27,3,74,2,700.29
2024-10-27,4,76,1,251.77
2024-10-27,5,49,1,416.38
2024-10-27,6,59,2,938.63
2024-10-27,7,41,0,0.0
2024-10-27,8,41,1,1011.84
2024-10-27,9,52,1,484.2
2024-10-27,10,38,1,382.88
2024-10-27,11,25,0,0.0
2024-10-27,12,14,1,144.19
2024-10-28,1,249,10,5456.65
2024-10-28,2,137,2,1264.93
2024-10-28,3,68,2,1048.18
2024-10-28,4,77,1,219.0
2024-10-28,5,56,0,0.0
2024-10-28,6,55,4,2179.41
2024-10-28,7,43,1,461.76
2024-10-28,8,47,0,0.0
2024-10-28,9,63,4,1332.31
2024-10-28,10,45,0,0.0
2024-10-28,11,29,1,234.83
2024-10-28,12,18,0,0.0
2024-10-29,1,211,7,4278.81
2024-10-29,2,122,7,2112.49
2024-10-29,3,61,3,1793.68
2024-10-29,4,59,2,980.12
2024-10-29,5,44,2,1344.01
2024-10-29,6,47,1,1497.96
2024-10-29,7,40,1,444.4
2024-10-29,8,42,1,581.85
2024-10-29,9,53,2,1180.44
2024-10-29,10,38,0,0.0
2024-10-29,11,23,1,208.59
2024-10-29,12,14,2,639.58
2024-10-30,1,205,8,4872.64
2024-10-30,2,81,5,3207.25
2024-10-30,3,48,0,0.0
2024-10-30,4,64,2,672.52
2024-10-30,5,39,0,0.0
2024-10-30,6,37,0,0.0
2024-10-30,7,36,2,560.63
2024-10-30,8,33,0,0.0
2024-10-30,9,46,1,942.08
2024-10-30,10,33,0,0.0
2024-10-30,11,18,1,700.68
2024-10-30,12,12,0,0.0
2024-10-31,1,149,5,2267.5
2024-10-31,2,90,2,521.69
2024-10-31,3,44,0,0.0
2024-10-31,4,50,2,672.24
2024-10-31,5,35,0,0.0
2024-10-31,6,33,0,0.0
2024-10-31,7,27,0,0.0
2024-10-31,8,28,0,0.0
2024-10-31,9,40,1,539.92
2024-10-31,10,32,1,605.13
2024-10-31,11,15,0,0.0
2024-10-31,12,11,0,0.0
2024-11-01,1,207,3,970.3
2024-11-01,2,105,2,950.98
2024-11-01,3,54,3,1929.03
2024-11-01,4,59,2,757.69
2024-11-01,5,41,2,1207.39
2024-11-01,6,40,2,573.13
2024-11-01,7,30,2,375.55
2024-11-01,8,33,0,0.0
2024-11-01,9,48,1,196.64
2024-11-01,10,33,2,650.38
2024-11-01,11,20,1,917.8
2024-11-01,12,13,0,0.0
2024-11-02,1,421,12,4310.98
2024-11-02,2,207,4,1254.03
2024-11-02,3,110,1,201.68
2024-11-02,4,119,4,2186.08
2024-11-02,5,86,2,757.54
2024-11-02,6,76,3,1398.85
2024-11-02,7,64,1,1048.96
2024-11-02,8,72,0,0.0
2024-11-02,9,93,2,568.49
2024-11-02,10,68,0,0.0
2024-11-02,11,44,0,0.0
2024-11-02,12,28,1,491.42
2024-11-03,1,117,3,645.5
2024-11-03,2,55,2,1773.94
2024-11-03,3,30,1,344.26
2024-11-03,4,38,0,0.0
2024-11-03,5,22,2,400.79
2024-11-03,6,24,1,916.48
2024-11-03,7,21,1,312.34
2024-11-03,8,20,2,1013.1
2024-11-03,9,23,1,942.6
2024-11-03,10,21,0,0.0
2024-11-03,11,11,0,0.0
2024-11-03,12,7,0,0.0
2024-11-04,1,176,4,1873.78
2024-11-04,2,97,2,1077.82
2024-11-04,3,48,1,212.96
2024-11-04,4,58,1,997.36
2024-11-04,5,39,3,1413.02
2024-11-04,6,35,1,223.91
2024-11-04,7,34,2,1513.52
2024-11-04,8,32,2,1284.86
2024-11-04,9,44,2,1156.53
2024-11-04,10,32,0,0.0
2024-11-04,11,18,1,478.98
2024-11-04,12,12,0,0.0
2024-11-05,1,164,4,2635.42
2024-11-05,2,90,2,806.62
2024-11-05,3,49,3,1444.33
2024-11-05,4,62,2,922.31
2024-11-05,5,40,1,945.12
2024-11-05,6,37,0,0.0
2024-11-05,7,31,0,0.0
2024-11-05,8,31,0,0.0
2024-11-05,9,45,0,0.0
2024-11-05,10,33,1,319.68
2024-11-05,11,18,0,0.0
2024-11-05,12,12,1,687.51
2024-11-06,1,233,5,2433.67
2024-11-06,2,119,2,803.27
2024-11-06,3,65,2,378.45
2024-11-06,4,77,2,681.5
2024-11-06,5,52,2,1360.52
2024-11-06,6,44,2,2021.02
2024-11-06,7,39,0,0.0
2024-11-06,8,39,0,0.0
2024-11-06,9,55,4,895.63
2024-11-06,10,41,0,0.0
2024-11-06,11,23,2,631.08
2024-11-06,12,16,0,0.0
2024-11-07,1,218,4,1123.99
2024-11-07,2,115,2,1241.56
2024-11-07,3,56,3,1292.1
2024-11-07,4,69,3,582.37
2024-11-07,5,42,2,1223.16
2024-11-07,6,42,1,170.66
2024-11-07,7,34,1,223.82
2024-11-07,8,36,1,234.28
2024-11-07,9,45,0,0.0
2024-11-07,10,36,1,295.2
2024-11-07,11,21,0,0.0
2024-11-07,12,14,0,0.0
2024-11-08,1,168,5,2446.94
2024-11-08,2,93,0,0.0
2024-11-08,3,53,4,1580.0
2024-11-08,4,63,0,0.0
2024-11-08,5,37,2,441.88
2024-11-08,6,37,0,0.0
2024-11-08,7,33,1,248.3
2024-11-08,8,34,2,474.12
2024-11-08,9,46,1,170.23
2024-11-08,10,33,0,0.0
2024-11-08,11,19,1,1147.93
2024-11-08,12,11,0,0.0
2024-11-09,1,196,4,2164.36
2024-11-09,2,120,8,4764.61
2024-11-09,3,62,0,0.0
2024-11-09,4,60,3,1049.99
2024-11-09,5,46,2,622.22
2024-11-09,6,44,0,0.0
2024-11-09,7,36,1,616.29
2024-11-09,8,43,1,192.69
2024-11-09,9,54,1,721.02
2024-11-09,10,36,2,789.85
2024-11-09,11,22,0,0.0
2024-11-09,12,17,0,0.0
2024-11-10,1,62,1,237.14
2024-11-10,2,29,0,0.0
2024-11-10,3,19,1,237.48
2024-11-10,4,19,0,0.0
2024-11-10,5,13,1,199.61
2024-11-10,6,12,1,344.44
2024-11-10,7,10,0,0.0
2024-11-10,8,11,0,0.0
2024-11-10,9,15,0,0.0
2024-11-10,10,10,2,860.61
2024-11-10,11,6,0,0.0
2024-11-10,12,4,1,232.57
2024-11-11,1,220,9,2998.96
2024-11-11,2,104,2,709.28
2024-11-11,3,59,0,0.0
2024-11-11,4,64,5,2249.52
2024-11-11,5,38,1,915.56
2024-11-11,6,37,1,327.36
2024-11-11,7,35,2,689.31
2024-11-11,8,32,2,1380.9
2024-11-11,9,54,0,0.0
2024-11-11,10,35,0,0.0
2024-11-11,11,21,0,0.0
2024-11-11,12,16,0,0.0
2024-11-12,1,147,1,398.8
2024-11-12,2,77,2,525.09
2024-11-12,3,45,0,0.0
2024-11-12,4,47,4,1967.21
2024-11-12,5,33,2,1069.44
2024-11-12,6,31,2,748.63
2024-11-12,7,27,1,150.21
2024-11-12,8,28,1,198.82
2024-11-12,9,39,1,199.29
2024-11-12,10,25,1,1260.96
2024-11-12,11,14,0,0.0
2024-11-12,12,10,0,0.0
2024-11-13,1,115,8,3953.43
2024-11-13,2,64,1,496.86
2024-11-13,3,33,0,0.0
2024-11-13,4,38,0,0.0
2024-11-13,5,25,1,174.52
2024-11-13,6,25,0,0.0
2024-11-13,7,20,1,405.38
2024-11-13,8,20,1,1174.53
2024-11-13,9,27,0,0.0
2024-11-13,10,20,0,0.0
2024-11-13,11,11,2,362.96
2024-11-13,12,7,1,265.1
2024-11-14,1,170,8,5554.18
2024-11-14,2,86,1,226.45
2024-11-14,3,42,2,562.13
2024-11-14,4,46,1,783.88
2024-11-14,5,33,2,857.34
2024-11-14,6,36,2,835.21
2024-11-14,7,29,0,0.0
2024-11-14,8,30,0,0.0
2024-11-14,9,41,2,1024.24
2024-11-14,10,29,0,0.0
2024-11-14,11,17,1,523.29
2024-11-14,12,10,0,0.0
2024-11-15,1,184,7,2297.34
2024-11-15,2,108,0,0.0
2024-11-15,3,55,4,1842.88
2024-11-15,4,58,0,0.0
2024-11-15,5,40,1,195.53
2024-11-15,6,41,0,0.0
2024-11-15,7,33,0,0.0
2024-11-15,8,38,0,0.0
2024-11-15,9,47,1,239.05
2024-11-15,10,34,2,369.75
2024-11-15,11,20,0,0.0
2024-11-15,12,13,0,0.0
2024-11-16,1,178,8,4159.78
2024-11-16,2,94,2,829.43
2024-11-16,3,53,0,0.0
2024-11-16,4,60,2,1357.96
2024-11-16,5,39,1,200.07
2024-11-16,6,34,0,0.0
2024-11-16,7,33,0,0.0
2024-11-16,8,33,1,432.6
2024-11-16,9,44,0,0.0
2024-11-16,10,31,2,1039.94
2024-11-16,11,20,0,0.0
2024-11-16,12,12,0,0.0
2024-11-17,1,123,5,1302.78
2024-11-17,2,56,4,1345.94
2024-11-17,3,31,0,0.0
2024-11-17,4,39,0,0.0
2024-11-17,5,27,0,0.0
2024-11-17,6,23,1,188.4
2024-11-17,7,19,1,691.68
2024-11-17,8,21,0,0.0
2024-11-17,9,26,0,0.0
2024-11-17,10,19,0,0.0
2024-11-17,11,11,2,690.4
2024-11-17,12,8,0,0.0
2024-11-18,1,152,3,875.44
2024-11-18,2,78,0,0.0
2024-11-18,3,42,3,1057.78
2024-11-18,4,46,0,0.0
2024-11-18,5,31,0,0.0
2024-11-18,6,32,2,563.56
2024-11-18,7,23,0,0.0
2024-11-18,8,25,1,165.16
2024-11-18,9,38,1,636.0
2024-11-18,10,25,2,331.6
2024-11-18,11,16,1,191.46
2024-11-18,12,9,0,0.0
2024-11-19,1,239,4,3703.64
2024-11-19,2,127,6,2822.83
2024-11-19,3,70,2,1041.95
2024-11-19,4,78,0,0.0
2024-11-19,5,50,1,163.39
2024-11-19,6,55,2,874.49
2024-11-19,7,42,0,0.0
2024-11-19,8,42,0,0.0
2024-11-19,9,58,2,941.46
2024-11-19,10,44,0,0.0
2024-11-19,11,26,2,361.54
2024-11-19,12,19,0,0.0
2024-11-20,1,132,6,1926.13
2024-11-20,2,71,2,812.81
2024-11-20,3,41,0,0.0
2024-11-20,4,42,1,804.28
2024-11-20,5,27,2,712.24
2024-11-20,6,27,0,0.0
2024-11-20,7,25,2,844.83
2024-11-20,8,24,2,1607.43
2024-11-20,9,29,5,1657.16
2024-11-20,10,24,0,0.0
2024-11-20,11,13,1,691.2
2024-11-20,12,9,0,0.0
2024-11-21,1,186,6,2819.87
2024-11-21,2,98,4,1362.85
2024-11-21,3,49,0,0.0
2024-11-21,4,52,0,0.0
2024-11-21,5,33,0,0.0
2024-11-21,6,34,0,0.0
2024-11-21,7,34,1,363.8
2024-11-21,8,34,1,238.0
2024-11-21,9,48,2,899.59
2024-11-21,10,28,0,0.0
2024-11-21,11,20,0,0.0
2024-11-21,12,13,0,0.0
2024-11-22,1,118,2,998.55
2024-11-22,2,71,4,1357.87
2024-11-22,3,36,1,191.73
2024-11-22,4,44,0,0.0
2024-11-22,5,28,1,152.98
2024-11-22,6,24,0,0.0
2024-11-22,7,22,1,171.71
2024-11-22,8,22,0,0.0
2024-11-22,9,30,2,1076.07
2024-11-22,10,24,0,0.0
2024-11-22,11,12,1,333.0
2024-11-22,12,8,0,0.0
2024-11-23,1,188,5,1187.74
2024-11-23,2,105,0,0.0
2024-11-23,3,55,0,0.0
2024-11-23,4,66,1,174.24
2024-11-23,5,46,1,808.56
2024-11-23,6,39,0,0.0
2024-11-23,7,36,1,427.71
2024-11-23,8,37,3,1816.76
2024-11-23,9,43,2,917.76
2024-11-23,10,35,1,819.72
2024-11-23,11,22,1,379.6
2024-11-23,12,13,0,0.0
2024-11-24,1,196,2,789.0
2024-11-24,2,95,3,2562.92
2024-11-24,3,52,3,2674.68
2024-11-24,4,63,3,1614.63
2024-11-24,5,36,1,289.42
2024-11-24,6,41,2,585.23
2024-11-24,7,33,3,617.01
2024-11-24,8,33,1,917.92
2024-11-24,9,47,2,1086.56
2024-11-24,10,35,0,0.0
2024-11-24,11,22,1,223.83
2024-11-24,12,13,0,0.0
2024-11-25,1,141,7,2612.09
2024-11-25,2,76,2,661.19
2024-11-25,3,36,2,741.88
2024-11-25,4,43,0,0.0
2024-11-25,5,29,0,0.0
2024-11-25,6,28,1,435.14
2024-11-25,7,24,0,0.0
2024-11-25,8,28,0,0.0
2024-11-25,9,28,0,0.0
2024-11-25,10,24,1,665.32
2024-11-25,11,13,0,0.0
2024-11-25,12,9,0,0.0
2024-11-26,1,240,4,2747.12
2024-11-26,2,124,2,357.88
2024-11-26,3,75,0,0.0
2024-11-26,4,81,0,0.0
2024-11-26,5,51,0,0.0
2024-11-26,6,45,2,1076.94
2024-11-26,7,44,0,0.0
2024-11-26,8,45,0,0.0
2024-11-26,9,56,1,177.71
2024-11-26,10,47,1,449.22
2024-11-26,11,25,1,168.32
2024-11-26,12,16,1,186.71
2024-11-27,1,136,3,2141.73
2024-11-27,2,78,0,0.0
2024-11-27,3,34,1,410.28
2024-11-27,4,41,0,0.0
2024-11-27,5,29,1,385.64
2024-11-27,6,29,0,0.0
2024-11-27,7,21,3,582.38
2024-11-27,8,22,2,540.88
2024-11-27,9,32,1,159.18
2024-11-27,10,24,1,787.2
2024-11-27,11,15,1,576.03
2024-11-27,12,9,1,866.12
2024-11-28,1,246,2,985.15
2024-11-28,2,105,3,497.09
2024-11-28,3,61,1,443.64
2024-11-28,4,72,3,1151.61
2024-11-28,5,46,2,1332.4
2024-11-28,6,50,2,479.71
2024-11-28,7,40,1,353.84
2024-11-28,8,34,2,665.98
2024-11-28,9,53,0,0.0
2024-11-28,10,39,0,0.0
2024-11-28,11,22,1,201.55
2024-11-28,12,16,0,0.0
2024-11-29,1,148,3,1135.27
2024-11-29,2,83,2,461.98
2024-11-29,3,41,1,683.28
2024-11-29,4,47,1,318.22
2024-11-29,5,29,1,181.57
2024-11-29,6,26,0,0.0
2024-11-29,7,24,0,0.0
2024-11-29,8,22,0,0.0
2024-11-29,9,32,2,534.95
2024-11-29,10,26,0,0.0
2024-11-29,11,15,1,408.74
2024-11-29,12,10,0,0.0
2024-11-30,1,163,5,2602.2
2024-11-30,2,85,4,1041.49
2024-11-30,3,46,0,0.0
2024-11-30,4,45,0,0.0
2024-11-30,5,37,0,0.0
2024-11-30,6,30,0,0.0
2024-11-30,7,26,1,580.02
2024-11-30,8,28,1,158.63
2024-11-30,9,37,0,0.0
2024-11-30,10,27,3,715.77
2024-11-30,11,17,1,137.22
2024-11-30,12,11,0,0.0
2024-12-01,1,238,2,1257.47
2024-12-01,2,136,2,855.53
2024-12-01,3,69,2,381.23
2024-12-01,4,56,1,320.02
2024-12-01,5,45,1,335.84
2024-12-01,6,54,1,554.2
2024-12-01,7,55,1,642.72
2024-12-01,8,42,1,221.59
2024-12-01,9,79,1,357.0
2024-12-01,10,53,2,357.73
2024-12-01,11,33,3,892.21
2024-12-01,12,18,0,0.0
2024-12-02,1,170,5,2254.56
2024-12-02,2,85,2,1268.56
2024-12-02,3,50,1,247.0
2024-12-02,4,40,0,0.0
2024-12-02,5,30,1,146.19
2024-12-02,6,35,2,1088.56
2024-12-02,7,41,1,530.19
2024-12-02,8,29,1,870.2
2024-12-02,9,51,0,0.0
2024-12-02,10,33,2,865.8
2024-12-02,11,22,0,0.0
2024-12-02,12,12,0,0.0
2024-12-03,1,151,4,1239.98
2024-12-03,2,92,2,1029.16
2024-12-03,3,46,0,0.0
2024-12-03,4,36,0,0.0
2024-12-03,5,27,0,0.0
2024-12-03,6,33,2,686.06
2024-12-03,7,34,2,1196.32
2024-12-03,8,25,0,0.0
2024-12-03,9,48,2,866.21
2024-12-03,10,30,1,579.8
2024-12-03,11,20,0,0.0
2024-12-03,12,11,1,935.62
2024-12-04,1,95,2,325.14
2024-12-04,2,57,1,196.17
2024-12-04,3,26,1,214.96
2024-12-04,4,17,1,514.41
2024-12-04,5,18,0,0.0
2024-12-04,6,18,1,749.64
2024-12-04,7,19,1,132.42
2024-12-04,8,16,1,485.76
2024-12-04,9,28,0,0.0
2024-12-04,10,22,1,565.47
2024-12-04,11,12,1,680.8
2024-12-04,12,6,0,0.0
2024-12-05,1,108,5,1842.8
2024-12-05,2,58,3,2944.93
2024-12-05,3,32,1,778.88
2024-12-05,4,23,1,182.55
2024-12-05,5,20,2,1575.38
2024-12-05,6,24,0,0.0
2024-12-05,7,24,0,0.0
2024-12-05,8,17,0,0.0
2024-12-05,9,30,1,959.46
2024-12-05,10,25,1,492.03
2024-12-05,11,14,1,169.57
2024-12-05,12,7,0,0.0
2024-12-06,1,141,4,1660.6
2024-12-06,2,79,1,158.03
2024-12-06,3,41,2,727.24
2024-12-06,4,33,0,0.0
2024-12-06,5,26,1,468.78
2024-12-06,6,32,0,0.0
2024-12-06,7,35,2,842.52
2024-12-06,8,25,0,0.0
2024-12-06,9,39,2,523.99
2024-12-06,10,31,2,333.19
2024-12-06,11,20,1,162.7
2024-12-06,12,10,0,0.0
2024-12-07,1,110,1,305.86
2024-12-07,2,49,3,1241.93
2024-12-07,3,27,1,463.29
2024-12-07,4,21,0,0.0
2024-12-07,5,18,0,0.0
2024-12-07,6,21,0,0.0
2024-12-07,7,23,0,0.0
2024-12-07,8,17,1,164.28
2024-12-07,9,28,3,1573.8
2024-12-07,10,21,2,383.45
2024-12-07,11,12,0,0.0
2024-12-07,12,6,0,0.0
2024-12-08,1,213,1,159.78
2024-12-08,2,102,3,690.91
2024-12-08,3,51,1,186.71
2024-12-08,4,42,2,678.52
2024-12-08,5,32,1,1553.76
2024-12-08,6,40,0,0.0
2024-12-08,7,42,0,0.0
2024-12-08,8,33,1,259.12
2024-12-08,9,52,1,331.46
2024-12-08,10,40,4,1203.74
2024-12-08,11,25,0,0.0
2024-12-08,12,13,0,0.0
2024-12-09,1,186,9,2469.42
2024-12-09,2,107,1,187.96
2024-12-09,3,47,0,0.0
2024-12-09,4,39,3,464.38
2024-12-09,5,32,0,0.0
2024-12-09,6,37,1,153.11
2024-12-09,7,38,0,0.0
2024-12-09,8,28,0,0.0
2024-12-09,9,46,0,0.0
2024-12-09,10,37,2,303.81
2024-12-09,11,22,0,0.0
2024-12-09,12,12,0,0.0
2024-12-10,1,130,5,1831.01
2024-12-10,2,84,0,0.0
2024-12-10,3,40,2,598.07
2024-12-10,4,30,0,0.0
2024-12-10,5,24,0,0.0
2024-12-10,6,28,2,1780.76
2024-12-10,7,32,0,0.0
2024-12-10,8,23,0,0.0
2024-12-10,9,41,1,167.18
2024-12-10,10,32,0,0.0
2024-12-10,11,19,0,0.0
2024-12-10,12,9,0,0.0
2024-12-11,1,156,3,890.94
2024-12-11,2,91,2,491.31
2024-12-11,3,43,1,187.48
2024-12-11,4,33,3,1501.94
2024-12-11,5,28,0,0.0
2024-12-11,6,31,1,770.88
2024-12-11,7,35,1,514.14
2024-12-11,8,24,2,794.92
2024-12-11,9,43,1,386.28
2024-12-11,10,33,0,0.0
2024-12-11,11,21,0,0.0
2024-12-11,12,10,0,0.0
2024-12-12,1,258,1,1175.34
2024-12-12,2,153,4,1226.97
2024-12-12,3,71,3,1041.45
2024-12-12,4,53,1,358.18
2024-12-12,5,44,1,725.8
2024-12-12,6,51,2,843.02
2024-12-12,7,56,2,668.8
2024-12-12,8,45,0,0.0
2024-12-12,9,70,2,1105.22
2024-12-12,10,57,0,0.0
2024-12-12,11,32,2,358.86
2024-12-12,12,17,1,150.63
2024-12-13,1,127,5,1564.2
2024-12-13,2,66,2,1256.68
2024-12-13,3,36,2,342.75
2024-12-13,4,29,0,0.0
2024-12-13,5,22,0,0.0
2024-12-13,6,27,0,0.0
2024-12-13,7,30,2,837.23
2024-12-13,8,20,1,206.98
2024-12-13,9,35,0,0.0
2024-12-13,10,32,1,139.66
2024-12-13,11,16,2,867.28
2024-12-13,12,9,0,0.0
2024-12-14,1,164,3,873.65
2024-12-14,2,91,2,750.79
2024-12-14,3,40,1,289.22
2024-12-14,4,32,1,697.48
2024-12-14,5,25,0,0.0
2024-12-14,6,28,1,914.8
2024-12-14,7,34,4,1396.0
2024-12-14,8,25,0,0.0
2024-12-14,9,44,2,983.8
2024-12-14,10,32,0,0.0
2024-12-14,11,19,1,760.16
2024-12-14,12,10,0,0.0
2024-12-15,1,127,2,702.35
2024-12-15,2,69,0,0.0
2024-12-15,3,32,2,307.17
2024-12-15,4,25,1,275.5
2024-12-15,5,20,1,1264.8
2024-12-15,6,24,0,0.0
2024-12-15,7,26,0,0.0
2024-12-15,8,18,1,400.66
2024-12-15,9,33,1,491.22
2024-12-15,10,25,1,1108.62
2024-12-15,11,16,2,299.46
2024-12-15,12,7,1,759.0
2024-12-16,1,97,3,1330.8
2024-12-16,2,53,1,183.67
2024-12-16,3,27,0,0.0
2024-12-16,4,22,0,0.0
2024-12-16,5,17,1,171.15
2024-12-16,6,23,1,156.44
2024-12-16,7,25,1,367.2
2024-12-16,8,17,0,0.0
2024-12-16,9,28,1,153.71
2024-12-16,10,21,1,170.2
2024-12-16,11,13,1,180.56
2024-12-16,12,6,0,0.0
2024-12-17,1,118,4,1687.77
2024-12-17,2,54,0,0.0
2024-12-17,3,31,2,508.11
2024-12-17,4,26,3,954.26
2024-12-17,5,20,0,0.0
2024-12-17,6,23,1,707.2
2024-12-17,7,26,0,0.0
2024-12-17,8,18,1,164.25
2024-12-17,9,34,2,2095.47
2024-12-17,10,23,0,0.0
2024-12-17,11,15,0,0.0
2024-12-17,12,8,0,0.0
2024-12-18,1,199,4,1457.65
2024-12-18,2,96,1,188.07
2024-12-18,3,45,3,1500.61
2024-12-18,4,37,0,0.0
2024-12-18,5,32,0,0.0
2024-12-18,6,38,1,522.06
2024-12-18,7,40,2,412.0
2024-12-18,8,27,0,0.0
2024-12-18,9,52,0,0.0
2024-12-18,10,39,1,371.28
2024-12-18,11,22,0,0.0
2024-12-18,12,13,1,259.58
2024-12-19,1,284,10,3145.53
2024-12-19,2,158,3,986.15
2024-12-19,3,90,3,481.36
2024-12-19,4,64,1,551.4
2024-12-19,5,54,1,156.67
2024-12-19,6,61,0,0.0
2024-12-19,7,64,2,665.9
2024-12-19,8,46,2,312.27
2024-12-19,9,90,0,0.0
2024-12-19,10,67,2,605.94
2024-12-19,11,41,0,0.0
2024-12-19,12,18,0,0.0
2024-12-20,1,104,2,871.88
2024-12-20,2,65,3,1322.62
2024-12-20,3,30,0,0.0
2024-12-20,4,24,0,0.0
2024-12-20,5,19,2,1367.89
2024-12-20,6,22,0,0.0
2024-12-20,7,27,1,875.76
2024-12-20,8,18,1,182.49
2024-12-20,9,37,0,0.0
2024-12-20,10,25,0,0.0
2024-12-20,11,16,0,0.0
2024-12-20,12,8,0,0.0
2024-12-21,1,124,5,1150.02
2024-12-21,2,72,2,904.27
2024-12-21,3,35,0,0.0
2024-12-21,4,29,0,0.0
2024-12-21,5,22,1,434.07
2024-12-21,6,27,1,119.0
2024-12-21,7,27,1,121.74
2024-12-21,8,22,0,0.0
2024-12-21,9,31,3,1078.76
2024-12-21,10,29,1,179.54
2024-12-21,11,15,0,0.0
2024-12-21,12,9,0,0.0
2024-12-22,1,122,4,1522.29
2024-12-22,2,72,1,881.15
2024-12-22,3,33,3,1141.78
2024-12-22,4,28,3,975.3
2024-12-22,5,23,0,0.0
2024-12-22,6,26,0,0.0
2024-12-22,7,28,2,683.96
2024-12-22,8,20,0,0.0
2024-12-22,9,36,1,714.0
2024-12-22,10,28,2,889.94
2024-12-22,11,16,0,0.0
2024-12-22,12,8,0,0.0
2024-12-23,1,204,3,688.07
2024-12-23,2,126,0,0.0
2024-12-23,3,54,2,967.44
2024-12-23,4,46,1,229.03
2024-12-23,5,40,0,0.0
2024-12-23,6,48,1,500.97
2024-12-23,7,52,1,504.63
2024-12-23,8,39,0,0.0
2024-12-23,9,64,3,1185.7
2024-12-23,10,46,4,1329.31
2024-12-23,11,28,0,0.0
2024-12-23,12,15,0,0.0
2024-12-24,1,206,9,2881.13
2024-12-24,2,117,4,2343.62
2024-12-24,3,55,2,807.24
2024-12-24,4,54,1,165.53
2024-12-24,5,37,0,0.0
2024-12-24,6,47,0,0.0
2024-12-24,7,45,0,0.0
2024-12-24,8,33,1,335.16
2024-12-24,9,62,0,0.0
2024-12-24,10,41,0,0.0
2024-12-24,11,27,0,0.0
2024-12-24,12,14,0,0.0
2024-12-25,1,179,2,1672.06
2024-12-25,2,85,2,914.76
2024-12-25,3,42,2,1316.83
2024-12-25,4,36,1,239.08
2024-12-25,5,27,0,0.0
2024-12-25,6,33,0,0.0
2024-12-25,7,36,2,518.59
2024-12-25,8,27,0,0.0
2024-12-25,9,46,1,167.91
2024-12-25,10,34,1,119.0
2024-12-25,11,20,1,411.16
2024-12-25,12,9,0,0.0
2024-12-26,1,225,3,987.83
2024-12-26,2,103,2,284.06
2024-12-26,3,54,2,1050.72
2024-12-26,4,43,1,286.56
2024-12-26,5,38,2,709.34
2024-12-26,6,42,0,0.0
2024-12-26,7,47,2,273.63
2024-12-26,8,32,0,0.0
2024-12-26,9,55,3,1304.12
2024-12-26,10,41,3,873.26
2024-12-26,11,27,0,0.0
2024-12-26,12,14,1,296.04
2024-12-27,1,96,5,1664.66
2024-12-27,2,61,1,483.42
2024-12-27,3,28,0,0.0
2024-12-27,4,20,0,0.0
2024-12-27,5,15,0,0.0
2024-12-27,6,21,1,148.9
2024-12-27,7,22,1,166.87
2024-12-27,8,14,0,0.0
2024-12-27,9,27,0,0.0
2024-12-27,10,20,2,545.96
2024-12-27,11,12,0,0.0
2024-12-27,12,6,0,0.0
2024-12-28,1,172,1,150.04
2024-12-28,2,88,0,0.0
2024-12-28,3,50,2,319.04
2024-12-28,4,35,0,0.0
2024-12-28,5,31,1,1052.87
2024-12-28,6,33,2,316.02
2024-12-28,7,35,1,171.41
2024-12-28,8,25,2,1142.59
2024-12-28,9,49,2,479.52
2024-12-28,10,40,3,1205.67
2024-12-28,11,23,1,173.03
2024-12-28,12,11,1,464.13
2024-12-29,1,149,4,1200.51
2024-12-29,2,70,2,496.97
2024-12-29,3,36,2,1376.44
2024-12-29,4,26,0,0.0
2024-12-29,5,25,1,623.4
2024-12-29,6,26,0,0.0
2024-12-29,7,29,2,1559.11
2024-12-29,8,22,0,0.0
2024-12-29,9,39,1,158.11
2024-12-29,10,27,0,0.0
2024-12-29,11,17,1,238.0
2024-12-29,12,8,1,149.15
2024-12-30,1,159,6,4221.08
2024-12-30,2,83,2,853.7
2024-12-30,3,46,1,307.02
2024-12-30,4,33,1,524.04
2024-12-30,5,28,0,0.0
2024-12-30,6,33,1,148.91
2024-12-30,7,38,0,0.0
2024-12-30,8,26,0,0.0
2024-12-30,9,46,0,0.0
2024-12-30,10,34,0,0.0
2024-12-30,11,20,0,0.0
2024-12-30,12,11,0,0.0
2024-12-31,1,105,3,900.97
2024-12-31,2,52,5,1230.26
2024-12-31,3,29,0,0.0
2024-12-31,4,23,1,197.11
2024-12-31,5,18,1,161.0
2024-12-31,6,23,0,0.0
2024-12-31,7,25,0,0.0
2024-12-31,8,18,0,0.0
2024-12-31,9,28,2,1176.54
2024-12-31,10,21,0,0.0
2024-12-31,11,13,1,338.8
2024-12-31,12,6,0,0.0
2025-01-01,1,99,2,915.84
2025-01-01,2,54,0,0.0
2025-01-01,3,29,1,132.45
2025-01-01,4,23,1,124.75
2025-01-01,5,19,1,147.53
2025-01-01,6,21,0,0.0
2025-01-01,7,22,1,609.44
2025-01-01,8,19,1,224.31
2025-01-01,9,32,1,238.0
2025-01-01,10,25,0,0.0
2025-01-01,11,12,1,585.08
2025-01-01,12,7,0,0.0
2025-01-02,1,160,6,1678.33
2025-01-02,2,88,2,554.9
2025-01-02,3,41,1,967.8
2025-01-02,4,31,1,517.92
2025-01-02,5,26,1,343.3
2025-01-02,6,30,1,147.34
2025-01-02,7,32,0,0.0
2025-01-02,8,25,1,654.0
2025-01-02,9,45,1,341.94
2025-01-02,10,31,0,0.0
2025-01-02,11,20,1,744.36
2025-01-02,12,9,0,0.0
2025-01-03,1,105,4,1950.65
2025-01-03,2,62,0,0.0
2025-01-03,3,31,0,0.0
2025-01-03,4,25,0,0.0
2025-01-03,5,20,2,676.82
2025-01-03,6,24,1,215.03
2025-01-03,7,26,1,414.4
2025-01-03,8,19,0,0.0
2025-01-03,9,36,0,0.0
2025-01-03,10,22,0,0.0
2025-01-03,11,14,0,0.0
2025-01-03,12,7,0,0.0
2025-01-04,1,164,4,722.17
2025-01-04,2,86,4,1181.87
2025-01-04,3,50,1,160.31
2025-01-04,4,35,0,0.0
2025-01-04,5,32,1,767.92
2025-01-04,6,34,3,1152.77
2025-01-04,7,40,1,316.94
2025-01-04,8,28,0,0.0
2025-01-04,9,43,1,522.36
2025-01-04,10,35,2,870.02
2025-01-04,11,19,1,712.8
2025-01-04,12,11,1,927.76
2025-01-05,1,219,7,2470.78
2025-01-05,2,109,4,968.11
2025-01-05,3,55,1,531.45
2025-01-05,4,46,1,856.95
2025-01-05,5,29,0,0.0
2025-01-05,6,37,0,0.0
2025-01-05,7,45,2,959.06
2025-01-05,8,30,0,0.0
2025-01-05,9,56,0,0.0
2025-01-05,10,43,2,629.32
2025-01-05,11,27,2,321.33
2025-01-05,12,15,1,337.48
2025-01-06,1,214,12,6716.37
2025-01-06,2,110,1,615.6
2025-01-06,3,53,0,0.0
2025-01-06,4,50,1,267.82
2025-01-06,5,37,2,1037.44
2025-01-06,6,40,2,791.49
2025-01-06,7,51,0,0.0
2025-01-06,8,32,0,0.0
2025-01-06,9,62,0,0.0
2025-01-06,10,45,1,383.88
2025-01-06,11,25,0,0.0
2025-01-06,12,11,0,0.0
2025-01-07,1,125,4,800.98
2025-01-07,2,78,0,0.0
2025-01-07,3,36,2,343.05
2025-01-07,4,31,3,1716.58
2025-01-07,5,22,0,0.0
2025-01-07,6,27,0,0.0
2025-01-07,7,30,1,194.4
2025-01-07,8,22,0,0.0
2025-01-07,9,38,1,843.2
2025-01-07,10,28,1,641.8
2025-01-07,11,14,2,710.23
2025-01-07,12,9,1,824.15
2025-01-08,1,211,4,2201.67
2025-01-08,2,103,4,1158.05
2025-01-08,3,52,0,0.0
2025-01-08,4,40,0,0.0
2025-01-08,5,27,3,1327.55
2025-01-08,6,37,1,624.4
2025-01-08,7,41,1,707.6
2025-01-08,8,31,2,480.19
2025-01-08,9,50,2,529.27
2025-01-08,10,39,0,0.0
2025-01-08,11,21,0,0.0
2025-01-08,12,13,0,0.0
2025-01-09,1,75,3,1904.48
2025-01-09,2,44,0,0.0
2025-01-09,3,19,1,143.34
2025-01-09,4,16,1,460.29
2025-01-09,5,13,1,180.22
2025-01-09,6,15,1,168.34
2025-01-09,7,15,0,0.0
2025-01-09,8,12,0,0.0
2025-01-09,9,22,1,1078.08
2025-01-09,10,16,0,0.0
2025-01-09,11,9,0,0.0
2025-01-09,12,5,0,0.0
2025-01-10,1,169,7,3117.55
2025-01-10,2,89,1,186.41
2025-01-10,3,39,1,150.84
2025-01-10,4,35,0,0.0
2025-01-10,5,27,1,140.47
2025-01-10,6,33,1,932.0
2025-01-10,7,34,0,0.0
2025-01-10,8,22,0,0.0
2025-01-10,9,49,1,149.76
2025-01-10,10,35,1,301.78
2025-01-10,11,20,0,0.0
2025-01-10,12,11,0,0.0
2025-01-11,1,158,3,1624.42
2025-01-11,2,81,1,449.46
2025-01-11,3,47,0,0.0
2025-01-11,4,35,2,364.35
2025-01-11,5,27,0,0.0
2025-01-11,6,32,3,1165.71
2025-01-11,7,37,1,181.04
2025-01-11,8,25,3,1936.42
2025-01-11,9,48,3,2583.34
2025-01-11,10,31,2,834.59
2025-01-11,11,21,1,537.99
2025-01-11,12,10,1,292.5
2025-01-12,1,136,2,356.71
2025-01-12,2,71,6,2426.66
2025-01-12,3,33,0,0.0
2025-01-12,4,29,1,192.86
2025-01-12,5,22,1,144.7
2025-01-12,6,24,0,0.0
2025-01-12,7,28,1,450.66
2025-01-12,8,20,2,369.29
2025-01-12,9,41,0,0.0
2025-01-12,10,28,0,0.0
2025-01-12,11,17,0,0.0
2025-01-12,12,9,0,0.0
2025-01-13,1,136,6,1887.58
2025-01-13,2,83,1,450.21
2025-01-13,3,40,4,1328.09
2025-01-13,4,29,1,150.37
2025-01-13,5,26,0,0.0
2025-01-13,6,30,0,0.0
2025-01-13,7,36,0,0.0
2025-01-13,8,22,0,0.0
2025-01-13,9,46,1,407.13
2025-01-13,10,31,2,480.15
2025-01-13,11,19,0,0.0
2025-01-13,12,9,0,0.0
2025-01-14,1,190,6,1252.51
2025-01-14,2,89,4,1437.27
2025-01-14,3,42,1,688.88
2025-01-14,4,34,1,652.2
2025-01-14,5,25,1,434.02
2025-01-14,6,34,0,0.0
2025-01-14,7,33,0,0.0
2025-01-14,8,26,0,0.0
2025-01-14,9,44,2,433.8
2025-01-14,10,37,1,164.98
2025-01-14,11,22,0,0.0
2025-01-14,12,11,0,0.0
2025-01-15,1,91,2,476.97
2025-01-15,2,49,1,238.0
2025-01-15,3,24,1,476.0
2025-01-15,4,19,0,0.0
2025-01-15,5,17,0,0.0
2025-01-15,6,19,0,0.0
2025-01-15,7,19,0,0.0
2025-01-15,8,15,1,268.04
2025-01-15,9,25,0,0.0
2025-01-15,10,18,1,1059.06
2025-01-15,11,11,2,479.63
2025-01-15,12,6,0,0.0
2025-01-16,1,211,7,2589.33
2025-01-16,2,132,4,1409.96
2025-01-16,3,59,0,0.0
2025-01-16,4,46,2,1401.63
2025-01-16,5,40,1,442.7
2025-01-16,6,43,3,1006.28
2025-01-16,7,49,0,0.0
2025-01-16,8,39,2,727.48
2025-01-16,9,64,0,0.0
2025-01-16,10,49,0,0.0
2025-01-16,11,27,0,0.0
2025-01-16,12,12,0,0.0
2025-01-17,1,193,5,1582.92
2025-01-17,2,109,1,425.44
2025-01-17,3,61,3,686.39
2025-01-17,4,39,0,0.0
2025-01-17,5,37,4,1550.74
2025-01-17,6,42,4,1249.14
2025-01-17,7,44,0,0.0
2025-01-17,8,32,0,0.0
2025-01-17,9,58,3,645.5
2025-01-17,10,43,1,119.0
2025-01-17,11,25,1,357.0
2025-01-17,12,13,1,1126.44
2025-01-18,1,106,5,1686.14
2025-01-18,2,52,1,156.83
2025-01-18,3,26,0,0.0
2025-01-18,4,24,0,0.0
2025-01-18,5,16,0,0.0
2025-01-18,6,21,2,628.47
2025-01-18,7,21,1,497.44
2025-01-18,8,16,0,0.0
2025-01-18,9,30,1,154.73
2025-01-18,10,21,0,0.0
2025-01-18,11,12,0,0.0
2025-01-18,12,6,0,0.0
2025-01-19,1,210,5,2530.43
2025-01-19,2,129,2,421.19
2025-01-19,3,68,3,1224.74
2025-01-19,4,49,2,365.8
2025-01-19,5,37,3,1170.63
2025-01-19,6,51,1,610.22
2025-01-19,7,45,1,136.53
2025-01-19,8,38,0,0.0
2025-01-19,9,65,0,0.0
2025-01-19,10,56,0,0.0
2025-01-19,11,30,0,0.0
2025-01-19,12,15,2,534.52
2025-01-20,1,83,3,1249.24
2025-01-20,2,50,4,2043.72
2025-01-20,3,25,1,829.72
2025-01-20,4,16,0,0.0
2025-01-20,5,15,1,550.89
2025-01-20,6,18,0,0.0
2025-01-20,7,19,0,0.0
2025-01-20,8,15,0,0.0
2025-01-20,9,26,1,119.0
2025-01-20,10,18,0,0.0
2025-01-20,11,10,0,0.0
2025-01-20,12,5,0,0.0
2025-01-21,1,114,7,2986.46
2025-01-21,2,58,0,0.0
2025-01-21,3,34,3,1668.3
2025-01-21,4,24,0,0.0
2025-01-21,5,19,2,756.4
2025-01-21,6,27,0,0.0
2025-01-21,7,26,1,917.19
2025-01-21,8,18,1,188.08
2025-01-21,9,35,1,556.8
2025-01-21,10,23,1,575.2
2025-01-21,11,14,1,169.8
2025-01-21,12,8,0,0.0
2025-01-22,1,207,9,2979.08
2025-01-22,2,121,1,687.68
2025-01-22,3,61,1,135.48
2025-01-22,4,50,2,330.6
2025-01-22,5,39,4,1458.74
2025-01-22,6,46,1,561.69
2025-01-22,7,51,0,0.0
2025-01-22,8,35,2,361.36
2025-01-22,9,63,2,882.26
2025-01-22,10,49,0,0.0
2025-01-22,11,30,0,0.0
2025-01-22,12,14,0,0.0
2025-01-23,1,132,3,1761.82
2025-01-23,2,68,5,2910.93
2025-01-23,3,35,0,0.0
2025-01-23,4,30,1,1027.56
2025-01-23,5,21,1,373.3
2025-01-23,6,24,0,0.0
2025-01-23,7,27,3,521.53
2025-01-23,8,21,0,0.0
2025-01-23,9,38,1,390.8
2025-01-23,10,29,0,0.0
2025-01-23,11,16,0,0.0
2025-01-23,12,9,1,808.62
2025-01-24,1,183,4,1533.22
2025-01-24,2,93,4,1153.2
2025-01-24,3,49,0,0.0
2025-01-24,4,41,2,791.97
2025-01-24,5,38,2,1152.82
2025-01-24,6,36,0,0.0
2025-01-24,7,44,0,0.0
2025-01-24,8,32,2,478.42
2025-01-24,9,52,2,765.64
2025-01-24,10,41,0,0.0
2025-01-24,11,22,0,0.0
2025-01-24,12,12,0,0.0
2025-01-25,1,204,3,1265.37
2025-01-25,2,117,3,1413.2
2025-01-25,3,62,2,1068.65
2025-01-25,4,43,1,1173.72
2025-01-25,5,41,2,637.0
2025-01-25,6,47,2,785.02
2025-01-25,7,49,0,0.0
2025-01-25,8,36,0,0.0
2025-01-25,9,71,5,3017.75
2025-01-25,10,47,1,485.16
2025-01-25,11,27,0,0.0
2025-01-25,12,15,0,0.0
2025-01-26,1,206,5,2581.66
2025-01-26,2,102,2,1357.58
2025-01-26,3,60,1,194.16
2025-01-26,4,40,0,0.0
2025-01-26,5,38,0,0.0
2025-01-26,6,51,2,521.33
2025-01-26,7,50,1,620.43
2025-01-26,8,36,2,1190.01
2025-01-26,9,55,2,1220.49
2025-01-26,10,46,2,1354.88
2025-01-26,11,25,0,0.0
2025-01-26,12,14,1,191.65
2025-01-27,1,132,5,1748.56
2025-01-27,2,67,1,1469.1
2025-01-27,3,32,1,450.0
2025-01-27,4,26,1,214.4
2025-01-27,5,21,0,0.0
2025-01-27,6,26,0,0.0
2025-01-27,7,30,0,0.0
2025-01-27,8,20,2,843.87
2025-01-27,9,34,2,813.93
2025-01-27,10,26,1,140.68
2025-01-27,11,17,0,0.0
2025-01-27,12,8,0,0.0
2025-01-28,1,320,5,1245.38
2025-01-28,2,173,4,1010.4
2025-01-28,3,80,4,2048.24
2025-01-28,4,65,0,0.0
2025-01-28,5,53,0,0.0
2025-01-28,6,67,0,0.0
2025-01-28,7,69,2,1574.64
2025-01-28,8,56,1,393.02
2025-01-28,9,95,2,1054.96
2025-01-28,10,76,3,976.16
2025-01-28,11,44,0,0.0
2025-01-28,12,23,1,159.85
2025-01-29,1,164,6,2272.14
2025-01-29,2,84,3,1041.31
2025-01-29,3,46,0,0.0
2025-01-29,4,35,1,281.76
2025-01-29,5,31,0,0.0
2025-01-29,6,33,1,228.64
2025-01-29,7,34,1,323.83
2025-01-29,8,25,0,0.0
2025-01-29,9,45,1,226.75
2025-01-29,10,31,0,0.0
2025-01-29,11,22,1,173.03
2025-01-29,12,10,0,0.0
2025-01-30,1,114,2,479.01
2025-01-30,2,50,1,165.41
2025-01-30,3,30,3,928.56
2025-01-30,4,23,1,686.28
2025-01-30,5,19,1,176.71
2025-01-30,6,20,0,0.0
2025-01-30,7,24,0,0.0
2025-01-30,8,16,0,0.0
2025-01-30,9,30,3,1632.94
2025-01-30,10,23,1,238.0
2025-01-30,11,14,1,553.5
2025-01-30,12,7,0,0.0
2025-01-31,1,125,3,734.78
2025-01-31,2,70,2,791.91
2025-01-31,3,38,3,590.9
2025-01-31,4,27,0,0.0
2025-01-31,5,21,1,858.24
2025-01-31,6,28,1,270.44
2025-01-31,7,28,1,208.66
2025-01-31,8,21,1,204.14
2025-01-31,9,34,1,217.19
2025-01-31,10,25,1,309.34
2025-01-31,11,14,1,228.35
2025-01-31,12,9,0,0.0
2025-02-01,1,238,6,3030.4
2025-02-01,2,112,2,807.31
2025-02-01,3,61,0,0.0
2025-02-01,4,49,1,184.08
2025-02-01,5,38,2,865.79
2025-02-01,6,48,2,660.67
2025-02-01,7,48,1,527.64
2025-02-01,8,33,0,0.0
2025-02-01,9,57,0,0.0
2025-02-01,10,47,1,742.35
2025-02-01,11,25,0,0.0
2025-02-01,12,15,0,0.0
2025-02-02,1,140,4,1351.87
2025-02-02,2,73,1,479.58
2025-02-02,3,40,0,0.0
2025-02-02,4,30,0,0.0
2025-02-02,5,25,0,0.0
2025-02-02,6,29,3,901.51
2025-02-02,7,32,1,258.21
2025-02-02,8,22,2,1446.36
2025-02-02,9,38,2,1233.54
2025-02-02,10,28,1,186.5
2025-02-02,11,17,1,330.9
2025-02-02,12,9,0,0.0
2025-02-03,1,310,10,5144.24
2025-02-03,2,156,2,1197.86
2025-02-03,3,78,0,0.0
2025-02-03,4,59,1,399.58
2025-02-03,5,45,2,843.56
2025-02-03,6,64,0,0.0
2025-02-03,7,62,3,1209.17
2025-02-03,8,46,1,619.14
2025-02-03,9,83,2,400.23
2025-02-03,10,61,2,1470.19
2025-02-03,11,44,2,904.27
2025-02-03,12,19,1,327.98
2025-02-04,1,141,2,591.64
2025-02-04,2,82,3,1483.02
2025-02-04,3,39,1,164.72
2025-02-04,4,29,1,414.76
2025-02-04,5,26,0,0.0
2025-02-04,6,29,1,182.81
2025-02-04,7,32,4,1308.61
2025-02-04,8,25,0,0.0
2025-02-04,9,44,1,421.58
2025-02-04,10,29,0,0.0
2025-02-04,11,19,0,0.0
2025-02-04,12,9,0,0.0
2025-02-05,1,173,6,3067.71
2025-02-05,2,92,5,2929.61
2025-02-05,3,47,1,311.76
2025-02-05,4,42,1,162.13
2025-02-05,5,25,0,0.0
2025-02-05,6,35,2,814.42
2025-02-05,7,43,1,181.18
2025-02-05,8,27,0,0.0
2025-02-05,9,53,1,171.5
2025-02-05,10,38,2,946.22
2025-02-05,11,22,0,0.0
2025-02-05,12,11,1,305.16
2025-02-06,1,228,4,3458.51
2025-02-06,2,128,4,1416.25
2025-02-06,3,62,2,986.67
2025-02-06,4,52,1,138.41
2025-02-06,5,45,1,1176.0
2025-02-06,6,53,1,203.44
2025-02-06,7,51,4,2088.12
2025-02-06,8,36,0,0.0
2025-02-06,9,67,4,2386.64
2025-02-06,10,52,0,0.0
2025-02-06,11,30,1,214.62
2025-02-06,12,16,0,0.0
2025-02-07,1,148,6,3070.92
2025-02-07,2,77,0,0.0
2025-02-07,3,37,0,0.0
2025-02-07,4,37,1,203.06
2025-02-07,5,26,2,1517.28
2025-02-07,6,31,1,377.92
2025-02-07,7,28,1,366.1
2025-02-07,8,23,0,0.0
2025-02-07,9,37,1,217.3
2025-02-07,10,30,2,1362.51
2025-02-07,11,17,0,0.0
2025-02-07,12,9,0,0.0
2025-02-08,1,189,3,1454.78
2025-02-08,2,102,2,526.8
2025-02-08,3,46,2,2080.69
2025-02-08,4,42,2,1293.13
2025-02-08,5,28,1,201.82
2025-02-08,6,40,1,607.38
2025-02-08,7,41,4,1772.25
2025-02-08,8,29,1,199.77
2025-02-08,9,52,3,2175.74
2025-02-08,10,44,1,155.45
2025-02-08,11,21,2,730.51
2025-02-08,12,12,0,0.0
2025-02-09,1,192,7,3878.84
2025-02-09,2,129,1,515.28
2025-02-09,3,57,0,0.0
2025-02-09,4,56,0,0.0
2025-02-09,5,39,4,1815.59
2025-02-09,6,45,0,0.0
2025-02-09,7,51,3,603.27
2025-02-09,8,38,0,0.0
2025-02-09,9,64,4,1032.42
2025-02-09,10,50,3,1878.68
2025-02-09,11,27,1,344.64
2025-02-09,12,14,1,188.39
2025-02-10,1,159,7,2649.49
2025-02-10,2,88,2,418.88
2025-02-10,3,49,0,0.0
2025-02-10,4,35,2,1154.69
2025-02-10,5,32,2,583.78
2025-02-10,6,38,0,0.0
2025-02-10,7,35,1,462.86
2025-02-10,8,29,2,1137.24
2025-02-10,9,52,0,0.0
2025-02-10,10,38,1,1265.4
2025-02-10,11,23,0,0.0
2025-02-10,12,11,0,0.0
2025-02-11,1,152,1,537.68
2025-02-11,2,90,3,1028.26
2025-02-11,3,41,2,1132.55
2025-02-11,4,30,1,240.4
2025-02-11,5,29,1,316.48
2025-02-11,6,32,0,0.0
2025-02-11,7,36,4,2602.17
2025-02-11,8,25,3,952.89
2025-02-11,9,44,2,322.46
2025-02-11,10,34,0,0.0
2025-02-11,11,22,0,0.0
2025-02-11,12,9,0,0.0
2025-02-12,1,120,4,1283.41
2025-02-12,2,71,3,1187.66
2025-02-12,3,39,1,352.76
2025-02-12,4,27,1,911.36
2025-02-12,5,21,1,277.4
2025-02-12,6,25,1,890.45
2025-02-12,7,32,1,173.92
2025-02-12,8,22,0,0.0
2025-02-12,9,36,1,578.9
2025-02-12,10,29,1,196.72
2025-02-12,11,16,0,0.0
2025-02-12,12,8,1,382.44
2025-02-13,1,330,12,7373.04
2025-02-13,2,154,2,1629.8
2025-02-13,3,74,1,152.27
2025-02-13,4,62,0,0.0
2025-02-13,5,54,0,0.0
2025-02-13,6,66,0,0.0
2025-02-13,7,68,0,0.0
2025-02-13,8,52,1,416.6
2025-02-13,9,91,0,0.0
2025-02-13,10,64,1,363.1
2025-02-13,11,35,1,437.26
2025-02-13,12,21,2,695.3
2025-02-14,1,147,5,1748.35
2025-02-14,2,87,1,616.68
2025-02-14,3,38,2,395.24
2025-02-14,4,34,2,484.06
2025-02-14,5,23,0,0.0
2025-02-14,6,34,1,460.58
2025-02-14,7,34,0,0.0
2025-02-14,8,23,1,594.51
2025-02-14,9,44,1,806.56
2025-02-14,10,35,0,0.0
2025-02-14,11,20,1,310.82
2025-02-14,12,10,0,0.0
2025-02-15,1,252,3,1715.55
2025-02-15,2,131,5,2237.36
2025-02-15,3,66,1,181.08
2025-02-15,4,48,2,532.32
2025-02-15,5,41,2,552.98
2025-02-15,6,53,2,559.6
2025-02-15,7,49,2,812.9
2025-02-15,8,36,3,987.11
2025-02-15,9,63,0,0.0
2025-02-15,10,51,0,0.0
2025-02-15,11,29,0,0.0
2025-02-15,12,14,0,0.0
2025-02-16,1,219,6,2824.5
2025-02-16,2,115,7,4408.48
2025-02-16,3,62,3,1699.75
2025-02-16,4,44,2,635.88
2025-02-16,5,36,2,717.38
2025-02-16,6,47,0,0.0
2025-02-16,7,50,1,693.75
2025-02-16,8,36,0,0.0
2025-02-16,9,62,1,484.28
2025-02-16,10,48,0,0.0
2025-02-16,11,30,0,0.0
2025-02-16,12,13,0,0.0
2025-02-17,1,157,6,2980.14
2025-02-17,2,85,4,1832.82
2025-02-17,3,45,1,233.05
2025-02-17,4,36,2,1261.15
2025-02-17,5,24,0,0.0
2025-02-17,6,29,0,0.0
2025-02-17,7,32,1,274.63
2025-02-17,8,25,0,0.0
2025-02-17,9,43,0,0.0
2025-02-17,10,33,1,222.87
2025-02-17,11,19,0,0.0
2025-02-17,12,10,0,0.0
2025-02-18,1,262,8,6368.31
2025-02-18,2,119,8,3769.06
2025-02-18,3,66,0,0.0
2025-02-18,4,54,1,375.78
2025-02-18,5,41,0,0.0
2025-02-18,6,44,0,0.0
2025-02-18,7,58,1,237.77
2025-02-18,8,39,1,220.18
2025-02-18,9,73,4,2175.99
2025-02-18,10,56,4,2073.69
2025-02-18,11,27,0,0.0
2025-02-18,12,16,0,0.0
2025-02-19,1,212,7,2547.57
2025-02-19,2,116,5,2067.35
2025-02-19,3,58,1,873.76
2025-02-19,4,49,2,1043.82
2025-02-19,5,34,1,340.0
2025-02-19,6,44,0,0.0
2025-02-19,7,40,0,0.0
2025-02-19,8,32,1,1421.6
2025-02-19,9,65,2,402.96
2025-02-19,10,45,0,0.0
2025-02-19,11,24,0,0.0
2025-02-19,12,13,0,0.0
2025-02-20,1,113,0,0.0
2025-02-20,2,65,2,425.82
2025-02-20,3,28,1,249.97
2025-02-20,4,26,3,1968.46
2025-02-20,5,20,1,182.76
2025-02-20,6,20,1,243.83
2025-02-20,7,25,0,0.0
2025-02-20,8,18,2,910.6
2025-02-20,9,31,0,0.0
2025-02-20,10,25,0,0.0
2025-02-20,11,15,1,835.0
2025-02-20,12,7,3,1053.43
2025-02-21,1,307,8,2799.06
2025-02-21,2,182,2,433.93
2025-02-21,3,87,2,437.46
2025-02-21,4,71,1,828.8
2025-02-21,5,60,4,3239.77
2025-02-21,6,67,1,246.89
2025-02-21,7,74,3,877.94
2025-02-21,8,56,1,199.18
2025-02-21,9,100,3,1074.16
2025-02-21,10,68,3,1136.11
2025-02-21,11,39,1,186.26
2025-02-21,12,21,0,0.0
2025-02-22,1,275,6,3044.34
2025-02-22,2,146,6,2327.81
2025-02-22,3,76,0,0.0
2025-02-22,4,57,2,1282.86
2025-02-22,5,46,2,1406.43
2025-02-22,6,51,0,0.0
2025-02-22,7,52,5,1610.61
2025-02-22,8,36,2,399.48
2025-02-22,9,72,1,236.73
2025-02-22,10,52,1,206.89
2025-02-22,11,32,0,0.0
2025-02-22,12,20,1,454.52
2025-02-23,1,219,6,2092.55
2025-02-23,2,112,4,1717.6
2025-02-23,3,60,1,879.33
2025-02-23,4,52,3,1494.29
2025-02-23,5,43,0,0.0
2025-02-23,6,42,4,2211.15
2025-02-23,7,48,1,536.14
2025-02-23,8,35,1,1885.32
2025-02-23,9,70,2,532.75
2025-02-23,10,46,1,237.21
2025-02-23,11,27,0,0.0
2025-02-23,12,15,0,0.0
2025-02-24,1,267,8,4194.29
2025-02-24,2,129,3,927.86
2025-02-24,3,66,1,218.19
2025-02-24,4,57,1,1434.88
2025-02-24,5,42,3,1598.67
2025-02-24,6,63,2,376.27
2025-02-24,7,54,1,172.16
2025-02-24,8,44,1,459.88
2025-02-24,9,79,4,2539.03
2025-02-24,10,55,1,230.21
2025-02-24,11,32,0,0.0
2025-02-24,12,19,0,0.0
2025-02-25,1,230,4,1686.19
2025-02-25,2,121,1,527.67
2025-02-25,3,60,2,1075.65
2025-02-25,4,50,4,2302.01
2025-02-25,5,38,2,1201.68
2025-02-25,6,49,1,211.2
2025-02-25,7,54,1,487.82
2025-02-25,8,39,1,213.2
2025-02-25,9,63,2,690.25
2025-02-25,10,52,3,1504.86
2025-02-25,11,29,0,0.0
2025-02-25,12,14,0,0.0
2025-02-26,1,177,10,4901.92
2025-02-26,2,104,1,204.87
2025-02-26,3,54,2,500.99
2025-02-26,4,37,1,195.16
2025-02-26,5,37,0,0.0
2025-02-26,6,36,1,206.7
2025-02-26,7,41,1,436.02
2025-02-26,8,30,1,251.36
2025-02-26,9,53,1,613.88
2025-02-26,10,41,0,0.0
2025-02-26,11,23,0,0.0
2025-02-26,12,13,0,0.0
2025-02-27,1,271,8,4577.64
2025-02-27,2,156,2,641.13
2025-02-27,3,76,0,0.0
2025-02-27,4,60,3,873.89
2025-02-27,5,50,3,1738.6
2025-02-27,6,55,2,1313.06
2025-02-27,7,60,4,1513.11
2025-02-27,8,49,2,1526.04
2025-02-27,9,80,3,2058.76
2025-02-27,10,59,1,1375.85
2025-02-27,11,37,0,0.0
2025-02-27,12,19,0,0.0
2025-02-28,1,244,5,1493.82
2025-02-28,2,138,5,1626.72
2025-02-28,3,74,1,507.76
2025-02-28,4,53,1,166.27
2025-02-28,5,43,3,1158.0
2025-02-28,6,53,0,0.0
2025-02-28,7,58,3,1522.24
2025-02-28,8,41,2,1391.5
2025-02-28,9,73,4,2333.46
2025-02-28,10,55,1,342.66
2025-02-28,11,31,0,0.0
2025-02-28,12,17,0,0.0
2025-03-01,1,131,3,731.35
2025-03-01,2,71,2,384.68
2025-03-01,3,39,0,0.0
2025-03-01,4,39,0,0.0
2025-03-01,5,28,1,376.64
2025-03-01,6,28,4,767.76
2025-03-01,7,22,0,0.0
2025-03-01,8,23,1,291.4
2025-03-01,9,33,2,934.14
2025-03-01,10,23,1,316.62
2025-03-01,11,12,0,0.0
2025-03-01,12,7,0,0.0
2025-03-02,1,311,8,4047.74
2025-03-02,2,187,5,1539.05
2025-03-02,3,98,3,829.73
2025-03-02,4,104,4,1230.81
2025-03-02,5,63,1,183.48
2025-03-02,6,71,2,1008.0
2025-03-02,7,53,1,543.48
2025-03-02,8,52,1,377.0
2025-03-02,9,79,2,1378.51
2025-03-02,10,56,0,0.0
2025-03-02,11,34,1,655.22
2025-03-02,12,22,0,0.0
2025-03-03,1,244,4,822.5
2025-03-03,2,121,2,1229.72
2025-03-03,3,66,3,970.61
2025-03-03,4,77,3,1376.91
2025-03-03,5,53,3,1730.13
2025-03-03,6,50,5,2449.65
2025-03-03,7,40,1,989.36
2025-03-03,8,42,3,1890.62
2025-03-03,9,62,0,0.0
2025-03-03,10,44,0,0.0
2025-03-03,11,23,0,0.0
2025-03-03,12,17,0,0.0
2025-03-04,1,217,7,2865.78
2025-03-04,2,110,4,3138.62
2025-03-04,3,58,1,278.22
2025-03-04,4,63,0,0.0
2025-03-04,5,47,0,0.0
2025-03-04,6,46,1,512.58
2025-03-04,7,36,2,1042.46
2025-03-04,8,36,0,0.0
2025-03-04,9,55,0,0.0
2025-03-04,10,36,0,0.0
2025-03-04,11,24,1,510.16
2025-03-04,12,15,0,0.0
2025-03-05,1,176,2,1471.84
2025-03-05,2,86,7,3387.6
2025-03-05,3,42,2,1426.91
2025-03-05,4,56,1,403.08
2025-03-05,5,37,1,1044.84
2025-03-05,6,38,0,0.0
2025-03-05,7,28,2,503.18
2025-03-05,8,26,0,0.0
2025-03-05,9,42,2,1057.09
2025-03-05,10,33,5,1809.37
2025-03-05,11,18,3,1192.66
2025-03-05,12,12,0,0.0
2025-03-06,1,289,6,3796.21
2025-03-06,2,146,3,1272.61
2025-03-06,3,84,0,0.0
2025-03-06,4,88,3,883.88
2025-03-06,5,57,1,981.9
2025-03-06,6,67,3,2798.66
2025-03-06,7,50,1,223.9
2025-03-06,8,50,5,3080.92
2025-03-06,9,62,3,1208.7
2025-03-06,10,52,0,0.0
2025-03-06,11,29,0,0.0
2025-03-06,12,21,0,0.0
2025-03-07,1,224,7,4338.89
2025-03-07,2,117,2,1192.42
2025-03-07,3,55,2,548.2
2025-03-07,4,70,3,1119.36
2025-03-07,5,49,1,808.53
2025-03-07,6,50,2,431.81
2025-03-07,7,43,2,457.03
2025-03-07,8,40,0,0.0
2025-03-07,9,56,2,2438.5
2025-03-07,10,41,0,0.0
2025-03-07,11,22,3,3302.46
2025-03-07,12,16,1,239.84
2025-03-08,1,308,6,3490.25
2025-03-08,2,166,6,2705.84
2025-03-08,3,85,1,185.09
2025-03-08,4,89,3,2627.65
2025-03-08,5,61,1,927.44
2025-03-08,6,56,2,897.01
2025-03-08,7,51,2,1735.24
2025-03-08,8,50,1,1085.0
2025-03-08,9,76,1,207.3
2025-03-08,10,61,2,892.02
2025-03-08,11,32,1,397.42
2025-03-08,12,20,1,319.91
2025-03-09,1,191,4,1921.99
2025-03-09,2,86,1,473.18
2025-03-09,3,49,2,479.14
2025-03-09,4,57,2,757.15
2025-03-09,5,39,1,199.49
2025-03-09,6,40,1,1068.04
2025-03-09,7,34,0,0.0
2025-03-09,8,30,1,265.93
2025-03-09,9,41,1,1054.4
2025-03-09,10,32,1,225.14
2025-03-09,11,16,0,0.0
2025-03-09,12,12,2,840.83
2025-03-10,1,205,4,1935.8
2025-03-10,2,121,4,3231.83
2025-03-10,3,63,1,670.98
2025-03-10,4,73,1,339.45
2025-03-10,5,49,2,858.6
2025-03-10,6,49,2,1430.28
2025-03-10,7,42,0,0.0
2025-03-10,8,43,0,0.0
2025-03-10,9,58,2,1069.23
2025-03-10,10,36,3,2191.73
2025-03-10,11,26,1,542.5
2025-03-10,12,16,0,0.0
2025-03-11,1,174,2,432.73
2025-03-11,2,82,5,3508.02
2025-03-11,3,40,3,2301.04
2025-03-11,4,55,2,844.02
2025-03-11,5,37,0,0.0
2025-03-11,6,37,0,0.0
2025-03-11,7,31,1,208.05
2025-03-11,8,32,1,214.48
2025-03-11,9,42,1,277.68
2025-03-11,10,28,0,0.0
2025-03-11,11,16,1,377.84
2025-03-11,12,12,0,0.0
2025-03-12,1,370,7,2599.38
2025-03-12,2,183,8,2567.44
2025-03-12,3,98,2,2556.99
2025-03-12,4,125,5,3146.12
2025-03-12,5,79,1,223.68
2025-03-12,6,78,2,603.55
2025-03-12,7,65,1,479.56
2025-03-12,8,63,0,0.0
2025-03-12,9,91,2,1390.93
2025-03-12,10,62,2,2730.42
2025-03-12,11,41,0,0.0
2025-03-12,12,24,0,0.0
2025-03-13,1,336,5,5106.82
2025-03-13,2,188,6,2289.66
2025-03-13,3,101,1,771.36
2025-03-13,4,107,4,1825.89
2025-03-13,5,77,2,777.37
2025-03-13,6,66,2,1905.36
2025-03-13,7,59,2,746.26
2025-03-13,8,55,2,524.43
2025-03-13,9,88,2,653.76
2025-03-13,10,59,2,1826.94
2025-03-13,11,34,0,0.0
2025-03-13,12,25,0,0.0
2025-03-14,1,268,10,4794.44
2025-03-14,2,173,4,2195.78
2025-03-14,3,88,2,537.83
2025-03-14,4,97,3,3693.96
2025-03-14,5,64,1,265.29
2025-03-14,6,57,1,216.15
2025-03-14,7,55,2,928.03
2025-03-14,8,52,2,1300.42
2025-03-14,9,80,1,1092.72
2025-03-14,10,52,1,278.74
2025-03-14,11,35,0,0.0
2025-03-14,12,20,0,0.0
2025-03-15,1,309,5,2366.65
2025-03-15,2,148,3,3345.2
2025-03-15,3,74,2,964.68
2025-03-15,4,93,4,1918.36
2025-03-15,5,57,2,1217.27
2025-03-15,6,59,3,1140.91
2025-03-15,7,48,2,1427.36
2025-03-15,8,43,1,1217.6
2025-03-15,9,72,2,610.76
2025-03-15,10,48,1,255.19
2025-03-15,11,29,2,528.49
2025-03-15,12,19,0,0.0
2025-03-16,1,343,11,9159.58
2025-03-16,2,178,6,2113.82
2025-03-16,3,103,3,2317.38
2025-03-16,4,116,1,545.5
2025-03-16,5,75,2,728.22
2025-03-16,6,74,3,1937.15
2025-03-16,7,56,3,1610.59
2025-03-16,8,67,3,1810.27
2025-03-16,9,91,2,901.82
2025-03-16,10,63,2,1658.92
2025-03-16,11,40,0,0.0
2025-03-16,12,24,0,0.0
2025-03-17,1,256,5,2175.64
2025-03-17,2,138,1,221.41
2025-03-17,3,68,3,3701.26
2025-03-17,4,77,2,1665.54
2025-03-17,5,52,2,484.89
2025-03-17,6,55,3,1871.58
2025-03-17,7,43,1,518.24
2025-03-17,8,47,1,862.74
2025-03-17,9,60,4,2179.67
2025-03-17,10,39,0,0.0
2025-03-17,11,26,2,774.37
2025-03-17,12,17,1,403.06
2025-03-18,1,233,6,2962.64
2025-03-18,2,115,3,1722.77
2025-03-18,3,57,1,557.46
2025-03-18,4,64,3,1345.62
2025-03-18,5,44,1,223.3
2025-03-18,6,40,2,3126.18
2025-03-18,7,41,1,257.4
2025-03-18,8,38,1,576.66
2025-03-18,9,59,1,954.64
2025-03-18,10,41,1,674.82
2025-03-18,11,23,0,0.0
2025-03-18,12,17,0,0.0
2025-03-19,1,257,7,4499.84
2025-03-19,2,139,7,3391.6
2025-03-19,3,75,3,1267.32
2025-03-19,4,78,2,1144.12
2025-03-19,5,51,0,0.0
2025-03-19,6,51,4,2102.92
2025-03-19,7,49,3,2165.26
2025-03-19,8,44,0,0.0
2025-03-19,9,63,3,1449.16
2025-03-19,10,39,0,0.0
2025-03-19,11,27,2,727.93
2025-03-19,12,18,0,0.0
2025-03-20,1,263,6,4161.39
2025-03-20,2,127,6,3071.43
2025-03-20,3,71,0,0.0
2025-03-20,4,79,3,901.5
2025-03-20,5,49,1,238.15
2025-03-20,6,54,3,3800.77
2025-03-20,7,45,1,1011.52
2025-03-20,8,42,1,1825.02
2025-03-20,9,65,1,429.82
2025-03-20,10,46,3,1456.35
2025-03-20,11,29,2,873.17
2025-03-20,12,16,0,0.0
2025-03-21,1,314,8,5070.19
2025-03-21,2,162,3,3413.47
2025-03-21,3,84,1,241.92
2025-03-21,4,100,3,1699.03
2025-03-21,5,59,0,0.0
2025-03-21,6,71,3,1747.2
2025-03-21,7,51,1,488.48
2025-03-21,8,56,3,1303.99
2025-03-21,9,75,5,2558.76
2025-03-21,10,49,1,630.42
2025-03-21,11,34,0,0.0
2025-03-21,12,20,0,0.0
2025-03-22,1,524,10,5318.38
2025-03-22,2,247,5,4618.04
2025-03-22,3,140,2,1722.01
2025-03-22,4,161,2,742.64
2025-03-22,5,99,3,1015.21
2025-03-22,6,105,3,1715.36
2025-03-22,7,85,3,838.87
2025-03-22,8,86,4,1817.4
2025-03-22,9,129,1,247.4
2025-03-22,10,87,0,0.0
2025-03-22,11,54,0,0.0
2025-03-22,12,35,0,0.0
2025-03-23,1,326,11,5127.21
2025-03-23,2,167,6,3503.88
2025-03-23,3,96,2,880.39
2025-03-23,4,107,4,3473.06
2025-03-23,5,71,0,0.0
2025-03-23,6,68,2,535.22
2025-03-23,7,52,2,1290.68
2025-03-23,8,56,2,569.34
2025-03-23,9,83,2,475.05
2025-03-23,10,56,1,289.21
2025-03-23,11,34,0,0.0
2025-03-23,12,23,1,442.82
2025-03-24,1,252,9,5286.76
2025-03-24,2,136,6,2148.89
2025-03-24,3,68,2,1919.91
2025-03-24,4,86,3,1945.42
2025-03-24,5,52,0,0.0
2025-03-24,6,52,3,1899.99
2025-03-24,7,49,1,993.2
2025-03-24,8,38,1,262.95
2025-03-24,9,56,0,0.0
2025-03-24,10,41,0,0.0
2025-03-24,11,27,0,0.0
2025-03-24,12,17,1,292.62
2025-03-25,1,330,10,4797.76
2025-03-25,2,169,5,1943.78
2025-03-25,3,92,1,786.81
2025-03-25,4,98,5,2501.37
2025-03-25,5,69,1,264.91
2025-03-25,6,67,0,0.0
2025-03-25,7,58,0,0.0
2025-03-25,8,59,1,216.23
2025-03-25,9,77,2,793.4
2025-03-25,10,58,4,3856.55
2025-03-25,11,35,0,0.0
2025-03-25,12,22,2,1185.79
2025-03-26,1,286,12,7139.41
2025-03-26,2,146,6,3760.23
2025-03-26,3,76,1,659.34
2025-03-26,4,85,0,0.0
2025-03-26,5,59,1,791.07
2025-03-26,6,54,1,301.13
2025-03-26,7,46,1,496.76
2025-03-26,8,47,2,554.25
2025-03-26,9,61,3,1005.87
2025-03-26,10,48,2,449.23
2025-03-26,11,27,0,0.0
2025-03-26,12,17,0,0.0
2025-03-27,1,249,12,6695.07
2025-03-27,2,126,2,1918.77
2025-03-27,3,71,1,266.22
2025-03-27,4,74,2,1070.32
2025-03-27,5,54,2,1689.42
2025-03-27,6,53,1,199.76
2025-03-27,7,42,4,2712.71
2025-03-27,8,49,3,1967.98
2025-03-27,9,62,2,990.86
2025-03-27,10,51,2,481.12
2025-03-27,11,25,0,0.0
2025-03-27,12,19,0,0.0
2025-03-28,1,379,12,7224.93
2025-03-28,2,205,6,3230.02
2025-03-28,3,96,3,2394.19
2025-03-28,4,116,3,2100.15
2025-03-28,5,85,1,252.16
2025-03-28,6,85,1,431.76
2025-03-28,7,67,1,319.66
2025-03-28,8,62,1,1105.92
2025-03-28,9,87,1,649.56
2025-03-28,10,66,0,0.0
2025-03-28,11,36,2,1319.62
2025-03-28,12,24,0,0.0
2025-03-29,1,304,7,4551.52
2025-03-29,2,151,7,3337.28
2025-03-29,3,87,1,539.28
2025-03-29,4,97,5,3678.13
2025-03-29,5,57,2,437.17
2025-03-29,6,59,0,0.0
2025-03-29,7,50,3,2177.03
2025-03-29,8,48,1,260.17
2025-03-29,9,69,1,766.41
2025-03-29,10,49,2,499.7
2025-03-29,11,30,0,0.0
2025-03-29,12,21,0,0.0
2025-03-30,1,211,11,7416.92
2025-03-30,2,129,3,1406.23
2025-03-30,3,70,2,1584.21
2025-03-30,4,82,2,572.28
2025-03-30,5,53,2,738.61
2025-03-30,6,46,1,247.18
2025-03-30,7,41,1,1126.4
2025-03-30,8,40,1,713.16
2025-03-30,9,62,1,228.94
2025-03-30,10,44,3,2667.5
2025-03-30,11,24,1,737.28
2025-03-30,12,16,0,0.0
2025-03-31,1,333,10,7356.85
2025-03-31,2,171,2,1165.25
2025-03-31,3,87,3,1544.41
2025-03-31,4,104,2,1749.93
2025-03-31,5,69,1,293.58
2025-03-31,6,75,2,1003.74
2025-03-31,7,64,0,0.0
2025-03-31,8,53,1,624.2
2025-03-31,9,84,3,2307.11
2025-03-31,10,62,3,1683.43
2025-03-31,11,31,2,1485.83
2025-03-31,12,22,1,603.8
2025-04-01,1,278,9,5913.56
2025-04-01,2,166,3,2070.53
2025-04-01,3,86,5,1999.25
2025-04-01,4,104,2,1542.46
2025-04-01,5,65,4,2667.21
2025-04-01,6,64,1,593.68
2025-04-01,7,58,1,624.22
2025-04-01,8,57,1,1157.68
2025-04-01,9,79,2,525.26
2025-04-01,10,54,5,3241.75
2025-04-01,11,31,0,0.0
2025-04-01,12,23,1,1128.04
2025-04-02,1,223,5,2998.28
2025-04-02,2,123,3,1273.67
2025-04-02,3,57,2,3212.34
2025-04-02,4,71,1,279.67
2025-04-02,5,47,1,1423.36
2025-04-02,6,44,0,0.0
2025-04-02,7,40,2,1155.22
2025-04-02,8,40,3,3475.58
2025-04-02,9,56,0,0.0
2025-04-02,10,37,3,2404.2
2025-04-02,11,24,4,2114.64
2025-04-02,12,16,0,0.0
2025-04-03,1,251,10,5516.52
2025-04-03,2,150,2,786.75
2025-04-03,3,78,6,4397.0
2025-04-03,4,83,2,1557.5
2025-04-03,5,55,4,2092.41
2025-04-03,6,67,4,2516.37
2025-04-03,7,48,0,0.0
2025-04-03,8,50,0,0.0
2025-04-03,9,68,1,246.28
2025-04-03,10,49,0,0.0
2025-04-03,11,30,0,0.0
2025-04-03,12,20,2,972.45
2025-04-04,1,318,7,5684.92
2025-04-04,2,135,6,3801.05
2025-04-04,3,86,1,464.76
2025-04-04,4,86,2,2123.08
2025-04-04,5,58,2,1356.79
2025-04-04,6,66,3,2171.53
2025-04-04,7,51,0,0.0
2025-04-04,8,47,0,0.0
2025-04-04,9,73,5,1832.08
2025-04-04,10,54,1,227.5
2025-04-04,11,33,0,0.0
2025-04-04,12,19,2,798.06
2025-04-05,1,315,12,7004.92
2025-04-05,2,201,7,3875.03
2025-04-05,3,80,4,2509.82
2025-04-05,4,112,4,1933.26
2025-04-05,5,67,2,771.59
2025-04-05,6,65,4,2500.33
2025-04-05,7,56,2,530.69
2025-04-05,8,57,2,2055.55
2025-04-05,9,78,0,0.0
2025-04-05,10,56,2,2311.12
2025-04-05,11,34,2,1417.09
2025-04-05,12,22,1,1239.7
2025-04-06,1,408,17,10838.0
2025-04-06,2,195,7,5715.23
2025-04-06,3,104,3,2945.77
2025-04-06,4,107,3,858.81
2025-04-06,5,90,3,1581.13
2025-04-06,6,77,1,280.41
2025-04-06,7,68,0,0.0
2025-04-06,8,61,3,927.8
2025-04-06,9,84,2,1535.54
2025-04-06,10,59,6,4472.93
2025-04-06,11,37,3,851.55
2025-04-06,12,27,0,0.0
2025-04-07,1,406,15,12747.38
2025-04-07,2,213,3,1847.87
2025-04-07,3,111,4,1725.27
2025-04-07,4,121,2,2768.31
2025-04-07,5,83,2,1192.66
2025-04-07,6,83,1,615.2
2025-04-07,7,58,1,560.0
2025-04-07,8,67,3,1570.91
2025-04-07,9,101,3,2310.66
2025-04-07,10,70,0,0.0
2025-04-07,11,36,0,0.0
2025-04-07,12,26,0,0.0
2025-04-08,1,378,9,5349.6
2025-04-08,2,182,9,4118.67
2025-04-08,3,95,3,2150.55
2025-04-08,4,110,1,547.5
2025-04-08,5,70,2,509.21
2025-04-08,6,72,3,2666.92
2025-04-08,7,59,1,944.67
2025-04-08,8,58,1,638.02
2025-04-08,9,79,1,2246.88
2025-04-08,10,58,3,1886.22
2025-04-08,11,38,0,0.0
2025-04-08,12,23,1,253.39
2025-04-09,1,527,11,9032.91
2025-04-09,2,244,6,4575.88
2025-04-09,3,130,4,3256.64
2025-04-09,4,138,2,1324.42
2025-04-09,5,105,0,0.0
2025-04-09,6,92,4,2460.12
2025-04-09,7,82,1,1035.92
2025-04-09,8,76,1,832.2
2025-04-09,9,110,3,1866.1
2025-04-09,10,77,6,5276.42
2025-04-09,11,47,0,0.0
2025-04-09,12,29,3,1721.79
2025-04-10,1,442,10,7064.57
2025-04-10,2,251,8,4445.33
2025-04-10,3,125,1,1323.98
2025-04-10,4,136,2,675.16
2025-04-10,5,94,2,2691.34
2025-04-10,6,94,2,532.06
2025-04-10,7,76,2,1064.25
2025-04-10,8,75,1,354.36
2025-04-10,9,111,3,1679.16
2025-04-10,10,78,3,1528.81
2025-04-10,11,50,1,292.85
2025-04-10,12,28,0,0.0
2025-04-11,1,350,10,6341.51
2025-04-11,2,174,2,814.95
2025-04-11,3,101,5,4362.42
2025-04-11,4,102,5,2695.23
2025-04-11,5,73,2,1245.15
2025-04-11,6,81,1,326.4
2025-04-11,7,66,1,282.55
2025-04-11,8,58,0,0.0
2025-04-11,9,93,5,2529.41
2025-04-11,10,62,1,278.39
2025-04-11,11,38,1,265.28
2025-04-11,12,26,0,0.0
2025-04-12,1,386,10,5706.62
2025-04-12,2,190,3,1825.69
2025-04-12,3,100,4,1164.33
2025-04-12,4,133,3,2411.33
2025-04-12,5,80,1,253.42
2025-04-12,6,83,2,1089.82
2025-04-12,7,65,1,1462.76
2025-04-12,8,66,0,0.0
2025-04-12,9,90,3,4045.01
2025-04-12,10,63,3,2036.6
2025-04-12,11,39,0,0.0
2025-04-12,12,24,0,0.0
2025-04-13,1,300,8,4203.51
2025-04-13,2,152,2,1190.34
2025-04-13,3,79,2,571.21
2025-04-13,4,83,5,3459.95
2025-04-13,5,59,3,3013.62
2025-04-13,6,67,0,0.0
2025-04-13,7,56,0,0.0
2025-04-13,8,48,0,0.0
2025-04-13,9,76,2,1544.46
2025-04-13,10,53,3,4321.84
2025-04-13,11,32,0,0.0
2025-04-13,12,20,1,545.46
2025-04-14,1,378,10,5994.46
2025-04-14,2,207,3,1947.25
2025-04-14,3,107,4,2695.82
2025-04-14,4,146,4,3455.87
2025-04-14,5,79,5,1764.23
2025-04-14,6,89,4,2493.0
2025-04-14,7,72,1,556.92
2025-04-14,8,71,2,2308.17
2025-04-14,9,106,3,802.05
2025-04-14,10,70,2,1744.66
2025-04-14,11,39,2,901.86
2025-04-14,12,27,1,525.02
2025-04-15,1,285,7,4319.71
2025-04-15,2,151,5,2422.48
2025-04-15,3,80,4,2437.4
2025-04-15,4,81,4,2868.59
2025-04-15,5,59,2,650.21
2025-04-15,6,56,3,2550.84
2025-04-15,7,53,1,903.63
2025-04-15,8,51,0,0.0
2025-04-15,9,70,4,2380.99
2025-04-15,10,44,0,0.0
2025-04-15,11,29,3,839.72
2025-04-15,12,19,0,0.0
2025-04-16,1,373,10,8875.76
2025-04-16,2,171,4,2296.58
2025-04-16,3,95,2,621.11
2025-04-16,4,98,3,1824.86
2025-04-16,5,71,4,4483.6
2025-04-16,6,75,1,851.64
2025-04-16,7,63,2,1696.26
2025-04-16,8,60,1,316.32
2025-04-16,9,90,1,559.62
2025-04-16,10,61,0,0.0
2025-04-16,11,33,0,0.0
2025-04-16,12,23,0,0.0
2025-04-17,1,476,15,9530.31
2025-04-17,2,240,6,5191.31
2025-04-17,3,114,5,3703.1
2025-04-17,4,145,4,1114.67
2025-04-17,5,89,1,645.96
2025-04-17,6,103,2,867.64
2025-04-17,7,85,2,1103.86
2025-04-17,8,82,1,308.23
2025-04-17,9,108,5,4184.81
2025-04-17,10,78,1,1224.76
2025-04-17,11,50,1,1784.82
2025-04-17,12,31,1,447.58
2025-04-18,1,405,12,6298.64
2025-04-18,2,199,9,5452.0
2025-04-18,3,120,4,1581.25
2025-04-18,4,126,4,3190.88
2025-04-18,5,94,4,2109.3
2025-04-18,6,86,1,650.2
2025-04-18,7,81,0,0.0
2025-04-18,8,87,2,581.52
2025-04-18,9,100,4,2315.52
2025-04-18,10,68,4,2054.04
2025-04-18,11,42,2,784.8
2025-04-18,12,30,0,0.0
2025-04-19,1,305,9,5524.98
2025-04-19,2,174,4,1976.77
2025-04-19,3,86,2,2530.6
2025-04-19,4,103,1,305.55
2025-04-19,5,68,2,1429.48
2025-04-19,6,72,2,1298.51
2025-04-19,7,59,2,1427.33
2025-04-19,8,56,1,274.97
2025-04-19,9,74,6,4151.12
2025-04-19,10,63,1,604.16
2025-04-19,11,33,1,308.6
2025-04-19,12,21,0,0.0
2025-04-20,1,400,12,9130.76
2025-04-20,2,201,5,2578.2
2025-04-20,3,109,0,0.0
2025-04-20,4,114,1,563.86
2025-04-20,5,77,7,4063.24
2025-04-20,6,77,1,318.14
2025-04-20,7,65,2,1545.84
2025-04-20,8,57,0,0.0
2025-04-20,9,94,2,1587.66
2025-04-20,10,64,1,301.5
2025-04-20,11,36,1,292.91
2025-04-20,12,22,0,0.0
2025-04-21,1,343,12,9041.11
2025-04-21,2,189,4,3847.54
2025-04-21,3,103,2,845.97
2025-04-21,4,102,5,3162.24
2025-04-21,5,66,2,1504.19
2025-04-21,6,68,2,920.66
2025-04-21,7,61,2,885.91
2025-04-21,8,60,2,2057.54
2025-04-21,9,85,2,600.87
2025-04-21,10,60,1,547.42
2025-04-21,11,35,2,3020.99
2025-04-21,12,24,0,0.0
2025-04-22,1,398,6,4257.8
2025-04-22,2,211,5,2295.72
2025-04-22,3,106,2,655.26
2025-04-22,4,116,4,2358.66
2025-04-22,5,76,6,2608.1
2025-04-22,6,76,1,616.44
2025-04-22,7,70,0,0.0
2025-04-22,8,70,3,3041.53
2025-04-22,9,97,2,1503.53
2025-04-22,10,73,1,644.92
2025-04-22,11,44,1,680.22
2025-04-22,12,30,1,561.18
2025-04-23,1,424,7,3240.47
2025-04-23,2,194,8,6137.71
2025-04-23,3,104,2,1750.34
2025-04-23,4,112,4,1247.98
2025-04-23,5,73,2,3486.36
2025-04-23,6,74,3,1343.29
2025-04-23,7,70,0,0.0
2025-04-23,8,66,2,599.23
2025-04-23,9,92,3,2087.42
2025-04-23,10,63,2,1348.9
2025-04-23,11,41,0,0.0
2025-04-23,12,22,0,0.0
2025-04-24,1,358,6,4860.16
2025-04-24,2,195,4,2250.16
2025-04-24,3,105,3,1946.31
2025-04-24,4,112,2,3914.7
2025-04-24,5,75,1,234.51
2025-04-24,6,72,2,1930.44
2025-04-24,7,66,4,3016.66
2025-04-24,8,65,1,303.52
2025-04-24,9,88,3,1170.72
2025-04-24,10,63,5,2575.56
2025-04-24,11,39,0,0.0
2025-04-24,12,24,0,0.0
2025-04-25,1,552,10,6765.07
2025-04-25,2,298,8,3641.45
2025-04-25,3,148,4,2144.43
2025-04-25,4,174,2,867.44
2025-04-25,5,110,3,2263.5
2025-04-25,6,121,2,906.78
2025-04-25,7,93,3,2373.7
2025-04-25,8,100,2,1140.14
2025-04-25,9,128,4,1790.6
2025-04-25,10,90,0,0.0
2025-04-25,11,59,0,0.0
2025-04-25,12,39,2,1616.08
2025-04-26,1,424,9,6065.89
2025-04-26,2,226,6,2813.98
2025-04-26,3,99,3,2634.64
2025-04-26,4,121,3,2713.74
2025-04-26,5,81,2,817.79
2025-04-26,6,79,3,838.22
2025-04-26,7,70,0,0.0
2025-04-26,8,68,0,0.0
2025-04-26,9,96,1,760.26
2025-04-26,10,68,2,1512.98
2025-04-26,11,42,2,756.45
2025-04-26,12,26,0,0.0
2025-04-27,1,266,5,4575.72
2025-04-27,2,145,6,5088.92
2025-04-27,3,76,5,2273.73
2025-04-27,4,84,2,1341.31
2025-04-27,5,61,2,915.0
2025-04-27,6,49,2,1229.24
2025-04-27,7,46,0,0.0
2025-04-27,8,41,1,1281.12
2025-04-27,9,65,1,1388.45
2025-04-27,10,48,1,989.43
2025-04-27,11,27,0,0.0
2025-04-27,12,16,3,3307.41
2025-04-28,1,301,9,3566.69
2025-04-28,2,129,5,2687.89
2025-04-28,3,72,1,636.18
2025-04-28,4,91,1,1205.68
2025-04-28,5,57,2,1310.17
2025-04-28,6,49,2,577.1
2025-04-28,7,47,2,636.35
2025-04-28,8,48,4,2127.22
2025-04-28,9,70,1,235.19
2025-04-28,10,50,0,0.0
2025-04-28,11,29,0,0.0
2025-04-28,12,19,1,953.4
2025-04-29,1,317,8,7145.62
2025-04-29,2,176,2,1691.7
2025-04-29,3,90,4,5112.18
2025-04-29,4,108,3,2171.13
2025-04-29,5,71,1,1557.05
2025-04-29,6,60,3,1518.45
2025-04-29,7,65,3,2660.47
2025-04-29,8,56,3,2832.84
2025-04-29,9,82,4,2432.79
2025-04-29,10,51,2,1450.67
2025-04-29,11,34,1,612.38
2025-04-29,12,21,0,0.0
2025-04-30,1,389,7,4113.37
2025-04-30,2,183,2,1171.89
2025-04-30,3,100,2,949.02
2025-04-30,4,98,5,2977.73
2025-04-30,5,74,3,1184.35
2025-04-30,6,87,2,1927.74
2025-04-30,7,65,2,887.08
2025-04-30,8,61,2,3011.15
2025-04-30,9,93,0,0.0
2025-04-30,10,60,2,1250.76
2025-04-30,11,38,0,0.0
2025-04-30,12,26,1,279.55
2025-05-01,1,397,5,2091.86
2025-05-01,2,230,5,3964.33
2025-05-01,3,94,0,0.0
2025-05-01,4,117,4,3490.3
2025-05-01,5,82,6,4167.11
2025-05-01,6,82,2,601.39
2025-05-01,7,69,0,0.0
2025-05-01,8,62,1,586.68
2025-05-01,9,88,4,2492.78
2025-05-01,10,69,3,1507.32
2025-05-01,11,42,1,1083.42
2025-05-01,12,24,1,363.33
2025-05-02,1,332,7,3183.81
2025-05-02,2,200,7,6305.44
2025-05-02,3,105,1,289.03
2025-05-02,4,113,2,1516.35
2025-05-02,5,83,1,254.28
2025-05-02,6,80,2,642.16
2025-05-02,7,70,2,532.47
2025-05-02,8,63,5,2557.3
2025-05-02,9,95,1,1060.65
2025-05-02,10,63,4,3007.18
2025-05-02,11,43,0,0.0
2025-05-02,12,27,0,0.0
2025-05-03,1,286,6,4674.11
2025-05-03,2,160,4,1605.81
2025-05-03,3,87,3,4572.59
2025-05-03,4,95,3,2475.49
2025-05-03,5,65,2,2035.82
2025-05-03,6,65,5,4091.64
2025-05-03,7,47,0,0.0
2025-05-03,8,55,1,1009.23
2025-05-03,9,78,1,617.38
2025-05-03,10,50,1,326.43
2025-05-03,11,33,0,0.0
2025-05-03,12,22,1,930.33
2025-05-04,1,278,8,6288.38
2025-05-04,2,152,1,595.98
2025-05-04,3,80,5,4488.95
2025-05-04,4,76,5,3113.17
2025-05-04,5,56,2,1351.08
2025-05-04,6,61,4,3222.12
2025-05-04,7,47,0,0.0
2025-05-04,8,53,2,567.22
2025-05-04,9,61,0,0.0
2025-05-04,10,45,1,1387.68
2025-05-04,11,31,1,287.93
2025-05-04,12,20,1,663.64
2025-05-05,1,466,9,6388.5
2025-05-05,2,240,8,6827.89
2025-05-05,3,147,1,864.36
2025-05-05,4,146,2,2371.48
2025-05-05,5,89,2,609.92
2025-05-05,6,108,2,840.12
2025-05-05,7,73,5,3408.89
2025-05-05,8,79,0,0.0
2025-05-05,9,105,1,502.16
2025-05-05,10,92,3,2043.48
2025-05-05,11,49,3,2954.88
2025-05-05,12,29,2,927.66
2025-05-06,1,419,8,5655.72
2025-05-06,2,216,5,3405.22
2025-05-06,3,102,5,2876.75
2025-05-06,4,137,4,1871.27
2025-05-06,5,73,2,844.82
2025-05-06,6,84,2,1554.72
2025-05-06,7,75,1,284.1
2025-05-06,8,76,1,1200.6
2025-05-06,9,101,4,2859.9
2025-05-06,10,65,0,0.0
2025-05-06,11,42,0,0.0
2025-05-06,12,25,1,1183.44
2025-05-07,1,610,12,9056.63
2025-05-07,2,307,2,911.76
2025-05-07,3,171,2,656.44
2025-05-07,4,178,11,10847.18
2025-05-07,5,115,4,2543.5
2025-05-07,6,127,3,1937.91
2025-05-07,7,92,2,562.52
2025-05-07,8,101,1,529.8
2025-05-07,9,137,2,1834.94
2025-05-07,10,104,1,279.17
2025-05-07,11,59,2,1808.28
2025-05-07,12,40,0,0.0
2025-05-08,1,297,9,5987.17
2025-05-08,2,160,2,880.57
2025-05-08,3,87,2,965.04
2025-05-08,4,104,3,2757.6
2025-05-08,5,65,4,3616.87
2025-05-08,6,65,1,813.12
2025-05-08,7,60,1,621.66
2025-05-08,8,57,1,1395.68
2025-05-08,9,76,3,3753.09
2025-05-08,10,57,3,2968.47
2025-05-08,11,31,1,347.2
2025-05-08,12,23,2,1943.56
2025-05-09,1,385,6,4299.11
2025-05-09,2,206,2,648.21
2025-05-09,3,97,3,1539.59
2025-05-09,4,116,4,1699.37
2025-05-09,5,71,2,965.2
2025-05-09,6,73,2,1557.06
2025-05-09,7,59,2,1592.33
2025-05-09,8,71,3,1066.08
2025-05-09,9,100,4,1942.44
2025-05-09,10,62,3,1212.02
2025-05-09,11,40,0,0.0
2025-05-09,12,25,0,0.0
2025-05-10,1,405,8,6614.36
2025-05-10,2,217,6,3184.07
2025-05-10,3,97,5,3558.53
2025-05-10,4,111,8,4063.22
2025-05-10,5,70,2,915.07
2025-05-10,6,83,3,2740.79
2025-05-10,7,65,0,0.0
2025-05-10,8,60,0,0.0
2025-05-10,9,98,1,910.14
2025-05-10,10,60,0,0.0
2025-05-10,11,36,2,593.4
2025-05-10,12,26,1,1286.64
2025-05-11,1,308,6,2658.11
2025-05-11,2,169,3,2303.53
2025-05-11,3,99,2,1273.14
2025-05-11,4,95,4,1772.83
2025-05-11,5,72,1,315.58
2025-05-11,6,77,1,557.36
2025-05-11,7,60,1,924.48
2025-05-11,8,60,0,0.0
2025-05-11,9,85,2,615.86
2025-05-11,10,57,1,577.02
2025-05-11,11,35,2,2075.37
2025-05-11,12,24,1,1244.24
2025-05-12,1,329,6,4800.57
2025-05-12,2,178,4,4007.15
2025-05-12,3,92,0,0.0
2025-05-12,4,94,6,3544.76
2025-05-12,5,65,0,0.0
2025-05-12,6,65,1,310.88
2025-05-12,7,55,3,2193.54
2025-05-12,8,56,1,337.87
2025-05-12,9,70,4,2056.31
2025-05-12,10,60,1,265.72
2025-05-12,11,34,1,304.72
2025-05-12,12,22,0,0.0
2025-05-13,1,267,5,3144.29
2025-05-13,2,131,2,1292.19
2025-05-13,3,73,2,2859.17
2025-05-13,4,82,4,1831.33
2025-05-13,5,53,4,2657.39
2025-05-13,6,52,4,1328.8
2025-05-13,7,46,1,1001.64
2025-05-13,8,46,2,2969.38
2025-05-13,9,64,2,556.14
2025-05-13,10,45,3,983.03
2025-05-13,11,29,0,0.0
2025-05-13,12,18,2,798.82
2025-05-14,1,317,8,4098.39
2025-05-14,2,171,2,1040.28
2025-05-14,3,98,2,841.66
2025-05-14,4,102,2,874.86
2025-05-14,5,76,2,1817.36
2025-05-14,6,75,4,2740.72
2025-05-14,7,55,3,2132.63
2025-05-14,8,54,1,1002.24
2025-05-14,9,83,3,1200.65
2025-05-14,10,52,2,1268.14
2025-05-14,11,34,2,1533.95
2025-05-14,12,25,0,0.0
2025-05-15,1,410,11,6625.65
2025-05-15,2,208,7,5416.1
2025-05-15,3,124,3,1410.96
2025-05-15,4,132,6,2856.68
2025-05-15,5,89,0,0.0
2025-05-15,6,100,1,1716.84
2025-05-15,7,76,4,2191.39
2025-05-15,8,78,3,1024.54
2025-05-15,9,115,0,0.0
2025-05-15,10,72,2,1052.56
2025-05-15,11,44,1,304.85
2025-05-15,12,33,1,1182.56
2025-05-16,1,300,5,3870.72
2025-05-16,2,166,2,857.83
2025-05-16,3,79,3,2847.38
2025-05-16,4,90,2,2357.86
2025-05-16,5,66,3,3603.18
2025-05-16,6,70,1,303.57
2025-05-16,7,47,1,1260.56
2025-05-16,8,57,0,0.0
2025-05-16,9,72,1,262.95
2025-05-16,10,55,4,2192.86
2025-05-16,11,30,1,955.95
2025-05-16,12,21,1,665.2
2025-05-17,1,511,11,7852.81
2025-05-17,2,271,4,3192.17
2025-05-17,3,131,7,5807.42
2025-05-17,4,138,1,313.93
2025-05-17,5,95,2,1806.14
2025-05-17,6,78,1,330.07
2025-05-17,7,88,0,0.0
2025-05-17,8,82,4,2349.96
2025-05-17,9,110,5,3648.47
2025-05-17,10,78,4,2451.1
2025-05-17,11,45,2,2456.85
2025-05-17,12,34,2,1263.71
2025-05-18,1,441,9,6673.85
2025-05-18,2,238,4,2877.42
2025-05-18,3,119,5,3568.67
2025-05-18,4,134,5,5603.33
2025-05-18,5,95,0,0.0
2025-05-18,6,95,3,3201.94
2025-05-18,7,78,2,2219.17
2025-05-18,8,74,1,299.18
2025-05-18,9,97,3,1714.94
2025-05-18,10,77,3,1985.35
2025-05-18,11,45,1,282.88
2025-05-18,12,29,1,606.9
2025-05-19,1,350,11,6366.71
2025-05-19,2,156,1,1281.4
2025-05-19,3,76,2,1212.8
2025-05-19,4,93,6,3297.07
2025-05-19,5,61,0,0.0
2025-05-19,6,62,3,3709.78
2025-05-19,7,54,2,2244.14
2025-05-19,8,47,2,2767.14
2025-05-19,9,76,3,955.24
2025-05-19,10,54,2,1140.18
2025-05-19,11,30,0,0.0
2025-05-19,12,19,0,0.0
2025-05-20,1,487,9,5820.92
2025-05-20,2,237,3,1770.0
2025-05-20,3,128,4,3513.8
2025-05-20,4,144,5,3932.78
2025-05-20,5,104,3,2734.81
2025-05-20,6,88,3,4089.59
2025-05-20,7,84,1,1242.32
2025-05-20,8,79,2,953.17
2025-05-20,9,100,4,1170.0
2025-05-20,10,77,1,346.55
2025-05-20,11,50,0,0.0
2025-05-20,12,33,2,940.55
2025-05-21,1,306,7,3919.7
2025-05-21,2,165,2,1231.2
2025-05-21,3,90,3,1003.89
2025-05-21,4,95,6,3994.36
2025-05-21,5,67,5,1548.02
2025-05-21,6,71,1,307.08
2025-05-21,7,52,2,2336.24
2025-05-21,8,53,0,0.0
2025-05-21,9,79,4,2213.06
2025-05-21,10,57,0,0.0
2025-05-21,11,34,1,634.74
2025-05-21,12,22,1,1301.32
2025-05-22,1,305,9,9479.45
2025-05-22,2,164,1,1583.05
2025-05-22,3,75,2,1632.65
2025-05-22,4,97,4,2860.81
2025-05-22,5,69,1,653.36
2025-05-22,6,62,1,1255.68
2025-05-22,7,54,3,3207.31
2025-05-22,8,51,2,864.76
2025-05-22,9,79,2,2540.89
2025-05-22,10,59,2,2461.2
2025-05-22,11,31,1,1355.28
2025-05-22,12,20,1,333.89
2025-05-23,1,235,4,4275.56
2025-05-23,2,127,4,2173.82
2025-05-23,3,61,5,4002.95
2025-05-23,4,70,5,2834.38
2025-05-23,5,45,1,961.29
2025-05-23,6,48,1,583.44
2025-05-23,7,44,3,2138.21
2025-05-23,8,43,0,0.0
2025-05-23,9,57,3,1773.55
2025-05-23,10,41,0,0.0
2025-05-23,11,25,1,369.7
2025-05-23,12,15,0,0.0
2025-05-24,1,394,13,9794.01
2025-05-24,2,180,3,1464.65
2025-05-24,3,108,2,1317.93
2025-05-24,4,134,5,6108.76
2025-05-24,5,80,2,1720.48
2025-05-24,6,83,0,0.0
2025-05-24,7,72,1,731.94
2025-05-24,8,71,1,935.22
2025-05-24,9,99,1,1252.4
2025-05-24,10,60,0,0.0
2025-05-24,11,47,0,0.0
2025-05-24,12,30,1,1303.84
2025-05-25,1,438,7,2973.16
2025-05-25,2,224,12,11803.52
2025-05-25,3,123,1,1425.2
2025-05-25,4,143,2,1204.82
2025-05-25,5,104,1,1374.0
2025-05-25,6,96,4,5390.06
2025-05-25,7,80,0,0.0
2025-05-25,8,81,5,3102.88
2025-05-25,9,107,3,2735.08
2025-05-25,10,85,2,893.14
2025-05-25,11,50,1,295.64
2025-05-25,12,34,0,0.0
2025-05-26,1,379,11,9408.47
2025-05-26,2,196,3,2311.22
2025-05-26,3,97,0,0.0
2025-05-26,4,128,7,3420.19
2025-05-26,5,82,4,2731.97
2025-05-26,6,83,4,3375.36
2025-05-26,7,64,3,1524.22
2025-05-26,8,64,2,933.56
2025-05-26,9,88,1,566.6
2025-05-26,10,69,1,920.04
2025-05-26,11,38,1,312.29
2025-05-26,12,25,2,598.33
2025-05-27,1,428,6,3272.61
2025-05-27,2,239,10,5449.72
2025-05-27,3,112,2,1521.28
2025-05-27,4,134,7,4105.46
2025-05-27,5,86,3,2325.66
2025-05-27,6,91,2,1350.38
2025-05-27,7,68,3,2387.12
2025-05-27,8,75,1,676.94
2025-05-27,9,100,0,0.0
2025-05-27,10,78,1,351.17
2025-05-27,11,45,0,0.0
2025-05-27,12,27,1,1237.72
2025-05-28,1,338,6,5992.94
2025-05-28,2,156,4,4114.23
2025-05-28,3,92,2,1622.27
2025-05-28,4,97,7,4450.18
2025-05-28,5,69,3,1158.12
2025-05-28,6,66,4,3639.22
2025-05-28,7,52,0,0.0
2025-05-28,8,61,4,2123.81
2025-05-28,9,81,3,1764.98
2025-05-28,10,56,0,0.0
2025-05-28,11,33,0,0.0
2025-05-28,12,22,0,0.0
2025-05-29,1,364,7,5645.9
2025-05-29,2,203,2,1701.12
2025-05-29,3,122,2,1023.05
2025-05-29,4,116,7,5871.27
2025-05-29,5,74,2,1310.01
2025-05-29,6,75,2,925.84
2025-05-29,7,68,2,1759.1
2025-05-29,8,63,3,2957.33
2025-05-29,9,87,1,315.89
2025-05-29,10,63,0,0.0
2025-05-29,11,40,0,0.0
2025-05-29,12,23,1,547.62
2025-05-30,1,280,8,3096.41
2025-05-30,2,148,2,1535.35
2025-05-30,3,74,0,0.0
2025-05-30,4,83,2,882.94
2025-05-30,5,53,1,302.31
2025-05-30,6,54,1,645.12
2025-05-30,7,49,0,0.0
2025-05-30,8,45,1,657.28
2025-05-30,9,62,5,4514.08
2025-05-30,10,47,1,556.32
2025-05-30,11,27,0,0.0
2025-05-30,12,18,0,0.0
2025-05-31,1,378,8,4922.13
2025-05-31,2,201,7,4330.89
2025-05-31,3,110,3,1618.59
2025-05-31,4,121,3,899.43
2025-05-31,5,88,2,664.66
2025-05-31,6,87,2,1267.11
2025-05-31,7,62,1,1194.04
2025-05-31,8,65,3,2225.54
2025-05-31,9,89,2,1411.72
2025-05-31,10,75,2,1037.82
2025-05-31,11,39,0,0.0
2025-05-31,12,26,0,0.0
2025-06-01,1,313,14,7751.99
2025-06-01,2,146,3,3998.04
2025-06-01,3,88,1,344.66
2025-06-01,4,136,3,2012.27
2025-06-01,5,75,1,913.08
2025-06-01,6,54,2,1278.28
2025-06-01,7,41,0,0.0
2025-06-01,8,59,0,0.0
2025-06-01,9,65,1,292.97
2025-06-01,10,47,1,298.5
2025-06-01,11,27,1,1020.0
2025-06-01,12,21,0,0.0
2025-06-02,1,267,8,4940.4
2025-06-02,2,139,2,1820.44
2025-06-02,3,67,5,3294.29
2025-06-02,4,110,2,2964.84
2025-06-02,5,66,2,1902.98
2025-06-02,6,55,1,643.08
2025-06-02,7,39,2,1869.24
2025-06-02,8,50,2,1768.69
2025-06-02,9,62,0,0.0
2025-06-02,10,44,0,0.0
2025-06-02,11,26,0,0.0
2025-06-02,12,18,0,0.0
2025-06-03,1,370,5,4871.12
2025-06-03,2,206,7,5265.84
2025-06-03,3,100,2,1174.96
2025-06-03,4,167,5,4022.85
2025-06-03,5,99,4,2317.39
2025-06-03,6,76,2,1481.29
2025-06-03,7,60,0,0.0
2025-06-03,8,70,2,1800.56
2025-06-03,9,84,4,3295.95
2025-06-03,10,64,2,1012.6
2025-06-03,11,35,1,746.76
2025-06-03,12,27,0,0.0
2025-06-04,1,359,7,2989.14
2025-06-04,2,187,5,3856.56
2025-06-04,3,98,2,1910.22
2025-06-04,4,178,3,1171.31
2025-06-04,5,98,5,2497.74
2025-06-04,6,73,1,947.1
2025-06-04,7,54,0,0.0
2025-06-04,8,72,1,320.85
2025-06-04,9,85,2,938.79
2025-06-04,10,66,1,301.47
2025-06-04,11,36,1,605.46
2025-06-04,12,25,2,1160.24
2025-06-05,1,270,15,8573.55
2025-06-05,2,174,1,640.28
2025-06-05,3,86,0,0.0
2025-06-05,4,147,5,5159.07
2025-06-05,5,77,2,1684.92
2025-06-05,6,73,3,2780.68
2025-06-05,7,53,1,889.05
2025-06-05,8,64,3,1879.34
2025-06-05,9,74,1,946.02
2025-06-05,10,53,2,703.48
2025-06-05,11,28,1,316.81
2025-06-05,12,22,0,0.0
2025-06-06,1,425,10,6243.68
2025-06-06,2,209,7,4587.25
2025-06-06,3,104,1,778.77
2025-06-06,4,175,4,1961.2
2025-06-06,5,103,4,3031.66
2025-06-06,6,95,3,1801.7
2025-06-06,7,60,0,0.0
2025-06-06,8,77,2,874.2
2025-06-06,9,84,0,0.0
2025-06-06,10,67,2,743.35
2025-06-06,11,38,0,0.0
2025-06-06,12,27,1,577.0
2025-06-07,1,384,14,7383.67
2025-06-07,2,199,6,2459.4
2025-06-07,3,108,3,1524.82
2025-06-07,4,177,3,1415.28
2025-06-07,5,100,2,1023.73
2025-06-07,6,85,4,1834.43
2025-06-07,7,58,2,2557.98
2025-06-07,8,63,3,3469.17
2025-06-07,9,94,3,1230.81
2025-06-07,10,62,3,1851.44
2025-06-07,11,34,2,1855.78
2025-06-07,12,30,1,1125.04
2025-06-08,1,336,8,8833.43
2025-06-08,2,162,3,2020.15
2025-06-08,3,83,3,1730.16
2025-06-08,4,115,5,2421.99
2025-06-08,5,81,1,654.26
2025-06-08,6,61,2,2062.13
2025-06-08,7,46,0,0.0
2025-06-08,8,53,0,0.0
2025-06-08,9,68,3,2780.66
2025-06-08,10,52,2,1767.66
2025-06-08,11,32,0,0.0
2025-06-08,12,20,1,612.2
2025-06-09,1,379,9,5839.13
2025-06-09,2,188,9,6549.9
2025-06-09,3,100,0,0.0
2025-06-09,4,155,6,2686.66
2025-06-09,5,93,2,2006.08
2025-06-09,6,75,1,1063.72
2025-06-09,7,60,3,2063.67
2025-06-09,8,70,2,2244.98
2025-06-09,9,93,3,2766.07
2025-06-09,10,55,1,626.46
2025-06-09,11,35,0,0.0
2025-06-09,12,24,0,0.0
2025-06-10,1,327,3,980.44
2025-06-10,2,168,7,6680.41
2025-06-10,3,83,3,1986.81
2025-06-10,4,142,2,1568.02
2025-06-10,5,86,3,3111.37
2025-06-10,6,69,1,324.16
2025-06-10,7,50,1,700.42
2025-06-10,8,59,2,615.34
2025-06-10,9,76,1,636.22
2025-06-10,10,51,3,1214.42
2025-06-10,11,31,2,610.77
2025-06-10,12,22,2,1236.27
2025-06-11,1,303,5,2579.6
2025-06-11,2,158,7,6674.14
2025-06-11,3,71,4,3099.42
2025-06-11,4,121,6,4353.29
2025-06-11,5,78,3,1515.75
2025-06-11,6,62,3,5202.66
2025-06-11,7,46,2,879.61
2025-06-11,8,56,3,1541.87
2025-06-11,9,69,1,341.5
2025-06-11,10,45,1,323.32
2025-06-11,11,25,0,0.0
2025-06-11,12,21,0,0.0
2025-06-12,1,317,6,3340.13
2025-06-12,2,174,0,0.0
2025-06-12,3,83,4,2510.98
2025-06-12,4,150,4,2123.23
2025-06-12,5,77,3,2200.93
2025-06-12,6,75,1,1933.14
2025-06-12,7,52,0,0.0
2025-06-12,8,61,3,2945.2
2025-06-12,9,67,2,2606.64
2025-06-12,10,49,2,2517.6
2025-06-12,11,30,0,0.0
2025-06-12,12,24,1,1101.8
2025-06-13,1,315,14,6956.08
2025-06-13,2,185,2,2370.56
2025-06-13,3,94,2,2315.98
2025-06-13,4,182,7,3552.45
2025-06-13,5,86,2,1170.88
2025-06-13,6,79,2,606.24
2025-06-13,7,49,1,307.03
2025-06-13,8,64,0,0.0
2025-06-13,9,76,1,295.54
2025-06-13,10,60,1,271.8
2025-06-13,11,33,1,303.35
2025-06-13,12,24,0,0.0
2025-06-14,1,220,6,3732.15
2025-06-14,2,124,3,2761.53
2025-06-14,3,66,2,894.38
2025-06-14,4,113,2,623.59
2025-06-14,5,55,1,349.36
2025-06-14,6,50,3,2332.79
2025-06-14,7,38,3,2239.34
2025-06-14,8,41,2,1625.07
2025-06-14,9,56,2,2220.3
2025-06-14,10,36,0,0.0
2025-06-14,11,20,0,0.0
2025-06-14,12,15,0,0.0
2025-06-15,1,474,11,5892.04
2025-06-15,2,240,6,2667.96
2025-06-15,3,126,2,1198.33
2025-06-15,4,212,7,4318.19
2025-06-15,5,120,3,2166.4
2025-06-15,6,103,4,4270.61
2025-06-15,7,69,0,0.0
2025-06-15,8,76,1,372.85
2025-06-15,9,103,2,1570.89
2025-06-15,10,81,0,0.0
2025-06-15,11,43,0,0.0
2025-06-15,12,36,0,0.0
2025-06-16,1,263,5,3563.4
2025-06-16,2,141,2,1061.53
2025-06-16,3,72,1,1318.24
2025-06-16,4,116,5,1457.65
2025-06-16,5,67,2,629.52
2025-06-16,6,56,2,585.62
2025-06-16,7,41,2,1955.16
2025-06-16,8,53,0,0.0
2025-06-16,9,58,3,3353.85
2025-06-16,10,39,3,1028.45
2025-06-16,11,23,1,574.26
2025-06-16,12,17,1,1084.38
2025-06-17,1,274,7,5229.22
2025-06-17,2,173,5,2584.58
2025-06-17,3,82,1,323.16
2025-06-17,4,134,3,953.62
2025-06-17,5,77,1,303.98
2025-06-17,6,68,1,331.71
2025-06-17,7,45,3,3013.58
2025-06-17,8,54,4,4828.28
2025-06-17,9,65,0,0.0
2025-06-17,10,45,1,673.36
2025-06-17,11,25,1,319.18
2025-06-17,12,24,1,631.74
2025-06-18,1,301,12,6272.84
2025-06-18,2,160,4,3446.7
2025-06-18,3,85,1,934.65
2025-06-18,4,138,5,3549.15
2025-06-18,5,78,3,2240.05
2025-06-18,6,63,3,1423.64
2025-06-18,7,48,1,2334.32
2025-06-18,8,60,1,905.07
2025-06-18,9,65,0,0.0
2025-06-18,10,50,1,280.63
2025-06-18,11,28,0,0.0
2025-06-18,12,23,0,0.0
2025-06-19,1,296,11,6966.4
2025-06-19,2,151,3,2107.64
2025-06-19,3,91,4,1310.59
2025-06-19,4,150,5,5565.65
2025-06-19,5,86,4,2298.4
2025-06-19,6,71,1,382.0
2025-06-19,7,48,0,0.0
2025-06-19,8,63,1,1459.3
2025-06-19,9,71,1,374.18
2025-06-19,10,50,2,576.47
2025-06-19,11,30,1,352.8
2025-06-19,12,23,0,0.0
2025-06-20,1,318,10,5387.29
2025-06-20,2,171,7,7105.92
2025-06-20,3,79,4,2613.95
2025-06-20,4,133,3,1497.02
2025-06-20,5,72,1,639.84
2025-06-20,6,68,3,4236.51
2025-06-20,7,47,1,757.3
2025-06-20,8,61,3,1478.23
2025-06-20,9,72,4,2924.13
2025-06-20,10,51,2,1661.41
2025-06-20,11,26,1,1460.6
2025-06-20,12,23,1,913.92
2025-06-21,1,423,15,10619.46
2025-06-21,2,237,0,0.0
2025-06-21,3,115,4,2298.41
2025-06-21,4,195,6,3278.94
2025-06-21,5,111,0,0.0
2025-06-21,6,97,0,0.0
2025-06-21,7,69,3,974.04
2025-06-21,8,78,3,2072.49
2025-06-21,9,96,0,0.0
2025-06-21,10,73,1,681.48
2025-06-21,11,44,2,2201.92
2025-06-21,12,30,0,0.0
2025-06-22,1,391,7,6180.47
2025-06-22,2,190,2,913.01
2025-06-22,3,95,3,1540.13
2025-06-22,4,169,4,3084.36
2025-06-22,5,88,0,0.0
2025-06-22,6,73,0,0.0
2025-06-22,7,57,3,1443.95
2025-06-22,8,68,1,966.39
2025-06-22,9,78,3,1701.9
2025-06-22,10,56,0,0.0
2025-06-22,11,35,0,0.0
2025-06-22,12,24,1,2224.81
2025-06-23,1,281,9,5121.85
2025-06-23,2,150,2,611.1
2025-06-23,3,75,1,473.96
2025-06-23,4,118,3,2639.36
2025-06-23,5,65,5,2728.29
2025-06-23,6,56,1,296.8
2025-06-23,7,44,1,601.94
2025-06-23,8,55,0,0.0
2025-06-23,9,64,3,1288.8
2025-06-23,10,47,0,0.0
2025-06-23,11,25,1,329.59
2025-06-23,12,20,0,0.0
2025-06-24,1,467,5,2178.28
2025-06-24,2,242,6,3964.4
2025-06-24,3,125,7,7371.83
2025-06-24,4,182,3,3523.49
2025-06-24,5,109,2,3275.49
2025-06-24,6,102,4,2759.06
2025-06-24,7,68,0,0.0
2025-06-24,8,90,2,570.94
2025-06-24,9,115,2,1708.61
2025-06-24,10,80,1,569.24
2025-06-24,11,38,1,369.63
2025-06-24,12,32,2,572.11
2025-06-25,1,477,8,3519.82
2025-06-25,2,234,2,601.63
2025-06-25,3,129,0,0.0
2025-06-25,4,195,5,2775.26
2025-06-25,5,111,2,1272.46
2025-06-25,6,99,5,2637.57
2025-06-25,7,73,1,747.58
2025-06-25,8,80,1,739.6
2025-06-25,9,111,5,4638.36
2025-06-25,10,79,3,4182.42
2025-06-25,11,43,1,1390.96
2025-06-25,12,30,1,661.82
2025-06-26,1,342,8,7357.66
2025-06-26,2,151,2,996.27
2025-06-26,3,70,3,1379.92
2025-06-26,4,127,4,2859.11
2025-06-26,5,64,1,1028.1
2025-06-26,6,60,2,3205.44
2025-06-26,7,45,1,354.96
2025-06-26,8,63,2,1302.01
2025-06-26,9,63,4,2455.8
2025-06-26,10,52,2,1389.24
2025-06-26,11,28,2,1761.73
2025-06-26,12,20,1,1288.44
2025-06-27,1,260,6,4130.1
2025-06-27,2,159,5,3705.36
2025-06-27,3,78,0,0.0
2025-06-27,4,159,5,6100.53
2025-06-27,5,73,3,1503.43
2025-06-27,6,68,3,1659.43
2025-06-27,7,46,0,0.0
2025-06-27,8,59,1,579.96
2025-06-27,9,74,2,880.36
2025-06-27,10,47,0,0.0
2025-06-27,11,29,0,0.0
2025-06-27,12,21,1,372.15
2025-06-28,1,368,9,7089.49
2025-06-28,2,197,4,2452.08
2025-06-28,3,107,1,717.44
2025-06-28,4,183,8,5682.6
2025-06-28,5,87,2,2308.68
2025-06-28,6,80,3,2139.92
2025-06-28,7,61,1,526.38
2025-06-28,8,72,1,1147.2
2025-06-28,9,84,1,665.92
2025-06-28,10,61,2,2042.3
2025-06-28,11,34,1,316.99
2025-06-28,12,26,0,0.0
2025-06-29,1,220,5,3150.57
2025-06-29,2,119,5,2442.21
2025-06-29,3,61,2,1785.55
2025-06-29,4,102,4,1463.12
2025-06-29,5,66,4,1925.05
2025-06-29,6,55,2,3013.84
2025-06-29,7,39,2,1875.74
2025-06-29,8,46,1,1412.36
2025-06-29,9,60,0,0.0
2025-06-29,10,38,2,1190.65
2025-06-29,11,24,2,1458.76
2025-06-29,12,18,0,0.0
2025-06-30,1,280,7,6419.79
2025-06-30,2,138,3,2948.06
2025-06-30,3,78,4,2834.79
2025-06-30,4,117,5,2591.72
2025-06-30,5,75,2,1637.49
2025-06-30,6,54,2,864.04
2025-06-30,7,41,0,0.0
2025-06-30,8,51,0,0.0
2025-06-30,9,61,2,1646.56
2025-06-30,10,45,3,2642.38
2025-06-30,11,25,0,0.0
2025-06-30,12,19,1,338.02
2025-07-01,1,475,10,7679.28
2025-07-01,2,242,4,1614.08
2025-07-01,3,138,4,3825.29
2025-07-01,4,235,5,2976.14
2025-07-01,5,113,5,3333.95
2025-07-01,6,100,3,1899.47
2025-07-01,7,65,1,570.78
2025-07-01,8,83,3,1170.3
2025-07-01,9,111,1,311.67
2025-07-01,10,81,4,4399.81
2025-07-01,11,40,1,1032.99
2025-07-01,12,31,0,0.0
2025-07-02,1,323,7,4867.31
2025-07-02,2,181,6,3349.08
2025-07-02,3,93,2,2727.95
2025-07-02,4,158,7,4809.83
2025-07-02,5,79,1,887.22
2025-07-02,6,78,1,670.5
2025-07-02,7,58,2,920.21
2025-07-02,8,62,2,1569.33
2025-07-02,9,78,2,2469.03
2025-07-02,10,56,0,0.0
2025-07-02,11,30,1,287.29
2025-07-02,12,24,0,0.0
2025-07-03,1,221,9,4241.92
2025-07-03,2,126,6,3307.33
2025-07-03,3,66,2,942.68
2025-07-03,4,104,6,3226.7
2025-07-03,5,52,1,955.74
2025-07-03,6,43,0,0.0
2025-07-03,7,34,0,0.0
2025-07-03,8,43,2,1376.68
2025-07-03,9,47,1,308.87
2025-07-03,10,39,2,2060.33
2025-07-03,11,22,2,887.07
2025-07-03,12,16,0,0.0
2025-07-04,1,350,4,3093.77
2025-07-04,2,201,5,3573.49
2025-07-04,3,92,2,1266.29
2025-07-04,4,181,5,2599.85
2025-07-04,5,85,2,1811.31
2025-07-04,6,86,0,0.0
2025-07-04,7,58,2,1164.56
2025-07-04,8,65,1,723.26
2025-07-04,9,92,1,1052.2
2025-07-04,10,65,3,1702.91
2025-07-04,11,32,1,367.95
2025-07-04,12,28,1,1450.25
2025-07-05,1,253,5,3430.73
2025-07-05,2,143,3,1214.28
2025-07-05,3,71,2,881.57
2025-07-05,4,116,8,4151.93
2025-07-05,5,71,1,279.53
2025-07-05,6,60,0,0.0
2025-07-05,7,38,0,0.0
2025-07-05,8,43,2,996.49
2025-07-05,9,61,3,1231.03
2025-07-05,10,40,1,1054.5
2025-07-05,11,27,1,342.8
2025-07-05,12,22,0,0.0
2025-07-06,1,293,11,11514.7
2025-07-06,2,141,3,2493.96
2025-07-06,3,83,2,2695.91
2025-07-06,4,137,5,2403.71
2025-07-06,5,81,1,330.46
2025-07-06,6,67,2,2095.42
2025-07-06,7,47,1,825.51
2025-07-06,8,60,1,694.72
2025-07-06,9,62,3,1548.06
2025-07-06,10,52,1,980.82
2025-07-06,11,26,1,330.79
2025-07-06,12,22,0,0.0
2025-07-07,1,273,9,3690.09
2025-07-07,2,132,8,6834.01
2025-07-07,3,71,1,779.37
2025-07-07,4,110,1,316.27
2025-07-07,5,64,1,335.29
2025-07-07,6,56,0,0.0
2025-07-07,7,45,5,2536.63
2025-07-07,8,52,2,1256.75
2025-07-07,9,58,1,657.76
2025-07-07,10,43,2,1257.1
2025-07-07,11,24,1,1369.65
2025-07-07,12,19,0,0.0
2025-07-08,1,295,5,3962.56
2025-07-08,2,121,5,3740.79
2025-07-08,3,59,4,1873.95
2025-07-08,4,123,0,0.0
2025-07-08,5,70,4,4634.11
2025-07-08,6,61,0,0.0
2025-07-08,7,40,2,1234.78
2025-07-08,8,51,0,0.0
2025-07-08,9,62,3,2634.15
2025-07-08,10,46,1,320.38
2025-07-08,11,26,0,0.0
2025-07-08,12,19,0,0.0
2025-07-09,1,310,7,5828.98
2025-07-09,2,150,2,1542.53
2025-07-09,3,67,3,1246.23
2025-07-09,4,131,4,4573.22
2025-07-09,5,70,1,617.9
2025-07-09,6,65,5,3400.4
2025-07-09,7,42,0,0.0
2025-07-09,8,55,1,300.83
2025-07-09,9,67,2,1411.32
2025-07-09,10,49,3,2561.34
2025-07-09,11,24,1,317.4
2025-07-09,12,21,0,0.0
2025-07-10,1,311,7,5825.62
2025-07-10,2,167,4,1831.7
2025-07-10,3,91,2,1757.88
2025-07-10,4,176,9,6456.98
2025-07-10,5,89,0,0.0
2025-07-10,6,63,2,1659.81
2025-07-10,7,56,1,309.38
2025-07-10,8,65,5,3552.7
2025-07-10,9,84,1,1389.08
2025-07-10,10,61,3,1316.01
2025-07-10,11,33,2,1203.59
2025-07-10,12,25,0,0.0
2025-07-11,1,413,12,8532.45
2025-07-11,2,207,4,1266.73
2025-07-11,3,103,1,294.65
2025-07-11,4,170,4,3056.61
2025-07-11,5,94,4,3355.32
2025-07-11,6,81,5,4488.0
2025-07-11,7,60,1,611.8
2025-07-11,8,72,1,654.08
2025-07-11,9,90,2,1024.86
2025-07-11,10,61,0,0.0
2025-07-11,11,37,2,885.56
2025-07-11,12,26,2,1593.18
2025-07-12,1,366,9,7300.83
2025-07-12,2,193,4,1722.85
2025-07-12,3,103,2,645.63
2025-07-12,4,157,1,654.36
2025-07-12,5,91,4,4107.14
2025-07-12,6,87,2,1533.16
2025-07-12,7,58,0,0.0
2025-07-12,8,73,1,652.92
2025-07-12,9,75,3,2755.39
2025-07-12,10,59,1,287.92
2025-07-12,11,32,2,793.39
2025-07-12,12,25,1,925.2
2025-07-13,1,292,7,5508.62
2025-07-13,2,153,5,3638.13
2025-07-13,3,76,1,1344.0
2025-07-13,4,130,3,2243.19
2025-07-13,5,74,2,627.72
2025-07-13,6,63,0,0.0
2025-07-13,7,47,0,0.0
2025-07-13,8,54,4,3137.25
2025-07-13,9,72,1,652.66
2025-07-13,10,51,1,604.0
2025-07-13,11,25,1,656.9
2025-07-13,12,21,1,523.46
2025-07-14,1,365,7,4255.11
2025-07-14,2,181,7,4267.59
2025-07-14,3,96,3,1343.37
2025-07-14,4,161,2,929.21
2025-07-14,5,88,2,3841.77
2025-07-14,6,76,1,1615.65
2025-07-14,7,58,0,0.0
2025-07-14,8,66,3,3058.62
2025-07-14,9,87,3,1281.6
2025-07-14,10,59,1,590.78
2025-07-14,11,31,1,310.49
2025-07-14,12,22,0,0.0
2025-07-15,1,259,7,5058.53
2025-07-15,2,126,2,2167.17
2025-07-15,3,71,1,291.93
2025-07-15,4,110,2,1344.74
2025-07-15,5,65,5,4318.46
2025-07-15,6,52,0,0.0
2025-07-15,7,40,0,0.0
2025-07-15,8,50,0,0.0
2025-07-15,9,56,1,340.88
2025-07-15,10,41,1,292.56
2025-07-15,11,21,0,0.0
2025-07-15,12,19,0,0.0
2025-07-16,1,245,7,2429.49
2025-07-16,2,117,5,3349.58
2025-07-16,3,58,0,0.0
2025-07-16,4,109,1,2484.27
2025-07-16,5,54,1,313.07
2025-07-16,6,46,1,903.09
2025-07-16,7,32,0,0.0
2025-07-16,8,41,2,1327.05
2025-07-16,9,49,2,655.06
2025-07-16,10,34,1,492.02
2025-07-16,11,21,0,0.0
2025-07-16,12,17,1,319.02
2025-07-17,1,188,7,4526.04
2025-07-17,2,96,4,1700.51
2025-07-17,3,50,0,0.0
2025-07-17,4,88,4,3079.17
2025-07-17,5,47,0,0.0
2025-07-17,6,41,2,1252.73
2025-07-17,7,31,1,1197.32
2025-07-17,8,36,1,285.28
2025-07-17,9,40,0,0.0
2025-07-17,10,32,0,0.0
2025-07-17,11,18,0,0.0
2025-07-17,12,13,0,0.0
2025-07-18,1,314,8,5596.31
2025-07-18,2,156,4,2964.57
2025-07-18,3,93,2,2607.4
2025-07-18,4,156,3,2000.78
2025-07-18,5,86,1,544.82
2025-07-18,6,77,3,1036.79
2025-07-18,7,47,0,0.0
2025-07-18,8,61,0,0.0
2025-07-18,9,75,2,2919.23
2025-07-18,10,53,3,3075.5
2025-07-18,11,31,0,0.0
2025-07-18,12,23,0,0.0
2025-07-19,1,416,11,7042.79
2025-07-19,2,188,5,3687.09
2025-07-19,3,95,2,3711.6
2025-07-19,4,164,2,1353.02
2025-07-19,5,100,3,3076.06
2025-07-19,6,82,1,1102.74
2025-07-19,7,56,2,932.99
2025-07-19,8,68,0,0.0
2025-07-19,9,85,2,1417.74
2025-07-19,10,61,1,321.9
2025-07-19,11,35,1,970.65
2025-07-19,12,29,0,0.0
2025-07-20,1,301,8,7825.24
2025-07-20,2,137,3,1012.69
2025-07-20,3,66,2,1958.18
2025-07-20,4,105,5,2586.01
2025-07-20,5,60,1,1364.12
2025-07-20,6,53,1,1844.5
2025-07-20,7,40,1,1770.36
2025-07-20,8,49,1,322.96
2025-07-20,9,61,2,4176.44
2025-07-20,10,46,1,299.5
2025-07-20,11,27,0,0.0
2025-07-20,12,19,1,652.32
2025-07-21,1,300,6,4735.69
2025-07-21,2,162,6,3938.78
2025-07-21,3,73,1,1598.04
2025-07-21,4,132,4,2761.98
2025-07-21,5,69,2,1005.13
2025-07-21,6,69,2,2494.74
2025-07-21,7,45,1,675.52
2025-07-21,8,57,1,558.82
2025-07-21,9,77,2,579.29
2025-07-21,10,47,2,2130.63
2025-07-21,11,27,0,0.0
2025-07-21,12,22,1,331.04
2025-07-22,1,360,9,3754.14
2025-07-22,2,168,6,4133.04
2025-07-22,3,90,3,1316.87
2025-07-22,4,158,3,1335.42
2025-07-22,5,86,2,788.81
2025-07-22,6,70,1,320.35
2025-07-22,7,51,0,0.0
2025-07-22,8,60,3,1275.54
2025-07-22,9,72,1,600.96
2025-07-22,10,55,3,2473.2
2025-07-22,11,31,0,0.0
2025-07-22,12,21,0,0.0
2025-07-23,1,259,10,8411.95
2025-07-23,2,134,3,4365.82
2025-07-23,3,69,3,3686.41
2025-07-23,4,110,3,2743.7
2025-07-23,5,55,1,290.56
2025-07-23,6,60,1,349.46
2025-07-23,7,38,0,0.0
2025-07-23,8,38,1,322.17
2025-07-23,9,58,1,1045.65
2025-07-23,10,43,1,289.12
2025-07-23,11,22,0,0.0
2025-07-23,12,18,0,0.0
2025-07-24,1,268,7,7272.78
2025-07-24,2,137,2,2253.13
2025-07-24,3,67,1,719.36
2025-07-24,4,132,5,3963.99
2025-07-24,5,65,2,1147.38
2025-07-24,6,61,2,1667.21
2025-07-24,7,39,3,2443.08
2025-07-24,8,53,0,0.0
2025-07-24,9,61,0,0.0
2025-07-24,10,48,1,646.84
2025-07-24,11,23,1,325.83
2025-07-24,12,19,0,0.0
2025-07-25,1,216,7,5529.62
2025-07-25,2,105,3,2060.36
2025-07-25,3,55,1,561.62
2025-07-25,4,96,4,5776.31
2025-07-25,5,60,1,355.06
2025-07-25,6,47,2,1543.78
2025-07-25,7,33,0,0.0
2025-07-25,8,44,2,1567.95
2025-07-25,9,57,3,1886.02
2025-07-25,10,38,2,1955.36
2025-07-25,11,22,0,0.0
2025-07-25,12,15,0,0.0
2025-07-26,1,271,9,6475.8
2025-07-26,2,119,2,880.91
2025-07-26,3,77,4,2822.07
2025-07-26,4,124,1,1116.45
2025-07-26,5,70,2,2672.05
2025-07-26,6,65,2,644.67
2025-07-26,7,40,1,323.46
2025-07-26,8,51,2,1184.11
2025-07-26,9,59,0,0.0
2025-07-26,10,46,2,540.45
2025-07-26,11,26,2,1401.76
2025-07-26,12,20,0,0.0
2025-07-27,1,303,10,8648.54
2025-07-27,2,160,2,981.32
2025-07-27,3,75,1,305.03
2025-07-27,4,142,4,2313.33
2025-07-27,5,79,0,0.0
2025-07-27,6,63,1,274.87
2025-07-27,7,43,2,925.62
2025-07-27,8,62,3,2078.69
2025-07-27,9,75,1,859.8
2025-07-27,10,50,1,318.42
2025-07-27,11,28,1,882.51
2025-07-27,12,20,1,318.14
2025-07-28,1,275,6,4665.85
2025-07-28,2,134,4,1950.16
2025-07-28,3,66,3,1894.55
2025-07-28,4,126,2,1775.58
2025-07-28,5,74,3,3516.46
2025-07-28,6,59,2,577.49
2025-07-28,7,39,2,1798.18
2025-07-28,8,50,0,0.0
2025-07-28,9,64,2,1652.38
2025-07-28,10,49,2,1761.52
2025-07-28,11,21,0,0.0
2025-07-28,12,19,0,0.0
2025-07-29,1,272,6,5882.7
2025-07-29,2,136,1,863.91
2025-07-29,3,73,3,2711.1
2025-07-29,4,117,5,4762.63
2025-07-29,5,69,4,3737.31
2025-07-29,6,53,2,927.99
2025-07-29,7,44,2,1322.58
2025-07-29,8,53,0,0.0
2025-07-29,9,68,4,2247.77
2025-07-29,10,46,0,0.0
2025-07-29,11,24,0,0.0
2025-07-29,12,19,0,0.0
2025-07-30,1,295,5,5134.63
2025-07-30,2,152,4,3045.56
2025-07-30,3,71,1,253.25
2025-07-30,4,109,1,299.76
2025-07-30,5,72,4,3755.43
2025-07-30,6,58,1,291.5
2025-07-30,7,42,0,0.0
2025-07-30,8,58,2,723.81
2025-07-30,9,65,2,1390.91
2025-07-30,10,48,4,2806.37
2025-07-30,11,29,0,0.0
2025-07-30,12,21,0,0.0
2025-07-31,1,294,11,7284.56
2025-07-31,2,156,6,4944.05
2025-07-31,3,75,1,317.99
2025-07-31,4,134,4,5155.92
2025-07-31,5,66,1,628.08
2025-07-31,6,57,0,0.0
2025-07-31,7,43,1,983.55
2025-07-31,8,49,2,1208.92
2025-07-31,9,66,0,0.0
2025-07-31,10,47,2,624.03
2025-07-31,11,22,1,1265.95
2025-07-31,12,19,0,0.0
2025-08-01,1,258,5,2984.78
2025-08-01,2,140,4,1933.28
2025-08-01,3,72,3,1920.89
2025-08-01,4,103,3,1930.29
2025-08-01,5,67,1,277.01
2025-08-01,6,60,0,0.0
2025-08-01,7,38,1,573.54
2025-08-01,8,47,0,0.0
2025-08-01,9,58,3,1000.85
2025-08-01,10,39,5,4753.53
2025-08-01,11,25,0,0.0
2025-08-01,12,18,0,0.0
2025-08-02,1,300,3,1544.11
2025-08-02,2,172,2,2477.83
2025-08-02,3,76,3,1429.14
2025-08-02,4,141,4,1844.49
2025-08-02,5,73,1,292.98
2025-08-02,6,60,2,1136.49
2025-08-02,7,45,3,2068.47
2025-08-02,8,58,2,533.79
2025-08-02,9,72,3,3273.73
2025-08-02,10,48,0,0.0
2025-08-02,11,27,2,1631.96
2025-08-02,12,22,1,278.23
2025-08-03,1,220,7,5141.21
2025-08-03,2,140,3,1943.81
2025-08-03,3,67,0,0.0
2025-08-03,4,109,3,1196.78
2025-08-03,5,63,4,2965.34
2025-08-03,6,52,4,2571.46
2025-08-03,7,37,2,1633.52
2025-08-03,8,47,0,0.0
2025-08-03,9,58,1,1300.64
2025-08-03,10,40,2,2316.78
2025-08-03,11,25,1,1032.36
2025-08-03,12,16,0,0.0
2025-08-04,1,243,12,8450.25
2025-08-04,2,123,4,3312.37
2025-08-04,3,70,1,280.66
2025-08-04,4,113,4,2376.67
2025-08-04,5,61,3,1814.61
2025-08-04,6,54,2,1239.39
2025-08-04,7,38,2,1086.81
2025-08-04,8,48,1,303.66
2025-08-04,9,56,0,0.0
2025-08-04,10,44,0,0.0
2025-08-04,11,23,1,312.13
2025-08-04,12,18,0,0.0
2025-08-05,1,225,8,5505.88
2025-08-05,2,115,2,892.77
2025-08-05,3,61,3,1973.02
2025-08-05,4,109,0,0.0
2025-08-05,5,58,0,0.0
2025-08-05,6,49,0,0.0
2025-08-05,7,36,0,0.0
2025-08-05,8,46,2,1910.06
2025-08-05,9,57,4,2445.63
2025-08-05,10,37,3,3333.46
2025-08-05,11,23,0,0.0
2025-08-05,12,18,2,1137.08
2025-08-06,1,284,6,3392.87
2025-08-06,2,133,3,1825.52
2025-08-06,3,75,2,960.43
2025-08-06,4,118,1,3078.45
2025-08-06,5,66,0,0.0
2025-08-06,6,64,3,910.75
2025-08-06,7,44,2,1571.03
2025-08-06,8,55,1,986.46
2025-08-06,9,69,2,977.52
2025-08-06,10,44,0,0.0
2025-08-06,11,25,2,2965.76
2025-08-06,12,22,0,0.0
2025-08-07,1,237,6,4386.66
2025-08-07,2,133,6,6740.76
2025-08-07,3,67,3,1690.01
2025-08-07,4,114,6,6242.06
2025-08-07,5,61,5,4056.94
2025-08-07,6,58,0,0.0
2025-08-07,7,38,1,304.93
2025-08-07,8,43,1,1247.72
2025-08-07,9,58,1,292.64
2025-08-07,10,40,2,1423.06
2025-08-07,11,23,0,0.0
2025-08-07,12,17,0,0.0
2025-08-08,1,253,9,7093.17
2025-08-08,2,127,4,3939.82
2025-08-08,3,64,4,1474.16
2025-08-08,4,109,3,1732.89
2025-08-08,5,58,0,0.0
2025-08-08,6,53,0,0.0
2025-08-08,7,38,1,316.41
2025-08-08,8,46,1,848.07
2025-08-08,9,64,0,0.0
2025-08-08,10,43,0,0.0
2025-08-08,11,25,2,1422.89
2025-08-08,12,17,1,1491.2
2025-08-09,1,200,8,4341.66
2025-08-09,2,97,3,2006.41
2025-08-09,3,55,3,3713.38
2025-08-09,4,91,3,2177.44
2025-08-09,5,56,1,287.9
2025-08-09,6,43,1,274.47
2025-08-09,7,31,1,600.54
2025-08-09,8,44,0,0.0
2025-08-09,9,47,3,1514.17
2025-08-09,10,33,1,577.52
2025-08-09,11,20,0,0.0
2025-08-09,12,15,0,0.0
2025-08-10,1,335,12,7252.27
2025-08-10,2,175,3,1281.57
2025-08-10,3,93,0,0.0
2025-08-10,4,134,1,1158.08
2025-08-10,5,75,1,256.31
2025-08-10,6,70,3,3184.69
2025-08-10,7,54,0,0.0
2025-08-10,8,62,0,0.0
2025-08-10,9,66,0,0.0
2025-08-10,10,53,1,794.04
2025-08-10,11,33,2,1596.98
2025-08-10,12,27,0,0.0
2025-08-11,1,208,4,1855.12
2025-08-11,2,97,0,0.0
2025-08-11,3,53,4,4981.19
2025-08-11,4,95,1,633.54
2025-08-11,5,47,1,280.82
2025-08-11,6,41,1,359.24
2025-08-11,7,35,0,0.0
2025-08-11,8,39,2,1988.24
2025-08-11,9,49,1,567.22
2025-08-11,10,28,0,0.0
2025-08-11,11,17,2,3627.24
2025-08-11,12,12,0,0.0
2025-08-12,1,242,5,3118.8
2025-08-12,2,121,1,274.18
2025-08-12,3,65,0,0.0
2025-08-12,4,113,5,3793.33
2025-08-12,5,65,2,2318.45
2025-08-12,6,56,0,0.0
2025-08-12,7,37,2,1629.26
2025-08-12,8,49,2,1184.12
2025-08-12,9,53,0,0.0
2025-08-12,10,40,0,0.0
2025-08-12,11,21,2,1017.78
2025-08-12,12,17,0,0.0
2025-08-13,1,266,7,3845.57
2025-08-13,2,154,3,2295.64
2025-08-13,3,75,1,328.37
2025-08-13,4,120,2,913.82
2025-08-13,5,67,3,2706.77
2025-08-13,6,59,1,770.76
2025-08-13,7,41,2,956.09
2025-08-13,8,51,2,2907.72
2025-08-13,9,65,0,0.0
2025-08-13,10,43,0,0.0
2025-08-13,11,25,3,1870.03
2025-08-13,12,20,0,0.0
2025-08-14,1,412,7,4445.26
2025-08-14,2,196,12,8293.73
2025-08-14,3,99,2,1480.0
2025-08-14,4,171,4,1916.5
2025-08-14,5,86,1,345.5
2025-08-14,6,80,0,0.0
2025-08-14,7,53,2,1348.04
2025-08-14,8,70,2,1230.54
2025-08-14,9,77,4,2128.64
2025-08-14,10,58,3,1876.6
2025-08-14,11,37,1,668.94
2025-08-14,12,27,2,604.72
2025-08-15,1,276,7,7582.32
2025-08-15,2,140,1,276.27
2025-08-15,3,75,1,589.96
2025-08-15,4,131,3,1459.64
2025-08-15,5,64,3,3118.96
2025-08-15,6,60,3,2496.35
2025-08-15,7,42,2,612.51
2025-08-15,8,41,1,623.66
2025-08-15,9,56,1,849.15
2025-08-15,10,48,0,0.0
2025-08-15,11,27,1,320.21
2025-08-15,12,17,0,0.0
2025-08-16,1,316,10,7295.17
2025-08-16,2,187,2,2423.79
2025-08-16,3,84,4,2826.19
2025-08-16,4,150,3,2200.34
2025-08-16,5,88,4,2701.46
2025-08-16,6,67,1,312.46
2025-08-16,7,54,2,1656.24
2025-08-16,8,65,0,0.0
2025-08-16,9,72,1,291.93
2025-08-16,10,54,1,1907.76
2025-08-16,11,28,1,1507.45
2025-08-16,12,24,0,0.0
2025-08-17,1,196,9,5500.4
2025-08-17,2,93,1,364.67
2025-08-17,3,53,1,298.26
2025-08-17,4,83,4,2471.98
2025-08-17,5,42,1,1132.29
2025-08-17,6,38,0,0.0
2025-08-17,7,28,0,0.0
2025-08-17,8,36,0,0.0
2025-08-17,9,43,0,0.0
2025-08-17,10,28,0,0.0
2025-08-17,11,17,1,294.96
2025-08-17,12,13,1,633.7
2025-08-18,1,244,3,1933.1
2025-08-18,2,129,3,876.59
2025-08-18,3,65,1,303.05
2025-08-18,4,121,4,2856.24
2025-08-18,5,68,1,262.59
2025-08-18,6,56,1,622.42
2025-08-18,7,37,2,623.95
2025-08-18,8,45,2,918.52
2025-08-18,9,57,2,885.2
2025-08-18,10,40,1,1362.8
2025-08-18,11,24,2,580.62
2025-08-18,12,17,0,0.0
2025-08-19,1,265,6,2618.7
2025-08-19,2,149,3,1501.49
2025-08-19,3,73,1,241.45
2025-08-19,4,110,3,1239.92
2025-08-19,5,64,3,1474.58
2025-08-19,6,58,0,0.0
2025-08-19,7,40,1,1015.64
2025-08-19,8,50,4,2362.21
2025-08-19,9,57,5,4315.59
2025-08-19,10,43,1,289.57
2025-08-19,11,25,0,0.0
2025-08-19,12,20,0,0.0
2025-08-20,1,241,4,2218.61
2025-08-20,2,126,2,1209.67
2025-08-20,3,54,3,860.2
2025-08-20,4,103,5,2672.96
2025-08-20,5,52,1,263.56
2025-08-20,6,49,1,721.86
2025-08-20,7,34,2,1123.64
2025-08-20,8,37,0,0.0
2025-08-20,9,54,2,1789.18
2025-08-20,10,39,0,0.0
2025-08-20,11,19,1,1192.92
2025-08-20,12,15,0,0.0
2025-08-21,1,266,4,4366.01
2025-08-21,2,127,3,1427.83
2025-08-21,3,62,0,0.0
2025-08-21,4,109,1,318.12
2025-08-21,5,59,2,2018.16
2025-08-21,6,55,2,1468.72
2025-08-21,7,40,2,1795.0
2025-08-21,8,42,3,2078.42
2025-08-21,9,47,3,2437.28
2025-08-21,10,36,2,785.96
2025-08-21,11,19,1,633.08
2025-08-21,12,17,0,0.0
2025-08-22,1,316,7,3391.61
2025-08-22,2,163,5,3212.83
2025-08-22,3,72,2,1448.34
2025-08-22,4,153,2,1115.4
2025-08-22,5,73,3,1866.37
2025-08-22,6,65,2,1764.42
2025-08-22,7,48,0,0.0
2025-08-22,8,60,0,0.0
2025-08-22,9,71,1,319.6
2025-08-22,10,52,2,1360.78
2025-08-22,11,28,2,1489.35
2025-08-22,12,24,0,0.0
2025-08-23,1,238,6,6975.2
2025-08-23,2,137,5,2705.34
2025-08-23,3,78,2,1265.77
2025-08-23,4,117,2,1026.16
2025-08-23,5,64,2,604.19
2025-08-23,6,57,1,290.23
2025-08-23,7,44,0,0.0
2025-08-23,8,55,2,912.03
2025-08-23,9,62,2,1802.83
2025-08-23,10,42,2,2606.92
2025-08-23,11,23,2,1005.95
2025-08-23,12,18,0,0.0
2025-08-24,1,264,8,4477.36
2025-08-24,2,160,1,237.88
2025-08-24,3,71,2,1071.08
2025-08-24,4,116,1,611.68
2025-08-24,5,61,1,1259.6
2025-08-24,6,61,0,0.0
2025-08-24,7,42,2,1852.34
2025-08-24,8,55,0,0.0
2025-08-24,9,63,4,3105.83
2025-08-24,10,46,0,0.0
2025-08-24,11,27,0,0.0
2025-08-24,12,20,0,0.0
2025-08-25,1,330,8,3928.31
2025-08-25,2,176,3,1073.36
2025-08-25,3,93,2,1320.41
2025-08-25,4,153,5,3098.29
2025-08-25,5,86,1,498.0
2025-08-25,6,67,4,5239.42
2025-08-25,7,48,2,1454.16
2025-08-25,8,65,0,0.0
2025-08-25,9,71,1,292.05
2025-08-25,10,54,0,0.0
2025-08-25,11,30,1,1158.24
2025-08-25,12,24,2,885.77
2025-08-26,1,321,9,5580.49
2025-08-26,2,154,0,0.0
2025-08-26,3,74,1,549.48
2025-08-26,4,132,1,369.22
2025-08-26,5,78,2,1721.06
2025-08-26,6,64,5,2993.6
2025-08-26,7,45,2,467.08
2025-08-26,8,60,2,1842.44
2025-08-26,9,74,3,2410.27
2025-08-26,10,47,0,0.0
2025-08-26,11,28,0,0.0
2025-08-26,12,19,2,809.75
2025-08-27,1,340,10,6095.0
2025-08-27,2,177,5,3253.56
2025-08-27,3,90,4,2522.9
2025-08-27,4,169,3,1560.96
2025-08-27,5,90,1,274.16
2025-08-27,6,76,1,267.96
2025-08-27,7,47,0,0.0
2025-08-27,8,73,2,1126.98
2025-08-27,9,95,0,0.0
2025-08-27,10,57,2,1795.43
2025-08-27,11,32,0,0.0
2025-08-27,12,24,0,0.0
2025-08-28,1,191,6,3348.41
2025-08-28,2,115,3,1694.55
2025-08-28,3,59,7,4998.81
2025-08-28,4,98,2,1726.47
2025-08-28,5,49,1,266.59
2025-08-28,6,46,1,1308.56
2025-08-28,7,31,0,0.0
2025-08-28,8,42,1,354.25
2025-08-28,9,51,1,670.72
2025-08-28,10,31,2,535.77
2025-08-28,11,19,0,0.0
2025-08-28,12,16,0,0.0
2025-08-29,1,268,8,3344.44
2025-08-29,2,152,2,976.83
2025-08-29,3,75,0,0.0
2025-08-29,4,134,2,522.02
2025-08-29,5,61,1,291.75
2025-08-29,6,59,6,2667.34
2025-08-29,7,43,0,0.0
2025-08-29,8,59,1,582.04
2025-08-29,9,62,2,1449.61
2025-08-29,10,49,2,1822.8
2025-08-29,11,28,1,361.16
2025-08-29,12,19,0,0.0
2025-08-30,1,434,10,8610.9
2025-08-30,2,215,5,3232.02
2025-08-30,3,122,7,5543.08
2025-08-30,4,177,3,1840.47
2025-08-30,5,94,1,453.46
2025-08-30,6,109,3,1551.23
2025-08-30,7,65,3,1842.54
2025-08-30,8,75,2,2541.18
2025-08-30,9,109,0,0.0
2025-08-30,10,65,2,640.04
2025-08-30,11,44,2,1816.92
2025-08-30,12,33,0,0.0
2025-08-31,1,194,3,1243.34
2025-08-31,2,94,6,3371.2
2025-08-31,3,50,3,4049.89
2025-08-31,4,82,1,306.72
2025-08-31,5,48,2,1206.9
2025-08-31,6,42,1,326.28
2025-08-31,7,26,1,350.65
2025-08-31,8,36,0,0.0
2025-08-31,9,42,2,988.3
2025-08-31,10,33,1,259.32
2025-08-31,11,19,2,493.9
2025-08-31,12,14,0,0.0
2025-09-01,1,257,11,5214.31
2025-09-01,2,154,3,5316.09
2025-09-01,3,77,0,0.0
2025-09-01,4,81,1,662.88
2025-09-01,5,59,2,1353.41
2025-09-01,6,56,3,863.3
2025-09-01,7,47,4,2053.67
2025-09-01,8,48,1,567.4
2025-09-01,9,62,0,0.0
2025-09-01,10,41,1,554.84
2025-09-01,11,27,2,1370.41
2025-09-01,12,16,0,0.0
2025-09-02,1,250,9,6251.25
2025-09-02,2,139,3,1269.11
2025-09-02,3,61,2,2754.28
2025-09-02,4,82,1,272.29
2025-09-02,5,55,1,676.3
2025-09-02,6,51,2,2444.38
2025-09-02,7,43,3,3181.32
2025-09-02,8,44,2,1533.44
2025-09-02,9,59,0,0.0
2025-09-02,10,43,3,1654.23
2025-09-02,11,27,2,613.19
2025-09-02,12,16,0,0.0
2025-09-03,1,357,6,5302.69
2025-09-03,2,179,5,3149.2
2025-09-03,3,101,2,2075.07
2025-09-03,4,103,3,939.72
2025-09-03,5,78,2,858.69
2025-09-03,6,70,2,1157.49
2025-09-03,7,62,2,518.43
2025-09-03,8,58,1,259.85
2025-09-03,9,83,2,1682.64
2025-09-03,10,58,0,0.0
2025-09-03,11,35,3,1461.41
2025-09-03,12,25,0,0.0
2025-09-04,1,406,11,6527.85
2025-09-04,2,174,4,3289.71
2025-09-04,3,105,2,1617.27
2025-09-04,4,113,9,4700.64
2025-09-04,5,80,2,1415.22
2025-09-04,6,80,1,658.4
2025-09-04,7,60,0,0.0
2025-09-04,8,65,2,1377.96
2025-09-04,9,86,2,597.42
2025-09-04,10,64,1,1164.44
2025-09-04,11,41,1,288.15
2025-09-04,12,27,0,0.0
2025-09-05,1,285,8,5668.14
2025-09-05,2,156,7,3787.08
2025-09-05,3,79,2,621.49
2025-09-05,4,83,2,1902.12
2025-09-05,5,60,1,560.16
2025-09-05,6,57,1,1044.75
2025-09-05,7,51,0,0.0
2025-09-05,8,50,3,1606.9
2025-09-05,9,67,1,769.38
2025-09-05,10,45,0,0.0
2025-09-05,11,30,2,1174.94
2025-09-05,12,20,0,0.0
2025-09-06,1,308,4,2532.34
2025-09-06,2,152,8,8050.51
2025-09-06,3,80,1,258.33
2025-09-06,4,89,1,610.92
2025-09-06,5,68,4,3251.02
2025-09-06,6,58,2,1478.11
2025-09-06,7,50,2,1025.35
2025-09-06,8,54,2,637.73
2025-09-06,9,80,2,1038.72
2025-09-06,10,53,2,1486.79
2025-09-06,11,26,2,1877.28
2025-09-06,12,19,0,0.0
2025-09-07,1,279,6,3452.28
2025-09-07,2,155,3,2446.86
2025-09-07,3,88,3,1852.2
2025-09-07,4,84,1,1025.4
2025-09-07,5,52,2,922.88
2025-09-07,6,56,4,1283.6
2025-09-07,7,48,0,0.0
2025-09-07,8,45,1,313.52
2025-09-07,9,73,2,1182.1
2025-09-07,10,47,0,0.0
2025-09-07,11,29,0,0.0
2025-09-07,12,19,2,799.84
2025-09-08,1,381,9,4673.91
2025-09-08,2,190,6,4849.26
2025-09-08,3,95,2,627.01
2025-09-08,4,113,4,2024.46
2025-09-08,5,76,0,0.0
2025-09-08,6,77,1,325.13
2025-09-08,7,64,1,945.15
2025-09-08,8,61,2,531.14
2025-09-08,9,78,4,1064.88
2025-09-08,10,60,1,555.36
2025-09-08,11,38,1,303.14
2025-09-08,12,25,0,0.0
2025-09-09,1,269,9,7308.29
2025-09-09,2,143,3,2770.18
2025-09-09,3,71,0,0.0
2025-09-09,4,80,5,2280.88
2025-09-09,5,54,1,541.18
2025-09-09,6,48,4,4378.8
2025-09-09,7,44,0,0.0
2025-09-09,8,46,1,649.8
2025-09-09,9,64,3,1913.68
2025-09-09,10,39,0,0.0
2025-09-09,11,26,0,0.0
2025-09-09,12,18,0,0.0
2025-09-10,1,308,5,1425.2
2025-09-10,2,148,2,2489.84
2025-09-10,3,88,3,1724.13
2025-09-10,4,86,3,2190.89
2025-09-10,5,64,3,3021.61
2025-09-10,6,59,0,0.0
2025-09-10,7,47,2,1151.91
2025-09-10,8,52,1,253.78
2025-09-10,9,77,3,1556.21
2025-09-10,10,50,1,652.74
2025-09-10,11,33,1,958.48
2025-09-10,12,22,1,303.38
2025-09-11,1,262,8,5280.58
2025-09-11,2,147,1,565.08
2025-09-11,3,81,2,2259.42
2025-09-11,4,91,0,0.0
2025-09-11,5,58,2,2246.55
2025-09-11,6,61,3,1103.52
2025-09-11,7,52,2,1431.08
2025-09-11,8,46,1,256.12
2025-09-11,9,73,2,801.01
2025-09-11,10,53,2,1095.49
2025-09-11,11,30,1,569.62
2025-09-11,12,18,3,3546.0
2025-09-12,1,319,9,5907.33
2025-09-12,2,140,3,1563.54
2025-09-12,3,84,3,901.09
2025-09-12,4,96,0,0.0
2025-09-12,5,55,1,961.38
2025-09-12,6,60,1,355.31
2025-09-12,7,46,0,0.0
2025-09-12,8,52,1,328.06
2025-09-12,9,67,5,2337.64
2025-09-12,10,45,2,895.67
2025-09-12,11,29,1,2122.47
2025-09-12,12,19,1,335.05
2025-09-13,1,230,5,2828.0
2025-09-13,2,141,3,937.54
2025-09-13,3,66,1,278.2
2025-09-13,4,73,2,621.11
2025-09-13,5,52,2,2169.02
2025-09-13,6,55,0,0.0
2025-09-13,7,41,2,880.62
2025-09-13,8,44,1,1290.56
2025-09-13,9,58,0,0.0
2025-09-13,10,42,0,0.0
2025-09-13,11,25,0,0.0
2025-09-13,12,16,0,0.0
2025-09-14,1,357,8,6668.5
2025-09-14,2,208,5,3391.91
2025-09-14,3,107,6,3639.67
2025-09-14,4,120,2,1891.12
2025-09-14,5,80,4,3416.35
2025-09-14,6,70,4,1855.35
2025-09-14,7,62,1,409.82
2025-09-14,8,64,2,503.42
2025-09-14,9,93,3,1799.6
2025-09-14,10,70,0,0.0
2025-09-14,11,39,0,0.0
2025-09-14,12,26,0,0.0
2025-09-15,1,334,8,3045.34
2025-09-15,2,188,3,1416.66
2025-09-15,3,99,3,855.94
2025-09-15,4,111,3,2211.75
2025-09-15,5,71,3,1603.9
2025-09-15,6,76,1,305.56
2025-09-15,7,48,1,283.76
2025-09-15,8,53,1,338.61
2025-09-15,9,77,3,2596.33
2025-09-15,10,59,0,0.0
2025-09-15,11,38,0,0.0
2025-09-15,12,24,0,0.0
2025-09-16,1,340,8,5389.34
2025-09-16,2,176,4,2737.5
2025-09-16,3,96,3,1146.11
2025-09-16,4,118,4,2739.62
2025-09-16,5,79,3,1834.09
2025-09-16,6,77,2,873.57
2025-09-16,7,61,1,253.43
2025-09-16,8,62,1,464.66
2025-09-16,9,89,3,2025.0
2025-09-16,10,62,1,702.68
2025-09-16,11,33,0,0.0
2025-09-16,12,25,0,0.0
2025-09-17,1,178,5,1975.28
2025-09-17,2,88,2,589.35
2025-09-17,3,49,3,2414.63
2025-09-17,4,53,0,0.0
2025-09-17,5,35,4,5130.38
2025-09-17,6,39,0,0.0
2025-09-17,7,29,0,0.0
2025-09-17,8,30,3,1412.11
2025-09-17,9,41,0,0.0
2025-09-17,10,26,0,0.0
2025-09-17,11,17,1,1129.85
2025-09-17,12,11,0,0.0
2025-09-18,1,218,5,3633.54
2025-09-18,2,110,5,2436.75
2025-09-18,3,64,1,1130.84
2025-09-18,4,70,1,237.57
2025-09-18,5,45,2,2185.08
2025-09-18,6,51,1,1327.65
2025-09-18,7,40,0,0.0
2025-09-18,8,41,3,2050.1
2025-09-18,9,60,2,2506.01
2025-09-18,10,43,2,1101.02
2025-09-18,11,25,1,581.14
2025-09-18,12,17,0,0.0
2025-09-19,1,264,10,5733.55
2025-09-19,2,124,3,2846.05
2025-09-19,3,58,3,1340.87
2025-09-19,4,74,3,893.62
2025-09-19,5,50,0,0.0
2025-09-19,6,54,2,801.11
2025-09-19,7,43,1,937.76
2025-09-19,8,41,0,0.0
2025-09-19,9,56,2,560.17
2025-09-19,10,43,1,630.98
2025-09-19,11,24,1,492.44
2025-09-19,12,18,0,0.0
2025-09-20,1,441,9,6309.82
2025-09-20,2,190,2,525.4
2025-09-20,3,102,3,2016.49
2025-09-20,4,128,1,666.34
2025-09-20,5,81,4,3047.88
2025-09-20,6,77,3,910.83
2025-09-20,7,80,2,1134.45
2025-09-20,8,70,4,3675.37
2025-09-20,9,100,2,1086.84
2025-09-20,10,72,1,253.5
2025-09-20,11,46,1,464.12
2025-09-20,12,27,0,0.0
2025-09-21,1,440,13,9623.14
2025-09-21,2,198,3,1822.21
2025-09-21,3,109,4,1590.31
2025-09-21,4,129,4,2782.44
2025-09-21,5,84,1,1002.24
2025-09-21,6,86,1,268.3
2025-09-21,7,78,2,1101.05
2025-09-21,8,69,2,2027.54
2025-09-21,9,99,0,0.0
2025-09-21,10,68,2,1579.84
2025-09-21,11,40,2,1705.74
2025-09-21,12,28,0,0.0
2025-09-22,1,313,11,6555.05
2025-09-22,2,163,4,4309.34
2025-09-22,3,88,2,2867.96
2025-09-22,4,103,1,269.57
2025-09-22,5,63,1,497.74
2025-09-22,6,74,1,534.02
2025-09-22,7,56,4,2689.9
2025-09-22,8,58,0,0.0
2025-09-22,9,87,6,3492.45
2025-09-22,10,54,2,1618.44
2025-09-22,11,33,0,0.0
2025-09-22,12,21,0,0.0
2025-09-23,1,421,9,4593.76
2025-09-23,2,212,6,3821.58
2025-09-23,3,115,2,1387.27
2025-09-23,4,118,4,2515.83
2025-09-23,5,82,4,1961.54
2025-09-23,6,77,4,2072.14
2025-09-23,7,63,6,2265.06
2025-09-23,8,69,1,304.74
2025-09-23,9,101,7,3264.98
2025-09-23,10,68,0,0.0
2025-09-23,11,42,1,278.64
2025-09-23,12,28,0,0.0
2025-09-24,1,136,4,2268.17
2025-09-24,2,79,5,2518.85
2025-09-24,3,41,0,0.0
2025-09-24,4,44,0,0.0
2025-09-24,5,32,1,512.9
2025-09-24,6,29,1,246.33
2025-09-24,7,25,0,0.0
2025-09-24,8,26,1,300.64
2025-09-24,9,36,3,1453.99
2025-09-24,10,25,2,856.56
2025-09-24,11,15,0,0.0
2025-09-24,12,10,0,0.0
2025-09-25,1,350,8,4198.7
2025-09-25,2,183,5,4265.21
2025-09-25,3,85,1,535.92
2025-09-25,4,117,3,1390.68
2025-09-25,5,82,3,1733.41
2025-09-25,6,77,2,887.61
2025-09-25,7,60,2,1351.82
2025-09-25,8,65,0,0.0
2025-09-25,9,94,1,556.88
2025-09-25,10,54,5,2179.1
2025-09-25,11,37,0,0.0
2025-09-25,12,26,1,232.5
2025-09-26,1,290,5,3065.08
2025-09-26,2,145,9,3352.64
2025-09-26,3,80,1,667.58
2025-09-26,4,93,1,524.0
2025-09-26,5,65,1,307.26
2025-09-26,6,63,3,802.23
2025-09-26,7,50,0,0.0
2025-09-26,8,54,1,826.8
2025-09-26,9,75,2,2167.77
2025-09-26,10,54,4,3202.64
2025-09-26,11,31,1,311.09
2025-09-26,12,21,1,490.32
2025-09-27,1,258,7,3521.78
2025-09-27,2,132,4,2985.18
2025-09-27,3,68,1,2094.32
2025-09-27,4,77,2,1061.0
2025-09-27,5,51,2,588.18
2025-09-27,6,55,2,617.65
2025-09-27,7,43,0,0.0
2025-09-27,8,43,1,548.76
2025-09-27,9,64,0,0.0
2025-09-27,10,43,2,1093.46
2025-09-27,11,24,1,567.92
2025-09-27,12,16,0,0.0
2025-09-28,1,222,7,5143.45
2025-09-28,2,121,2,1368.97
2025-09-28,3,57,2,1067.5
2025-09-28,4,87,3,1832.33
2025-09-28,5,59,5,3491.69
2025-09-28,6,56,1,1032.6
2025-09-28,7,45,1,394.59
2025-09-28,8,42,1,1994.46
2025-09-28,9,54,2,1530.62
2025-09-28,10,42,0,0.0
2025-09-28,11,25,1,258.02
2025-09-28,12,16,0,0.0
2025-09-29,1,288,6,3073.56
2025-09-29,2,142,4,3194.07
2025-09-29,3,70,0,0.0
2025-09-29,4,95,0,0.0
2025-09-29,5,53,2,1463.53
2025-09-29,6,52,2,577.64
2025-09-29,7,47,2,2204.51
2025-09-29,8,50,2,2000.08
2025-09-29,9,71,1,294.19
2025-09-29,10,51,4,1769.74
2025-09-29,11,27,1,567.64
2025-09-29,12,20,0,0.0
2025-09-30,1,179,5,3275.53
2025-09-30,2,105,1,1064.24
2025-09-30,3,49,3,1021.26
2025-09-30,4,60,0,0.0
2025-09-30,5,37,1,282.07
2025-09-30,6,41,3,811.44
2025-09-30,7,31,2,918.12
2025-09-30,8,31,1,2113.23
2025-09-30,9,48,0,0.0
2025-09-30,10,30,0,0.0
2025-09-30,11,19,0,0.0
2025-09-30,12,13,0,0.0
2025-10-01,1,289,5,3646.52
2025-10-01,2,154,2,738.06
2025-10-01,3,85,3,1152.01
2025-10-01,4,90,3,2314.06
2025-10-01,5,58,6,4408.75
2025-10-01,6,61,0,0.0
2025-10-01,7,50,1,614.84
2025-10-01,8,52,0,0.0
2025-10-01,9,73,4,4168.31
2025-10-01,10,52,1,256.46
2025-10-01,11,29,0,0.0
2025-10-01,12,18,0,0.0
2025-10-02,1,315,11,5481.6
2025-10-02,2,179,2,932.16
2025-10-02,3,99,0,0.0
2025-10-02,4,105,0,0.0
2025-10-02,5,69,1,462.04
2025-10-02,6,68,2,734.4
2025-10-02,7,53,2,555.01
2025-10-02,8,54,1,990.92
2025-10-02,9,80,2,1018.17
2025-10-02,10,59,1,1342.64
2025-10-02,11,34,1,779.85
2025-10-02,12,22,1,522.18
2025-10-03,1,381,10,5824.94
2025-10-03,2,200,3,1092.26
2025-10-03,3,103,4,2355.18
2025-10-03,4,120,3,1517.89
2025-10-03,5,71,1,1147.44
2025-10-03,6,78,0,0.0
2025-10-03,7,65,1,300.52
2025-10-03,8,62,2,1404.58
2025-10-03,9,97,2,1934.19
2025-10-03,10,70,2,831.2
2025-10-03,11,36,1,996.24
2025-10-03,12,24,1,1078.2
2025-10-04,1,260,8,3688.68
2025-10-04,2,120,6,3430.77
2025-10-04,3,64,3,1296.79
2025-10-04,4,81,2,1045.28
2025-10-04,5,49,1,295.96
2025-10-04,6,50,1,500.16
2025-10-04,7,42,3,1349.28
2025-10-04,8,43,1,218.36
2025-10-04,9,60,0,0.0
2025-10-04,10,41,0,0.0
2025-10-04,11,24,2,1333.68
2025-10-04,12,18,0,0.0
2025-10-05,1,222,7,3563.48
2025-10-05,2,119,0,0.0
2025-10-05,3,67,3,861.53
2025-10-05,4,72,1,279.77
2025-10-05,5,50,2,516.95
2025-10-05,6,41,1,684.48
2025-10-05,7,37,0,0.0
2025-10-05,8,34,0,0.0
2025-10-05,9,52,0,0.0
2025-10-05,10,40,3,689.91
2025-10-05,11,23,2,1366.29
2025-10-05,12,15,0,0.0
2025-10-06,1,211,6,2189.31
2025-10-06,2,114,2,536.46
2025-10-06,3,59,3,1121.04
2025-10-06,4,65,4,2781.67
2025-10-06,5,47,2,535.3
2025-10-06,6,48,1,267.2
2025-10-06,7,32,1,1269.3
2025-10-06,8,37,1,240.33
2025-10-06,9,55,0,0.0
2025-10-06,10,36,2,784.13
2025-10-06,11,20,0,0.0
2025-10-06,12,14,0,0.0
2025-10-07,1,347,8,4919.59
2025-10-07,2,148,6,2076.39
2025-10-07,3,94,2,1273.82
2025-10-07,4,111,3,1963.6
2025-10-07,5,80,2,1557.75
2025-10-07,6,67,0,0.0
2025-10-07,7,56,0,0.0
2025-10-07,8,55,2,870.56
2025-10-07,9,81,2,1796.96
2025-10-07,10,61,0,0.0
2025-10-07,11,38,0,0.0
2025-10-07,12,23,0,0.0
2025-10-08,1,262,4,2400.03
2025-10-08,2,140,4,3447.56
2025-10-08,3,65,2,1342.94
2025-10-08,4,77,1,780.75
2025-10-08,5,46,3,752.13
2025-10-08,6,54,3,2146.01
2025-10-08,7,41,1,231.65
2025-10-08,8,41,3,1274.22
2025-10-08,9,59,1,695.61
2025-10-08,10,43,0,0.0
2025-10-08,11,25,2,796.43
2025-10-08,12,15,1,300.54
2025-10-09,1,244,4,2480.53
2025-10-09,2,122,3,1634.47
2025-10-09,3,66,0,0.0
2025-10-09,4,86,3,1984.69
2025-10-09,5,54,2,1615.8
2025-10-09,6,51,1,948.28
2025-10-09,7,44,0,0.0
2025-10-09,8,50,0,0.0
2025-10-09,9,58,4,2978.98
2025-10-09,10,45,0,0.0
2025-10-09,11,26,1,980.36
2025-10-09,12,19,0,0.0
2025-10-10,1,263,10,4689.05
2025-10-10,2,138,1,565.2
2025-10-10,3,82,3,761.06
2025-10-10,4,96,3,1675.34
2025-10-10,5,63,2,970.8
2025-10-10,6,67,1,447.86
2025-10-10,7,52,1,274.55
2025-10-10,8,46,1,413.8
2025-10-10,9,70,4,1976.45
2025-10-10,10,48,0,0.0
2025-10-10,11,26,0,0.0
2025-10-10,12,20,0,0.0
2025-10-11,1,291,3,1339.81
2025-10-11,2,155,3,2525.7
2025-10-11,3,85,4,2402.05
2025-10-11,4,104,4,3616.11
2025-10-11,5,67,2,582.28
2025-10-11,6,63,0,0.0
2025-10-11,7,51,2,676.44
2025-10-11,8,52,2,758.47
2025-10-11,9,73,0,0.0
2025-10-11,10,52,2,1010.06
2025-10-11,11,34,1,996.0
2025-10-11,12,22,0,0.0
2025-10-12,1,332,4,3228.52
2025-10-12,2,166,5,2631.18
2025-10-12,3,84,1,244.17
2025-10-12,4,101,5,3178.71
2025-10-12,5,67,2,2675.91
2025-10-12,6,71,5,1542.7
2025-10-12,7,57,1,1355.58
2025-10-12,8,55,1,291.75
2025-10-12,9,72,3,1139.91
2025-10-12,10,52,4,2288.47
2025-10-12,11,32,0,0.0
2025-10-12,12,24,0,0.0
2025-10-13,1,203,5,2184.9
2025-10-13,2,94,7,4654.4
2025-10-13,3,54,1,1644.36
2025-10-13,4,62,1,237.81
2025-10-13,5,35,1,778.44
2025-10-13,6,38,0,0.0
2025-10-13,7,35,0,0.0
2025-10-13,8,35,0,0.0
2025-10-13,9,52,1,1368.78
2025-10-13,10,33,0,0.0
2025-10-13,11,21,0,0.0
2025-10-13,12,14,0,0.0
2025-10-14,1,232,7,2095.24
2025-10-14,2,135,3,3499.66
2025-10-14,3,66,1,817.65
2025-10-14,4,65,0,0.0
2025-10-14,5,48,1,239.15
2025-10-14,6,49,2,937.82
2025-10-14,7,39,3,1391.35
2025-10-14,8,39,1,845.6
2025-10-14,9,56,1,581.04
2025-10-14,10,42,1,807.99
2025-10-14,11,23,0,0.0
2025-10-14,12,17,0,0.0
2025-10-15,1,241,8,4289.42
2025-10-15,2,126,7,3434.47
2025-10-15,3,66,1,732.9
2025-10-15,4,79,2,456.43
2025-10-15,5,51,0,0.0
2025-10-15,6,49,1,516.76
2025-10-15,7,40,0,0.0
2025-10-15,8,41,1,267.27
2025-10-15,9,52,0,0.0
2025-10-15,10,42,0,0.0
2025-10-15,11,22,0,0.0
2025-10-15,12,17,2,1389.48
2025-10-16,1,223,3,2003.99
2025-10-16,2,112,1,716.37
2025-10-16,3,65,1,470.54
2025-10-16,4,76,1,465.42
2025-10-16,5,50,0,0.0
2025-10-16,6,43,0,0.0
2025-10-16,7,44,0,0.0
2025-10-16,8,40,0,0.0
2025-10-16,9,56,3,1143.3
2025-10-16,10,38,1,480.46
2025-10-16,11,22,2,1511.06
2025-10-16,12,16,0,0.0
2025-10-17,1,232,10,4970.3
2025-10-17,2,129,5,2664.03
2025-10-17,3,73,2,898.55
2025-10-17,4,83,2,479.02
2025-10-17,5,52,1,886.4
2025-10-17,6,44,0,0.0
2025-10-17,7,42,2,2085.28
2025-10-17,8,48,0,0.0
2025-10-17,9,59,2,1533.6
2025-10-17,10,43,1,510.52
2025-10-17,11,27,0,0.0
2025-10-17,12,16,0,0.0
2025-10-18,1,324,11,8780.27
2025-10-18,2,174,6,2559.42
2025-10-18,3,95,2,2832.88
2025-10-18,4,102,6,3309.37
2025-10-18,5,72,0,0.0
2025-10-18,6,75,4,2007.86
2025-10-18,7,66,1,553.96
2025-10-18,8,57,0,0.0
2025-10-18,9,87,1,243.07
2025-10-18,10,58,1,243.83
2025-10-18,11,37,0,0.0
2025-10-18,12,22,0,0.0
2025-10-19,1,189,5,1702.9
2025-10-19,2,84,2,627.0
2025-10-19,3,46,1,483.32
2025-10-19,4,50,0,0.0
2025-10-19,5,30,0,0.0
2025-10-19,6,33,2,1198.63
2025-10-19,7,26,0,0.0
2025-10-19,8,29,1,499.98
2025-10-19,9,40,0,0.0
2025-10-19,10,28,1,749.73
2025-10-19,11,18,1,231.83
2025-10-19,12,11,2,2678.52
2025-10-20,1,362,5,3437.33
2025-10-20,2,186,2,679.52
2025-10-20,3,95,2,1118.0
2025-10-20,4,91,1,367.4
2025-10-20,5,68,2,532.52
2025-10-20,6,66,3,1730.09
2025-10-20,7,61,2,481.08
2025-10-20,8,58,0,0.0
2025-10-20,9,84,3,2401.44
2025-10-20,10,56,2,1743.04
2025-10-20,11,36,1,273.34
2025-10-20,12,24,2,463.07
2025-10-21,1,308,4,1677.69
2025-10-21,2,150,5,1935.46
2025-10-21,3,73,2,780.49
2025-10-21,4,91,0,0.0
2025-10-21,5,58,1,581.22
2025-10-21,6,53,1,165.24
2025-10-21,7,49,3,1348.09
2025-10-21,8,47,2,1392.87
2025-10-21,9,65,0,0.0
2025-10-21,10,49,2,800.68
2025-10-21,11,26,1,247.67
2025-10-21,12,16,0,0.0
2025-10-22,1,173,8,4207.6
2025-10-22,2,94,1,241.88
2025-10-22,3,48,0,0.0
2025-10-22,4,59,0,0.0
2025-10-22,5,39,1,1031.52
2025-10-22,6,37,1,460.36
2025-10-22,7,32,0,0.0
2025-10-22,8,30,1,469.84
2025-10-22,9,48,1,698.61
2025-10-22,10,35,1,257.35
2025-10-22,11,18,1,444.54
2025-10-22,12,11,0,0.0
2025-10-23,1,318,6,2937.68
2025-10-23,2,185,5,1920.56
2025-10-23,3,81,4,2049.85
2025-10-23,4,105,2,1745.1
2025-10-23,5,64,3,1290.87
2025-10-23,6,63,2,1267.26
2025-10-23,7,59,0,0.0
2025-10-23,8,57,2,971.99
2025-10-23,9,86,5,2289.1
2025-10-23,10,62,1,450.52
2025-10-23,11,32,1,185.64
2025-10-23,12,22,0,0.0
2025-10-24,1,228,7,3680.62
2025-10-24,2,111,5,2749.77
2025-10-24,3,65,2,1270.93
2025-10-24,4,70,1,516.46
2025-10-24,5,45,4,3345.84
2025-10-24,6,45,1,166.0
2025-10-24,7,41,1,194.93
2025-10-24,8,37,0,0.0
2025-10-24,9,58,3,1685.32
2025-10-24,10,38,0,0.0
2025-10-24,11,20,1,1122.0
2025-10-24,12,13,1,590.26
2025-10-25,1,230,8,3788.43
2025-10-25,2,125,4,1900.41
2025-10-25,3,65,3,2733.15
2025-10-25,4,71,0,0.0
2025-10-25,5,48,3,1782.89
2025-10-25,6,50,0,0.0
2025-10-25,7,34,0,0.0
2025-10-25,8,40,3,2802.3
2025-10-25,9,56,1,711.78
2025-10-25,10,43,1,214.99
2025-10-25,11,24,1,279.44
2025-10-25,12,14,0,0.0
2025-10-26,1,224,8,2498.6
2025-10-26,2,103,2,1165.5
2025-10-26,3,57,1,411.4
2025-10-26,4,61,3,1241.83
2025-10-26,5,43,3,1337.64
2025-10-26,6,44,1,945.24
2025-10-26,7,33,0,0.0
2025-10-26,8,39,0,0.0
2025-10-26,9,47,2,1111.69
2025-10-26,10,39,0,0.0
2025-10-26,11,22,0,0.0
2025-10-26,12,12,1,1631.0
2025-10-27,1,220,5,3106.38
2025-10-27,2,107,3,1274.61
2025-10-27,3,62,1,1400.52
2025-10-27,4,61,4,1442.17
2025-10-27,5,42,1,244.24
2025-10-27,6,39,2,747.0
2025-10-27,7,37,0,0.0
2025-10-27,8,39,0,0.0
2025-10-27,9,52,4,793.37
2025-10-27,10,37,1,206.38
2025-10-27,11,21,1,165.55
2025-10-27,12,14,1,237.83
2025-10-28,1,186,1,453.54
2025-10-28,2,94,1,503.8
2025-10-28,3,49,1,385.06
2025-10-28,4,52,2,418.39
2025-10-28,5,37,2,1075.61
2025-10-28,6,34,2,847.02
2025-10-28,7,28,2,356.03
2025-10-28,8,32,1,187.6
2025-10-28,9,42,1,221.52
2025-10-28,10,33,1,238.86
2025-10-28,11,18,0,0.0
2025-10-28,12,13,0,0.0
2025-10-29,1,134,6,3334.74
2025-10-29,2,67,3,2863.88
2025-10-29,3,37,0,0.0
2025-10-29,4,40,0,0.0
2025-10-29,5,28,0,0.0
2025-10-29,6,27,0,0.0
2025-10-29,7,20,2,1371.9
2025-10-29,8,20,2,1840.44
2025-10-29,9,28,1,219.2
2025-10-29,10,23,0,0.0
2025-10-29,11,13,0,0.0
2025-10-29,12,9,0,0.0
2025-10-30,1,141,6,3272.82
2025-10-30,2,79,2,1096.5
2025-10-30,3,40,1,409.28
2025-10-30,4,49,1,770.82
2025-10-30,5,29,0,0.0
2025-10-30,6,32,1,187.73
2025-10-30,7,25,0,0.0
2025-10-30,8,25,2,1081.29
2025-10-30,9,33,0,0.0
2025-10-30,10,23,1,561.64
2025-10-30,11,16,0,0.0
2025-10-30,12,10,0,0.0
2025-10-31,1,299,6,2496.34
2025-10-31,2,157,2,2563.24
2025-10-31,3,75,2,469.02
2025-10-31,4,97,1,1122.0
2025-10-31,5,70,2,1054.6
2025-10-31,6,54,1,196.37
2025-10-31,7,48,2,2259.66
2025-10-31,8,52,1,688.26
2025-10-31,9,78,2,1972.13
2025-10-31,10,51,1,929.9
2025-10-31,11,33,0,0.0
2025-10-31,12,19,1,467.06
2025-11-01,1,220,4,2069.81
2025-11-01,2,121,5,1996.21
2025-11-01,3,67,1,670.53
2025-11-01,4,65,0,0.0
2025-11-01,5,50,0,0.0
2025-11-01,6,54,2,691.01
2025-11-01,7,39,3,1136.24
2025-11-01,8,37,1,326.89
2025-11-01,9,56,1,679.95
2025-11-01,10,37,0,0.0
2025-11-01,11,21,0,0.0
2025-11-01,12,14,0,0.0
2025-11-02,1,264,4,1714.71
2025-11-02,2,153,2,880.79
2025-11-02,3,79,3,841.46
2025-11-02,4,88,4,2505.14
2025-11-02,5,64,0,0.0
2025-11-02,6,58,2,970.29
2025-11-02,7,47,0,0.0
2025-11-02,8,46,0,0.0
2025-11-02,9,70,4,1466.25
2025-11-02,10,51,3,1169.76
2025-11-02,11,28,1,246.58
2025-11-02,12,21,0,0.0
2025-11-03,1,157,4,890.0
2025-11-03,2,83,3,2567.47
2025-11-03,3,54,2,592.78
2025-11-03,4,53,3,1328.0
2025-11-03,5,32,1,409.1
2025-11-03,6,32,1,539.0
2025-11-03,7,29,0,0.0
2025-11-03,8,28,0,0.0
2025-11-03,9,41,2,1054.87
2025-11-03,10,30,1,457.66
2025-11-03,11,17,0,0.0
2025-11-03,12,9,1,185.46
2025-11-04,1,186,5,1677.81
2025-11-04,2,100,2,1157.56
2025-11-04,3,53,2,1689.28
2025-11-04,4,64,4,793.29
2025-11-04,5,43,0,0.0
2025-11-04,6,38,1,150.82
2025-11-04,7,30,2,463.3
2025-11-04,8,34,2,1476.26
2025-11-04,9,47,1,155.74
2025-11-04,10,35,2,953.49
2025-11-04,11,20,1,273.73
2025-11-04,12,12,1,1108.44
2025-11-05,1,150,3,605.9
2025-11-05,2,73,1,868.64
2025-11-05,3,39,1,265.32
2025-11-05,4,43,0,0.0
2025-11-05,5,31,1,209.97
2025-11-05,6,31,1,246.18
2025-11-05,7,22,2,683.22
2025-11-05,8,23,0,0.0
2025-11-05,9,35,4,2818.76
2025-11-05,10,26,1,257.01
2025-11-05,11,16,0,0.0
2025-11-05,12,9,1,137.38
2025-11-06,1,248,5,2350.07
2025-11-06,2,129,1,339.54
2025-11-06,3,63,2,1806.8
2025-11-06,4,73,3,2175.33
2025-11-06,5,48,0,0.0
2025-11-06,6,53,2,1849.63
2025-11-06,7,44,0,0.0
2025-11-06,8,43,1,509.64
2025-11-06,9,62,1,605.82
2025-11-06,10,42,1,258.61
2025-11-06,11,23,1,651.06
2025-11-06,12,16,1,165.95
2025-11-07,1,280,3,580.1
2025-11-07,2,133,3,613.12
2025-11-07,3,71,2,1029.31
2025-11-07,4,74,3,1197.99
2025-11-07,5,50,2,573.09
2025-11-07,6,53,1,571.02
2025-11-07,7,47,0,0.0
2025-11-07,8,44,1,893.1
2025-11-07,9,53,1,391.56
2025-11-07,10,45,0,0.0
2025-11-07,11,27,1,422.16
2025-11-07,12,18,0,0.0
2025-11-08,1,185,2,1096.71
2025-11-08,2,92,5,2357.32
2025-11-08,3,48,2,2575.92
2025-11-08,4,59,1,223.47
2025-11-08,5,38,0,0.0
2025-11-08,6,35,1,320.18
2025-11-08,7,32,3,1920.63
2025-11-08,8,32,2,379.51
2025-11-08,9,45,2,594.81
2025-11-08,10,33,0,0.0
2025-11-08,11,16,0,0.0
2025-11-08,12,12,0,0.0
2025-11-09,1,208,11,6114.39
2025-11-09,2,112,2,1182.34
2025-11-09,3,64,2,1328.79
2025-11-09,4,71,1,457.34
2025-11-09,5,47,2,512.93
2025-11-09,6,39,2,521.11
2025-11-09,7,40,0,0.0
2025-11-09,8,39,1,217.41
2025-11-09,9,57,1,176.32
2025-11-09,10,40,2,988.81
2025-11-09,11,21,2,943.26
2025-11-09,12,13,0,0.0
2025-11-10,1,163,5,2293.61
2025-11-10,2,87,2,971.41
2025-11-10,3,46,0,0.0
2025-11-10,4,60,1,197.75
2025-11-10,5,32,1,191.44
2025-11-10,6,34,1,198.06
2025-11-10,7,30,1,470.5
2025-11-10,8,30,1,204.09
2025-11-10,9,40,3,1159.29
2025-11-10,10,30,2,870.7
2025-11-10,11,20,0,0.0
2025-11-10,12,11,0,0.0
2025-11-11,1,243,8,3075.94
2025-11-11,2,115,3,930.68
2025-11-11,3,57,2,606.45
2025-11-11,4,73,3,934.7
2025-11-11,5,49,1,408.34
2025-11-11,6,48,1,627.06
2025-11-11,7,44,1,168.47
2025-11-11,8,35,0,0.0
2025-11-11,9,56,2,1254.44
2025-11-11,10,36,2,463.1
2025-11-11,11,23,1,440.8
2025-11-11,12,15,0,0.0
2025-11-12,1,219,4,1224.22
2025-11-12,2,111,5,1753.65
2025-11-12,3,60,1,463.5
2025-11-12,4,62,0,0.0
2025-11-12,5,46,1,235.66
2025-11-12,6,40,2,738.14
2025-11-12,7,38,1,615.28
2025-11-12,8,36,1,190.13
2025-11-12,9,53,2,366.95
2025-11-12,10,34,2,351.82
2025-11-12,11,23,2,1394.34
2025-11-12,12,14,0,0.0
2025-11-13,1,186,7,3574.78
2025-11-13,2,94,1,240.75
2025-11-13,3,52,0,0.0
2025-11-13,4,63,2,1376.78
2025-11-13,5,40,0,0.0
2025-11-13,6,38,0,0.0
2025-11-13,7,34,2,652.99
2025-11-13,8,33,2,423.21
2025-11-13,9,48,2,1222.29
2025-11-13,10,30,2,1191.08
2025-11-13,11,20,1,489.94
2025-11-13,12,12,0,0.0
2025-11-14,1,209,4,1781.42
2025-11-14,2,103,3,2098.66
2025-11-14,3,65,0,0.0
2025-11-14,4,68,2,574.79
2025-11-14,5,47,1,515.0
2025-11-14,6,44,1,189.01
2025-11-14,7,35,1,435.32
2025-11-14,8,36,2,598.95
2025-11-14,9,52,2,1097.18
2025-11-14,10,34,0,0.0
2025-11-14,11,21,0,0.0
2025-11-14,12,13,1,978.76
2025-11-15,1,198,3,1948.39
2025-11-15,2,114,3,2255.51
2025-11-15,3,67,1,233.96
2025-11-15,4,71,0,0.0
2025-11-15,5,47,0,0.0
2025-11-15,6,44,1,735.63
2025-11-15,7,39,1,151.45
2025-11-15,8,38,2,1085.18
2025-11-15,9,49,1,1452.72
2025-11-15,10,36,1,223.41
2025-11-15,11,22,1,178.68
2025-11-15,12,15,1,232.55
2025-11-16,1,157,2,797.86
2025-11-16,2,79,1,765.24
2025-11-16,3,46,1,391.28
2025-11-16,4,44,4,1406.85
2025-11-16,5,29,0,0.0
2025-11-16,6,29,0,0.0
2025-11-16,7,25,1,180.22
2025-11-16,8,23,1,1048.68
2025-11-16,9,33,1,198.54
2025-11-16,10,25,1,265.04
2025-11-16,11,16,0,0.0
2025-11-16,12,9,0,0.0
2025-11-17,1,268,11,4083.45
2025-11-17,2,142,4,1763.63
2025-11-17,3,81,0,0.0
2025-11-17,4,93,4,1891.19
2025-11-17,5,67,0,0.0
2025-11-17,6,60,3,1062.2
2025-11-17,7,44,0,0.0
2025-11-17,8,53,1,184.49
2025-11-17,9,73,1,218.9
2025-11-17,10,51,0,0.0
2025-11-17,11,30,0,0.0
2025-11-17,12,22,0,0.0
2025-11-18,1,285,6,1436.08
2025-11-18,2,137,4,1820.95
2025-11-18,3,72,1,301.34
2025-11-18,4,85,1,185.09
2025-11-18,5,59,1,210.21
2025-11-18,6,52,2,845.38
2025-11-18,7,42,3,764.92
2025-11-18,8,45,2,1064.39
2025-11-18,9,57,1,177.62
2025-11-18,10,44,0,0.0
2025-11-18,11,31,1,190.02
2025-11-18,12,19,0,0.0
2025-11-19,1,202,2,1030.19
2025-11-19,2,100,3,1309.52
2025-11-19,3,51,2,1831.67
2025-11-19,4,58,0,0.0
2025-11-19,5,35,1,431.98
2025-11-19,6,42,1,997.4
2025-11-19,7,33,0,0.0
2025-11-19,8,32,2,751.29
2025-11-19,9,45,0,0.0
2025-11-19,10,36,2,857.49
2025-11-19,11,18,2,1040.72
2025-11-19,12,13,1,966.48
2025-11-20,1,200,3,1649.95
2025-11-20,2,110,0,0.0
2025-11-20,3,55,1,663.52
2025-11-20,4,60,3,1447.92
2025-11-20,5,45,1,227.17
2025-11-20,6,41,0,0.0
2025-11-20,7,37,1,365.2
2025-11-20,8,36,0,0.0
2025-11-20,9,54,2,548.93
2025-11-20,10,34,2,760.96
2025-11-20,11,21,1,239.37
2025-11-20,12,12,2,679.86
2025-11-21,1,156,3,1524.49
2025-11-21,2,80,1,193.04
2025-11-21,3,40,2,539.45
2025-11-21,4,48,0,0.0
2025-11-21,5,31,2,1426.07
2025-11-21,6,33,0,0.0
2025-11-21,7,28,0,0.0
2025-11-21,8,28,0,0.0
2025-11-21,9,39,3,1022.59
2025-11-21,10,28,3,698.1
2025-11-21,11,16,1,753.44
2025-11-21,12,10,0,0.0
2025-11-22,1,338,9,4157.34
2025-11-22,2,176,4,788.54
2025-11-22,3,93,1,195.97
2025-11-22,4,111,2,639.8
2025-11-22,5,69,1,243.35
2025-11-22,6,71,0,0.0
2025-11-22,7,61,1,731.28
2025-11-22,8,56,0,0.0
2025-11-22,9,88,2,1136.32
2025-11-22,10,58,0,0.0
2025-11-22,11,34,1,189.95
2025-11-22,12,23,0,0.0
2025-11-23,1,206,1,552.66
2025-11-23,2,111,3,1408.67
2025-11-23,3,61,5,2807.51
2025-11-23,4,69,1,1267.74
2025-11-23,5,39,1,403.82
2025-11-23,6,47,1,149.25
2025-11-23,7,38,1,596.82
2025-11-23,8,35,1,204.8
2025-11-23,9,46,3,1478.92
2025-11-23,10,34,0,0.0
2025-11-23,11,23,1,189.87
2025-11-23,12,15,0,0.0
2025-11-24,1,218,4,920.06
2025-11-24,2,111,1,951.48
2025-11-24,3,59,0,0.0
2025-11-24,4,57,2,1108.92
2025-11-24,5,42,2,351.62
2025-11-24,6,46,3,1097.14
2025-11-24,7,38,2,595.06
2025-11-24,8,40,3,830.09
2025-11-24,9,51,1,447.18
2025-11-24,10,36,0,0.0
2025-11-24,11,23,3,784.72
2025-11-24,12,14,1,397.26
2025-11-25,1,241,5,1885.71
2025-11-25,2,123,2,388.77
2025-11-25,3,60,1,334.2
2025-11-25,4,73,2,612.08
2025-11-25,5,50,0,0.0
2025-11-25,6,48,0,0.0
2025-11-25,7,41,0,0.0
2025-11-25,8,44,2,782.64
2025-11-25,9,52,3,1477.58
2025-11-25,10,42,2,1447.74
2025-11-25,11,25,1,499.2
2025-11-25,12,15,1,713.8
2025-11-26,1,207,10,5914.27
2025-11-26,2,118,3,627.19
2025-11-26,3,57,0,0.0
2025-11-26,4,66,0,0.0
2025-11-26,5,37,1,225.51
2025-11-26,6,42,1,180.78
2025-11-26,7,34,0,0.0
2025-11-26,8,32,0,0.0
2025-11-26,9,52,2,498.28
2025-11-26,10,32,0,0.0
2025-11-26,11,18,0,0.0
2025-11-26,12,13,0,0.0
2025-11-27,1,204,5,2348.34
2025-11-27,2,120,3,2311.03
2025-11-27,3,51,3,1956.96
2025-11-27,4,65,1,215.75
2025-11-27,5,38,0,0.0
2025-11-27,6,45,1,384.12
2025-11-27,7,39,2,300.97
2025-11-27,8,38,0,0.0
2025-11-27,9,55,2,383.57
2025-11-27,10,34,0,0.0
2025-11-27,11,22,1,235.11
2025-11-27,12,14,0,0.0
2025-11-28,1,177,6,2982.96
2025-11-28,2,88,2,732.36
2025-11-28,3,51,3,992.89
2025-11-28,4,51,1,181.55
2025-11-28,5,37,0,0.0
2025-11-28,6,37,1,833.48
2025-11-28,7,30,0,0.0
2025-11-28,8,28,1,166.11
2025-11-28,9,44,4,1323.73
2025-11-28,10,31,0,0.0
2025-11-28,11,18,0,0.0
2025-11-28,12,12,0,0.0
2025-11-29,1,171,3,1625.15
2025-11-29,2,101,2,403.96
2025-11-29,3,56,3,2280.97
2025-11-29,4,57,1,180.05
2025-11-29,5,39,2,765.52
2025-11-29,6,41,0,0.0
2025-11-29,7,31,3,1103.57
2025-11-29,8,33,0,0.0
2025-11-29,9,40,0,0.0
2025-11-29,10,26,0,0.0
2025-11-29,11,19,2,879.89
2025-11-29,12,13,0,0.0
2025-11-30,1,179,3,543.31
2025-11-30,2,90,3,1105.9
2025-11-30,3,51,3,1145.37
2025-11-30,4,55,1,358.64
2025-11-30,5,41,0,0.0
2025-11-30,6,33,1,178.35
2025-11-30,7,31,1,433.16
2025-11-30,8,31,0,0.0
2025-11-30,9,42,0,0.0
2025-11-30,10,32,0,0.0
2025-11-30,11,18,1,558.15
2025-11-30,12,13,1,847.38
2025-12-01,1,201,4,1829.0
2025-12-01,2,80,6,2539.13
2025-12-01,3,51,1,334.14
2025-12-01,4,37,0,0.0
2025-12-01,5,35,1,280.72
2025-12-01,6,37,2,745.7
2025-12-01,7,37,0,0.0
2025-12-01,8,28,1,152.5
2025-12-01,9,48,0,0.0
2025-12-01,10,39,2,520.98
2025-12-01,11,21,0,0.0
2025-12-01,12,12,1,533.16
2025-12-02,1,258,5,1113.4
2025-12-02,2,164,5,2256.19
2025-12-02,3,78,0,0.0
2025-12-02,4,64,2,1340.46
2025-12-02,5,50,0,0.0
2025-12-02,6,53,3,945.2
2025-12-02,7,62,1,174.8
2025-12-02,8,47,0,0.0
2025-12-02,9,79,1,1060.44
2025-12-02,10,56,0,0.0
2025-12-02,11,42,0,0.0
2025-12-02,12,18,0,0.0
2025-12-03,1,191,4,2153.56
2025-12-03,2,109,1,1064.4
2025-12-03,3,54,2,391.11
2025-12-03,4,44,3,1334.75
2025-12-03,5,33,0,0.0
2025-12-03,6,40,0,0.0
2025-12-03,7,46,2,519.76
2025-12-03,8,33,1,172.04
2025-12-03,9,62,2,364.99
2025-12-03,10,43,0,0.0
2025-12-03,11,25,0,0.0
2025-12-03,12,14,0,0.0
2025-12-04,1,120,2,610.59
2025-12-04,2,67,2,896.08
2025-12-04,3,34,0,0.0
2025-12-04,4,28,1,341.92
2025-12-04,5,23,0,0.0
2025-12-04,6,25,3,1914.81
2025-12-04,7,27,0,0.0
2025-12-04,8,20,1,501.57
2025-12-04,9,36,0,0.0
2025-12-04,10,27,1,307.88
2025-12-04,11,16,1,333.38
2025-12-04,12,7,0,0.0
2025-12-05,1,165,5,1177.41
2025-12-05,2,99,3,2036.38
2025-12-05,3,43,2,1068.69
2025-12-05,4,34,0,0.0
2025-12-05,5,31,0,0.0
2025-12-05,6,32,0,0.0
2025-12-05,7,40,4,1166.91
2025-12-05,8,29,1,290.6
2025-12-05,9,54,1,162.41
2025-12-05,10,37,1,732.6
2025-12-05,11,22,0,0.0
2025-12-05,12,9,1,386.42
2025-12-06,1,121,4,1504.9
2025-12-06,2,73,1,138.65
2025-12-06,3,32,0,0.0
2025-12-06,4,26,1,186.0
2025-12-06,5,22,0,0.0
2025-12-06,6,27,0,0.0
2025-12-06,7,29,0,0.0
2025-12-06,8,21,0,0.0
2025-12-06,9,39,1,402.48
2025-12-06,10,28,3,726.13
2025-12-06,11,17,0,0.0
2025-12-06,12,8,2,1020.62
2025-12-07,1,221,5,1747.24
2025-12-07,2,137,3,652.77
2025-12-07,3,63,0,0.0
2025-12-07,4,51,0,0.0
2025-12-07,5,39,0,0.0
2025-12-07,6,43,1,667.32
2025-12-07,7,54,1,261.49
2025-12-07,8,39,1,168.39
2025-12-07,9,69,0,0.0
2025-12-07,10,45,3,739.35
2025-12-07,11,29,1,146.0
2025-12-07,12,16,0,0.0
2025-12-08,1,193,4,2243.8
2025-12-08,2,106,0,0.0
2025-12-08,3,58,2,2362.66
2025-12-08,4,42,2,599.48
2025-12-08,5,31,0,0.0
2025-12-08,6,41,1,148.13
2025-12-08,7,44,2,749.77
2025-12-08,8,35,1,189.19
2025-12-08,9,63,2,1099.8
2025-12-08,10,43,1,822.08
2025-12-08,11,30,1,826.4
2025-12-08,12,14,1,376.38
2025-12-09,1,153,7,2613.55
2025-12-09,2,90,0,0.0
2025-12-09,3,45,1,353.7
2025-12-09,4,36,0,0.0
2025-12-09,5,31,0,0.0
2025-12-09,6,31,0,0.0
2025-12-09,7,37,1,456.42
2025-12-09,8,26,0,0.0
2025-12-09,9,41,2,476.91
2025-12-09,10,31,1,180.44
2025-12-09,11,22,1,284.48
2025-12-09,12,11,0,0.0
2025-12-10,1,155,6,2992.04
2025-12-10,2,78,2,1014.34
2025-12-10,3,34,2,1069.33
2025-12-10,4,30,1,714.8
2025-12-10,5,24,2,382.61
2025-12-10,6,29,0,0.0
2025-12-10,7,29,1,776.68
2025-12-10,8,25,1,1752.88
2025-12-10,9,38,0,0.0
2025-12-10,10,30,2,931.43
2025-12-10,11,17,0,0.0
2025-12-10,12,10,0,0.0
2025-12-11,1,164,2,406.41
2025-12-11,2,89,4,1216.81
2025-12-11,3,52,1,159.11
2025-12-11,4,40,1,590.46
2025-12-11,5,34,2,474.4
2025-12-11,6,37,2,538.6
2025-12-11,7,40,1,128.46
2025-12-11,8,27,0,0.0
2025-12-11,9,55,0,0.0
2025-12-11,10,41,1,644.0
2025-12-11,11,24,0,0.0
2025-12-11,12,12,0,0.0
2025-12-12,1,205,7,3314.91
2025-12-12,2,115,1,382.32
2025-12-12,3,59,2,1275.77
2025-12-12,4,45,2,1182.33
2025-12-12,5,36,0,0.0
2025-12-12,6,46,0,0.0
2025-12-12,7,50,1,192.36
2025-12-12,8,32,1,171.85
2025-12-12,9,62,1,198.33
2025-12-12,10,50,1,216.03
2025-12-12,11,26,0,0.0
2025-12-12,12,14,0,0.0
2025-12-13,1,132,6,2476.06
2025-12-13,2,74,2,303.36
2025-12-13,3,39,1,172.68
2025-12-13,4,30,4,1617.71
2025-12-13,5,25,2,290.79
2025-12-13,6,28,2,744.9
2025-12-13,7,31,1,198.09
2025-12-13,8,22,1,119.0
2025-12-13,9,37,0,0.0
2025-12-13,10,33,0,0.0
2025-12-13,11,18,0,0.0
2025-12-13,12,9,0,0.0
2025-12-14,1,211,9,4890.45
2025-12-14,2,119,3,862.6
2025-12-14,3,57,3,2160.74
2025-12-14,4,45,1,167.99
2025-12-14,5,38,0,0.0
2025-12-14,6,44,1,315.8
2025-12-14,7,42,0,0.0
2025-12-14,8,34,2,846.74
2025-12-14,9,54,4,1558.95
2025-12-14,10,46,1,119.0
2025-12-14,11,27,0,0.0
2025-12-14,12,14,0,0.0
2025-12-15,1,201,2,425.06
2025-12-15,2,93,4,1263.23
2025-12-15,3,52,0,0.0
2025-12-15,4,40,0,0.0
2025-12-15,5,33,0,0.0
2025-12-15,6,38,0,0.0
2025-12-15,7,42,1,160.08
2025-12-15,8,29,1,339.12
2025-12-15,9,55,1,407.3
2025-12-15,10,42,2,2294.16
2025-12-15,11,26,1,170.58
2025-12-15,12,13,1,191.83
2025-12-16,1,202,3,849.18
2025-12-16,2,103,3,884.01
2025-12-16,3,57,0,0.0
2025-12-16,4,42,3,1104.99
2025-12-16,5,33,0,0.0
2025-12-16,6,42,1,558.32
2025-12-16,7,41,1,372.38
2025-12-16,8,32,0,0.0
2025-12-16,9,53,1,830.36
2025-12-16,10,44,0,0.0
2025-12-16,11,27,0,0.0
2025-12-16,12,11,0,0.0
2025-12-17,1,242,7,3554.82
2025-12-17,2,149,4,932.29
2025-12-17,3,64,1,1241.52
2025-12-17,4,52,4,2193.5
2025-12-17,5,43,1,200.16
2025-12-17,6,49,1,327.22
2025-12-17,7,60,0,0.0
2025-12-17,8,43,0,0.0
2025-12-17,9,64,0,0.0
2025-12-17,10,51,0,0.0
2025-12-17,11,34,0,0.0
2025-12-17,12,16,0,0.0
2025-12-18,1,114,6,2673.87
2025-12-18,2,56,3,1604.01
2025-12-18,3,32,1,351.38
2025-12-18,4,25,1,178.51
2025-12-18,5,18,0,0.0
2025-12-18,6,24,0,0.0
2025-12-18,7,23,0,0.0
2025-12-18,8,19,0,0.0
2025-12-18,9,34,1,238.0
2025-12-18,10,25,0,0.0
2025-12-18,11,14,1,769.6
2025-12-18,12,7,0,0.0
2025-12-19,1,135,4,1821.5
2025-12-19,2,82,2,364.54
2025-12-19,3,34,0,0.0
2025-12-19,4,29,2,1054.41
2025-12-19,5,26,0,0.0
2025-12-19,6,28,0,0.0
2025-12-19,7,35,0,0.0
2025-12-19,8,22,1,284.14
2025-12-19,9,40,2,345.86
2025-12-19,10,30,0,0.0
2025-12-19,11,17,1,553.72
2025-12-19,12,10,0,0.0
2025-12-20,1,207,5,2381.59
2025-12-20,2,126,2,782.17
2025-12-20,3,70,0,0.0
2025-12-20,4,52,2,559.51
2025-12-20,5,41,1,188.02
2025-12-20,6,45,0,0.0
2025-12-20,7,50,0,0.0
2025-12-20,8,39,1,504.57
2025-12-20,9,74,1,171.61
2025-12-20,10,48,1,625.5
2025-12-20,11,26,2,728.47
2025-12-20,12,17,0,0.0
2025-12-21,1,167,3,548.46
2025-12-21,2,91,2,616.1
2025-12-21,3,44,1,280.9
2025-12-21,4,34,1,192.15
2025-12-21,5,26,2,504.9
2025-12-21,6,35,0,0.0
2025-12-21,7,39,2,1222.98
2025-12-21,8,28,2,317.9
2025-12-21,9,46,2,1249.46
2025-12-21,10,40,0,0.0
2025-12-21,11,23,0,0.0
2025-12-21,12,12,0,0.0
2025-12-22,1,220,3,982.69
2025-12-22,2,128,1,201.13
2025-12-22,3,61,1,357.68
2025-12-22,4,52,0,0.0
2025-12-22,5,39,0,0.0
2025-12-22,6,44,3,1040.56
2025-12-22,7,53,2,489.89
2025-12-22,8,39,1,457.56
2025-12-22,9,66,1,356.84
2025-12-22,10,49,3,964.03
2025-12-22,11,30,0,0.0
2025-12-22,12,13,0,0.0
2025-12-23,1,129,4,2445.57
2025-12-23,2,68,0,0.0
2025-12-23,3,33,1,177.76
2025-12-23,4,27,0,0.0
2025-12-23,5,24,2,1620.08
2025-12-23,6,24,1,180.36
2025-12-23,7,28,1,140.87
2025-12-23,8,19,1,926.3
2025-12-23,9,34,1,804.96
2025-12-23,10,26,1,927.6
2025-12-23,11,16,0,0.0
2025-12-23,12,8,0,0.0
2025-12-24,1,212,1,330.92
2025-12-24,2,107,4,2174.41
2025-12-24,3,59,0,0.0
2025-12-24,4,40,1,155.93
2025-12-24,5,37,0,0.0
2025-12-24,6,37,2,798.78
2025-12-24,7,46,3,1560.13
2025-12-24,8,32,0,0.0
2025-12-24,9,52,2,1448.28
2025-12-24,10,45,1,129.47
2025-12-24,11,27,1,162.42
2025-12-24,12,13,1,198.81
2025-12-25,1,75,2,808.44
2025-12-25,2,48,1,137.95
2025-12-25,3,24,1,936.15
2025-12-25,4,16,0,0.0
2025-12-25,5,15,1,332.3
2025-12-25,6,19,0,0.0
2025-12-25,7,17,1,342.36
2025-12-25,8,13,0,0.0
2025-12-25,9,25,1,257.56
2025-12-25,10,20,0,0.0
2025-12-25,11,11,0,0.0
2025-12-25,12,6,1,150.22
2025-12-26,1,172,5,1390.1
2025-12-26,2,110,1,1641.9
2025-12-26,3,53,2,731.06
2025-12-26,4,44,2,329.67
2025-12-26,5,37,1,122.06
2025-12-26,6,44,0,0.0
2025-12-26,7,46,1,502.26
2025-12-26,8,31,1,133.07
2025-12-26,9,54,1,155.84
2025-12-26,10,39,1,144.93
2025-12-26,11,24,0,0.0
2025-12-26,12,14,0,0.0
2025-12-27,1,203,5,1770.05
2025-12-27,2,110,4,1612.74
2025-12-27,3,57,2,846.59
2025-12-27,4,45,1,473.28
2025-12-27,5,35,1,187.33
2025-12-27,6,45,1,438.4
2025-12-27,7,49,2,1252.1
2025-12-27,8,34,0,0.0
2025-12-27,9,62,0,0.0
2025-12-27,10,45,1,409.59
2025-12-27,11,29,0,0.0
2025-12-27,12,14,0,0.0
2025-12-28,1,136,5,1488.68
2025-12-28,2,88,3,1244.34
2025-12-28,3,36,2,348.85
2025-12-28,4,32,1,196.89
2025-12-28,5,24,0,0.0
2025-12-28,6,32,0,0.0
2025-12-28,7,30,0,0.0
2025-12-28,8,24,0,0.0
2025-12-28,9,42,3,444.45
2025-12-28,10,33,1,502.41
2025-12-28,11,18,2,418.44
2025-12-28,12,11,1,156.37
2025-12-29,1,167,4,1287.86
2025-12-29,2,94,3,1417.5
2025-12-29,3,47,0,0.0
2025-12-29,4,35,0,0.0
2025-12-29,5,28,0,0.0
2025-12-29,6,32,0,0.0
2025-12-29,7,36,2,732.34
2025-12-29,8,25,1,172.42
2025-12-29,9,47,2,1173.36
2025-12-29,10,37,1,199.32
2025-12-29,11,20,0,0.0
2025-12-29,12,10,1,212.23
2025-12-30,1,176,6,3026.28
2025-12-30,2,95,3,1363.3
2025-12-30,3,50,1,474.09
2025-12-30,4,39,0,0.0
2025-12-30,5,31,0,0.0
2025-12-30,6,37,0,0.0
2025-12-30,7,41,1,688.44
2025-12-30,8,30,0,0.0
2025-12-30,9,49,1,153.46
2025-12-30,10,37,0,0.0
2025-12-30,11,22,0,0.0
2025-12-30,12,12,0,0.0
2025-12-31,1,175,1,331.84
2025-12-31,2,98,2,670.94
2025-12-31,3,57,3,731.32
2025-12-31,4,41,3,1913.76
2025-12-31,5,33,1,182.01
2025-12-31,6,36,2,504.61
2025-12-31,7,43,3,1190.08
2025-12-31,8,29,0,0.0
2025-12-31,9,56,2,616.24
2025-12-31,10,38,1,145.23
2025-12-31,11,21,0,0.0
2025-12-31,12,12,0,0.0
2026-01-01,1,114,5,1651.33
2026-01-01,2,61,1,507.51
2026-01-01,3,33,0,0.0
2026-01-01,4,27,0,0.0
2026-01-01,5,18,0,0.0
2026-01-01,6,22,2,969.63
2026-01-01,7,26,2,621.12
2026-01-01,8,17,0,0.0
2026-01-01,9,35,4,1623.36
2026-01-01,10,23,0,0.0
2026-01-01,11,15,0,0.0
2026-01-01,12,7,0,0.0
2026-01-02,1,192,2,403.55
2026-01-02,2,91,4,1904.88
2026-01-02,3,50,0,0.0
2026-01-02,4,40,0,0.0
2026-01-02,5,35,1,131.95
2026-01-02,6,41,0,0.0
2026-01-02,7,42,2,1200.31
2026-01-02,8,32,2,678.99
2026-01-02,9,52,2,557.62
2026-01-02,10,43,0,0.0
2026-01-02,11,25,0,0.0
2026-01-02,12,13,1,446.7
2026-01-03,1,194,3,814.97
2026-01-03,2,98,2,575.57
2026-01-03,3,51,2,1784.08
2026-01-03,4,43,0,0.0
2026-01-03,5,33,0,0.0
2026-01-03,6,37,0,0.0
2026-01-03,7,42,1,164.52
2026-01-03,8,27,1,202.65
2026-01-03,9,55,1,608.22
2026-01-03,10,37,1,546.68
2026-01-03,11,22,1,128.36
2026-01-03,12,12,0,0.0
2026-01-04,1,193,9,3122.06
2026-01-04,2,97,0,0.0
2026-01-04,3,50,1,164.2
2026-01-04,4,40,0,0.0
2026-01-04,5,32,1,148.06
2026-01-04,6,38,1,149.3
2026-01-04,7,40,1,281.94
2026-01-04,8,28,0,0.0
2026-01-04,9,53,0,0.0
2026-01-04,10,42,0,0.0
2026-01-04,11,22,1,509.82
2026-01-04,12,12,0,0.0
2026-01-05,1,159,4,1148.74
2026-01-05,2,99,1,868.25
2026-01-05,3,47,3,1433.01
2026-01-05,4,34,1,200.6
2026-01-05,5,24,0,0.0
2026-01-05,6,34,1,330.9
2026-01-05,7,35,0,0.0
2026-01-05,8,23,2,669.15
2026-01-05,9,45,1,371.4
2026-01-05,10,38,0,0.0
2026-01-05,11,21,0,0.0
2026-01-05,12,10,1,298.6
2026-01-06,1,138,1,181.42
2026-01-06,2,75,5,3467.81
2026-01-06,3,39,0,0.0
2026-01-06,4,30,1,183.54
2026-01-06,5,24,1,1008.9
2026-01-06,6,27,0,0.0
2026-01-06,7,31,0,0.0
2026-01-06,8,19,0,0.0
2026-01-06,9,42,1,400.26
2026-01-06,10,28,1,225.91
2026-01-06,11,18,1,366.46
2026-01-06,12,9,0,0.0
2026-01-07,1,141,3,572.13
2026-01-07,2,78,2,344.13
2026-01-07,3,46,0,0.0
2026-01-07,4,33,2,1175.81
2026-01-07,5,26,0,0.0
2026-01-07,6,33,0,0.0
2026-01-07,7,36,0,0.0
2026-01-07,8,25,2,327.87
2026-01-07,9,49,1,1503.39
2026-01-07,10,32,1,691.71
2026-01-07,11,19,0,0.0
2026-01-07,12,10,0,0.0
2026-01-08,1,180,6,1301.07
2026-01-08,2,81,3,1026.68
2026-01-08,3,46,2,658.0
2026-01-08,4,37,1,699.84
2026-01-08,5,27,0,0.0
2026-01-08,6,32,0,0.0
2026-01-08,7,40,0,0.0
2026-01-08,8,26,2,1490.09
2026-01-08,9,48,0,0.0
2026-01-08,10,36,1,177.86
2026-01-08,11,20,1,254.4
2026-01-08,12,10,0,0.0
2026-01-09,1,114,4,1445.93
2026-01-09,2,59,4,957.66
2026-01-09,3,35,1,241.24
2026-01-09,4,23,2,1489.42
2026-01-09,5,21,0,0.0
2026-01-09,6,26,1,186.39
2026-01-09,7,22,0,0.0
2026-01-09,8,18,1,392.9
2026-01-09,9,32,1,202.22
2026-01-09,10,27,1,932.0
2026-01-09,11,16,0,0.0
2026-01-09,12,8,0,0.0
2026-01-10,1,232,7,3216.81
2026-01-10,2,118,4,1361.1
2026-01-10,3,60,1,170.07
2026-01-10,4,47,0,0.0
2026-01-10,5,40,0,0.0
2026-01-10,6,46,2,1009.9
2026-01-10,7,49,0,0.0
2026-01-10,8,31,0,0.0
2026-01-10,9,66,2,589.15
2026-01-10,10,49,1,1056.23
2026-01-10,11,28,0,0.0
2026-01-10,12,16,1,792.04
2026-01-11,1,85,3,1553.45
2026-01-11,2,45,0,0.0
2026-01-11,3,24,0,0.0
2026-01-11,4,17,1,143.99
2026-01-11,5,14,1,139.05
2026-01-11,6,17,0,0.0
2026-01-11,7,20,1,1106.72
2026-01-11,8,13,1,359.96
2026-01-11,9,22,0,0.0
2026-01-11,10,18,0,0.0
2026-01-11,11,10,0,0.0
2026-01-11,12,5,0,0.0
2026-01-12,1,140,0,0.0
2026-01-12,2,85,2,888.79
2026-01-12,3,39,4,1092.15
2026-01-12,4,27,1,1126.26
2026-01-12,5,23,0,0.0
2026-01-12,6,26,0,0.0
2026-01-12,7,28,1,164.87
2026-01-12,8,22,0,0.0
2026-01-12,9,38,3,1938.86
2026-01-12,10,32,1,749.28
2026-01-12,11,17,0,0.0
2026-01-12,12,9,1,139.72
2026-01-13,1,160,6,3381.15
2026-01-13,2,90,2,311.63
2026-01-13,3,41,1,738.6
2026-01-13,4,31,0,0.0
2026-01-13,5,26,1,1036.38
2026-01-13,6,33,1,776.2
2026-01-13,7,34,1,1021.12
2026-01-13,8,24,1,1366.05
2026-01-13,9,48,1,498.69
2026-01-13,10,34,1,214.56
2026-01-13,11,17,1,334.9
2026-01-13,12,10,0,0.0
2026-01-14,1,173,5,1492.71
2026-01-14,2,87,1,180.47
2026-01-14,3,44,3,824.09
2026-01-14,4,31,0,0.0
2026-01-14,5,29,1,183.96
2026-01-14,6,33,0,0.0
2026-01-14,7,35,1,168.68
2026-01-14,8,25,2,622.06
2026-01-14,9,47,0,0.0
2026-01-14,10,32,1,175.31
2026-01-14,11,21,1,389.18
2026-01-14,12,10,1,437.86
2026-01-15,1,104,3,3316.78
2026-01-15,2,55,2,328.89
2026-01-15,3,31,0,0.0
2026-01-15,4,24,0,0.0
2026-01-15,5,20,1,140.75
2026-01-15,6,23,0,0.0
2026-01-15,7,24,0,0.0
2026-01-15,8,19,0,0.0
2026-01-15,9,30,0,0.0
2026-01-15,10,25,0,0.0
2026-01-15,11,15,0,0.0
2026-01-15,12,8,2,926.49
2026-01-16,1,206,4,1531.34
2026-01-16,2,118,5,2522.75
2026-01-16,3,55,0,0.0
2026-01-16,4,41,0,0.0
2026-01-16,5,33,1,960.84
2026-01-16,6,38,0,0.0
2026-01-16,7,47,0,0.0
2026-01-16,8,34,1,409.59
2026-01-16,9,59,2,1372.96
2026-01-16,10,39,2,760.06
2026-01-16,11,26,1,350.08
2026-01-16,12,13,1,193.92
2026-01-17,1,162,7,2779.62
2026-01-17,2,105,1,322.08
2026-01-17,3,45,0,0.0
2026-01-17,4,37,1,136.03
2026-01-17,5,28,0,0.0
2026-01-17,6,35,3,1031.85
2026-01-17,7,40,0,0.0
2026-01-17,8,30,1,369.48
2026-01-17,9,47,4,1157.93
2026-01-17,10,37,2,926.53
2026-01-17,11,20,0,0.0
2026-01-17,12,11,0,0.0
2026-01-18,1,247,5,2732.88
2026-01-18,2,117,4,1101.27
2026-01-18,3,68,1,1580.65
2026-01-18,4,46,1,228.4
2026-01-18,5,42,2,469.83
2026-01-18,6,48,0,0.0
2026-01-18,7,51,2,871.63
2026-01-18,8,38,1,194.49
2026-01-18,9,73,1,378.2
2026-01-18,10,48,0,0.0
2026-01-18,11,29,0,0.0
2026-01-18,12,18,0,0.0
2026-01-19,1,203,7,3437.3
2026-01-19,2,107,2,498.21
2026-01-19,3,56,2,965.32
2026-01-19,4,41,0,0.0
2026-01-19,5,34,0,0.0
2026-01-19,6,37,3,1342.5
2026-01-19,7,45,1,173.47
2026-01-19,8,30,1,905.55
2026-01-19,9,61,1,147.0
2026-01-19,10,40,0,0.0
2026-01-19,11,25,2,374.07
2026-01-19,12,12,0,0.0
2026-01-20,1,177,6,1888.26
2026-01-20,2,97,3,702.28
2026-01-20,3,55,4,756.89
2026-01-20,4,42,1,171.54
2026-01-20,5,34,1,426.26
2026-01-20,6,42,0,0.0
2026-01-20,7,42,1,141.17
2026-01-20,8,27,0,0.0
2026-01-20,9,55,1,164.41
2026-01-20,10,42,1,455.32
2026-01-20,11,23,0,0.0
2026-01-20,12,14,0,0.0
2026-01-21,1,101,0,0.0
2026-01-21,2,51,5,1832.76
2026-01-21,3,29,0,0.0
2026-01-21,4,23,0,0.0
2026-01-21,5,17,0,0.0
2026-01-21,6,21,2,966.17
2026-01-21,7,24,0,0.0
2026-01-21,8,15,0,0.0
2026-01-21,9,30,0,0.0
2026-01-21,10,22,1,191.23
2026-01-21,11,14,0,0.0
2026-01-21,12,8,2,481.36
2026-01-22,1,224,6,1393.49
2026-01-22,2,111,5,3672.48
2026-01-22,3,67,1,508.95
2026-01-22,4,46,0,0.0
2026-01-22,5,41,2,388.02
2026-01-22,6,47,3,1658.25
2026-01-22,7,52,0,0.0
2026-01-22,8,38,0,0.0
2026-01-22,9,64,3,969.72
2026-01-22,10,51,0,0.0
2026-01-22,11,28,0,0.0
2026-01-22,12,17,0,0.0
2026-01-23,1,135,6,2490.79
2026-01-23,2,70,3,1090.33
2026-01-23,3,34,1,280.59
2026-01-23,4,29,1,406.38
2026-01-23,5,22,1,1268.1
2026-01-23,6,25,1,841.95
2026-01-23,7,29,1,663.4
2026-01-23,8,19,0,0.0
2026-01-23,9,38,1,671.28
2026-01-23,10,27,0,0.0
2026-01-23,11,18,0,0.0
2026-01-23,12,8,0,0.0
2026-01-24,1,176,3,1754.2
2026-01-24,2,99,1,907.28
2026-01-24,3,46,2,877.85
2026-01-24,4,38,0,0.0
2026-01-24,5,32,2,2145.92
2026-01-24,6,34,1,181.37
2026-01-24,7,38,3,2103.53
2026-01-24,8,29,2,768.25
2026-01-24,9,48,0,0.0
2026-01-24,10,36,1,1081.29
2026-01-24,11,20,0,0.0
2026-01-24,12,10,0,0.0
2026-01-25,1,177,6,2353.07
2026-01-25,2,89,1,517.74
2026-01-25,3,53,2,652.54
2026-01-25,4,37,0,0.0
2026-01-25,5,35,0,0.0
2026-01-25,6,43,0,0.0
2026-01-25,7,41,1,1701.81
2026-01-25,8,30,0,0.0
2026-01-25,9,54,2,1011.32
2026-01-25,10,37,1,758.04
2026-01-25,11,21,3,639.82
2026-01-25,12,11,1,1293.84
2026-01-26,1,138,3,1091.9
2026-01-26,2,82,2,2510.45
2026-01-26,3,48,1,2306.16
2026-01-26,4,34,0,0.0
2026-01-26,5,28,0,0.0
2026-01-26,6,36,0,0.0
2026-01-26,7,34,1,359.88
2026-01-26,8,26,0,0.0
2026-01-26,9,45,5,1938.33
2026-01-26,10,38,2,452.33
2026-01-26,11,21,3,1703.8
2026-01-26,12,11,0,0.0
2026-01-27,1,192,5,2480.59
2026-01-27,2,99,3,2005.2
2026-01-27,3,49,0,0.0
2026-01-27,4,40,1,273.08
2026-01-27,5,31,1,175.79
2026-01-27,6,38,0,0.0
2026-01-27,7,43,2,1144.24
2026-01-27,8,30,1,237.29
2026-01-27,9,55,2,1330.92
2026-01-27,10,41,0,0.0
2026-01-27,11,21,0,0.0
2026-01-27,12,11,2,553.8
2026-01-28,1,217,4,1061.76
2026-01-28,2,111,1,322.76
2026-01-28,3,60,1,179.35
2026-01-28,4,55,3,985.78
2026-01-28,5,41,1,219.95
2026-01-28,6,49,1,240.07
2026-01-28,7,52,1,162.18
2026-01-28,8,38,0,0.0
2026-01-28,9,69,3,891.44
2026-01-28,10,51,0,0.0
2026-01-28,11,31,1,641.79
2026-01-28,12,14,1,369.33
2026-01-29,1,145,8,4859.29
2026-01-29,2,80,3,1275.48
2026-01-29,3,35,1,265.79
2026-01-29,4,29,0,0.0
2026-01-29,5,24,2,373.67
2026-01-29,6,28,0,0.0
2026-01-29,7,31,1,382.28
2026-01-29,8,24,0,0.0
2026-01-29,9,43,2,939.06
2026-01-29,10,29,0,0.0
2026-01-29,11,15,0,0.0
2026-01-29,12,8,0,0.0
2026-01-30,1,173,1,269.58
2026-01-30,2,80,3,1558.13
2026-01-30,3,40,2,1065.99
2026-01-30,4,34,0,0.0
2026-01-30,5,27,0,0.0
2026-01-30,6,29,2,673.12
2026-01-30,7,36,0,0.0
2026-01-30,8,25,1,490.59
2026-01-30,9,48,2,376.57
2026-01-30,10,32,0,0.0
2026-01-30,11,21,0,0.0
2026-01-30,12,10,1,1048.64
2026-01-31,1,233,5,2256.23
2026-01-31,2,112,4,3144.57
2026-01-31,3,59,1,204.93
2026-01-31,4,48,1,1301.23
2026-01-31,5,41,0,0.0
2026-01-31,6,43,0,0.0
2026-01-31,7,49,2,389.83
2026-01-31,8,35,1,462.15
2026-01-31,9,60,5,1699.53
2026-01-31,10,47,0,0.0
2026-01-31,11,27,1,181.84
2026-01-31,12,15,0,0.0
2026-02-01,1,157,3,818.47
2026-02-01,2,88,3,1878.29
2026-02-01,3,45,0,0.0
2026-02-01,4,36,0,0.0
2026-02-01,5,27,1,556.5
2026-02-01,6,32,2,1043.97
2026-02-01,7,33,0,0.0
2026-02-01,8,26,2,561.95
2026-02-01,9,45,2,488.67
2026-02-01,10,36,1,873.32
2026-02-01,11,20,0,0.0
2026-02-01,12,10,0,0.0
2026-02-02,1,228,4,1942.91
2026-02-02,2,115,2,385.61
2026-02-02,3,57,0,0.0
2026-02-02,4,47,1,726.6
2026-02-02,5,33,1,474.12
2026-02-02,6,47,1,221.91
2026-02-02,7,48,1,198.21
2026-02-02,8,36,1,752.8
2026-02-02,9,69,3,2515.51
2026-02-02,10,50,0,0.0
2026-02-02,11,28,1,1182.8
2026-02-02,12,15,0,0.0
2026-02-03,1,302,4,1768.11
2026-02-03,2,142,5,1810.4
2026-02-03,3,77,5,1447.37
2026-02-03,4,67,0,0.0
2026-02-03,5,49,1,642.42
2026-02-03,6,59,0,0.0
2026-02-03,7,63,1,478.41
2026-02-03,8,45,2,977.6
2026-02-03,9,77,2,1032.31
2026-02-03,10,58,2,1631.04
2026-02-03,11,35,0,0.0
2026-02-03,12,19,1,574.41
2026-02-04,1,265,4,2116.36
2026-02-04,2,137,6,3496.63
2026-02-04,3,64,3,1083.34
2026-02-04,4,56,3,1237.71
2026-02-04,5,43,0,0.0
2026-02-04,6,49,1,245.73
2026-02-04,7,53,0,0.0
2026-02-04,8,38,1,193.93
2026-02-04,9,74,3,851.97
2026-02-04,10,61,1,901.0
2026-02-04,11,32,1,341.51
2026-02-04,12,16,1,201.38
2026-02-05,1,257,6,2227.72
2026-02-05,2,129,5,2477.02
2026-02-05,3,68,2,904.48
2026-02-05,4,61,3,1670.2
2026-02-05,5,45,1,158.9
2026-02-05,6,57,2,1442.1
2026-02-05,7,59,4,1182.14
2026-02-05,8,40,1,193.55
2026-02-05,9,69,2,809.39
2026-02-05,10,60,1,172.02
2026-02-05,11,32,0,0.0
2026-02-05,12,17,0,0.0
2026-02-06,1,306,4,1633.76
2026-02-06,2,181,2,897.55
2026-02-06,3,90,4,1300.05
2026-02-06,4,69,2,1411.7
2026-02-06,5,59,3,1012.54
2026-02-06,6,63,1,1112.95
2026-02-06,7,71,3,1345.66
2026-02-06,8,53,1,932.44
2026-02-06,9,95,1,530.1
2026-02-06,10,73,2,2141.03
2026-02-06,11,37,1,670.2
2026-02-06,12,22,1,297.05
2026-02-07,1,270,5,1640.9
2026-02-07,2,146,4,1744.79
2026-02-07,3,71,1,175.01
2026-02-07,4,55,0,0.0
2026-02-07,5,48,1,1029.0
2026-02-07,6,55,1,187.52
2026-02-07,7,60,1,695.79
2026-02-07,8,43,2,668.55
2026-02-07,9,75,5,2160.33
2026-02-07,10,52,0,0.0
2026-02-07,11,35,0,0.0
2026-02-07,12,18,0,0.0
2026-02-08,1,219,4,1148.71
2026-02-08,2,109,6,2185.37
2026-02-08,3,62,2,1104.08
2026-02-08,4,53,2,1483.88
2026-02-08,5,38,1,211.53
2026-02-08,6,39,0,0.0
2026-02-08,7,46,6,2523.35
2026-02-08,8,31,2,1081.69
2026-02-08,9,54,1,176.15
2026-02-08,10,47,2,718.29
2026-02-08,11,27,1,876.88
2026-02-08,12,15,0,0.0
2026-02-09,1,203,4,1904.43
2026-02-09,2,92,5,2130.67
2026-02-09,3,51,0,0.0
2026-02-09,4,37,3,767.54
2026-02-09,5,31,0,0.0
2026-02-09,6,41,1,200.24
2026-02-09,7,38,3,1647.7
2026-02-09,8,29,0,0.0
2026-02-09,9,57,0,0.0
2026-02-09,10,38,0,0.0
2026-02-09,11,23,2,1099.86
2026-02-09,12,12,1,326.36
2026-02-10,1,167,10,4523.75
2026-02-10,2,84,3,1312.02
2026-02-10,3,43,0,0.0
2026-02-10,4,32,4,1572.73
2026-02-10,5,25,0,0.0
2026-02-10,6,31,0,0.0
2026-02-10,7,31,1,187.8
2026-02-10,8,24,0,0.0
2026-02-10,9,42,1,217.48
2026-02-10,10,35,2,347.19
2026-02-10,11,18,0,0.0
2026-02-10,12,11,0,0.0
2026-02-11,1,267,6,3222.38
2026-02-11,2,145,3,2619.6
2026-02-11,3,79,3,1961.94
2026-02-11,4,56,4,2508.11
2026-02-11,5,48,1,758.97
2026-02-11,6,52,1,393.8
2026-02-11,7,67,1,476.46
2026-02-11,8,42,0,0.0
2026-02-11,9,83,3,1424.45
2026-02-11,10,55,1,205.83
2026-02-11,11,36,0,0.0
2026-02-11,12,20,1,396.86
2026-02-12,1,161,2,1860.24
2026-02-12,2,87,5,2028.64
2026-02-12,3,40,1,1017.6
2026-02-12,4,31,1,225.96
2026-02-12,5,27,1,424.46
2026-02-12,6,35,1,447.16
2026-02-12,7,33,2,991.2
2026-02-12,8,24,0,0.0
2026-02-12,9,46,1,499.56
2026-02-12,10,32,0,0.0
2026-02-12,11,20,1,690.96
2026-02-12,12,11,0,0.0
2026-02-13,1,233,6,3270.46
2026-02-13,2,117,5,2378.19
2026-02-13,3,68,0,0.0
2026-02-13,4,51,1,806.96
2026-02-13,5,41,1,208.03
2026-02-13,6,50,1,546.92
2026-02-13,7,54,1,336.87
2026-02-13,8,36,2,797.96
2026-02-13,9,69,0,0.0
2026-02-13,10,50,0,0.0
2026-02-13,11,34,2,1681.65
2026-02-13,12,16,0,0.0
2026-02-14,1,295,6,4491.84
2026-02-14,2,164,3,933.21
2026-02-14,3,76,4,1483.6
2026-02-14,4,53,1,423.22
2026-02-14,5,51,3,2066.44
2026-02-14,6,50,4,1820.56
2026-02-14,7,62,2,542.83
2026-02-14,8,46,2,724.41
2026-02-14,9,76,2,1144.04
2026-02-14,10,64,2,1244.92
2026-02-14,11,39,0,0.0
2026-02-14,12,19,0,0.0
2026-02-15,1,303,5,2597.35
2026-02-15,2,188,6,4584.79
2026-02-15,3,87,2,388.41
2026-02-15,4,77,2,902.72
2026-02-15,5,63,1,368.78
2026-02-15,6,73,3,2186.6
2026-02-15,7,68,1,617.37
2026-02-15,8,54,1,257.31
2026-02-15,9,98,3,2385.61
2026-02-15,10,74,0,0.0
2026-02-15,11,45,2,544.26
2026-02-15,12,23,0,0.0
2026-02-16,1,201,6,4178.72
2026-02-16,2,108,7,3166.69
2026-02-16,3,56,2,945.19
2026-02-16,4,46,0,0.0
2026-02-16,5,40,2,782.37
2026-02-16,6,43,1,845.0
2026-02-16,7,43,1,201.42
2026-02-16,8,40,1,195.68
2026-02-16,9,62,1,447.0
2026-02-16,10,48,0,0.0
2026-02-16,11,26,1,761.16
2026-02-16,12,14,0,0.0
2026-02-17,1,277,5,2541.7
2026-02-17,2,169,5,3639.1
2026-02-17,3,78,1,894.44
2026-02-17,4,57,1,746.31
2026-02-17,5,50,1,268.15
2026-02-17,6,63,2,606.3
2026-02-17,7,59,3,864.62
2026-02-17,8,48,2,478.07
2026-02-17,9,81,2,2010.86
2026-02-17,10,63,0,0.0
2026-02-17,11,37,0,0.0
2026-02-17,12,20,0,0.0
2026-02-18,1,288,6,3894.52
2026-02-18,2,172,4,1276.1
2026-02-18,3,104,0,0.0
2026-02-18,4,60,4,1726.65
2026-02-18,5,53,2,609.52
2026-02-18,6,70,2,613.71
2026-02-18,7,74,1,682.36
2026-02-18,8,53,1,217.56
2026-02-18,9,80,1,201.75
2026-02-18,10,75,0,0.0
2026-02-18,11,41,0,0.0
2026-02-18,12,22,1,203.1
2026-02-19,1,295,11,3603.76
2026-02-19,2,177,5,3024.64
2026-02-19,3,84,1,449.02
2026-02-19,4,65,2,901.15
2026-02-19,5,58,1,928.44
2026-02-19,6,67,1,557.62
2026-02-19,7,70,1,202.59
2026-02-19,8,53,3,1420.44
2026-02-19,9,102,0,0.0
2026-02-19,10,68,1,568.24
2026-02-19,11,38,0,0.0
2026-02-19,12,22,0,0.0
2026-02-20,1,256,4,2565.51
2026-02-20,2,141,5,1576.85
2026-02-20,3,68,3,891.69
2026-02-20,4,59,4,1277.54
2026-02-20,5,47,1,555.21
2026-02-20,6,51,1,146.79
2026-02-20,7,52,3,894.17
2026-02-20,8,43,3,3176.93
2026-02-20,9,74,2,962.74
2026-02-20,10,51,1,271.2
2026-02-20,11,32,1,206.89
2026-02-20,12,16,0,0.0
2026-02-21,1,402,7,2142.9
2026-02-21,2,195,5,2384.04
2026-02-21,3,113,3,1907.66
2026-02-21,4,90,5,3088.06
2026-02-21,5,65,1,612.78
2026-02-21,6,79,1,285.31
2026-02-21,7,85,2,2236.67
2026-02-21,8,61,2,911.74
2026-02-21,9,121,4,1091.18
2026-02-21,10,82,3,2355.99
2026-02-21,11,49,1,240.31
2026-02-21,12,26,0,0.0
2026-02-22,1,206,4,1730.96
2026-02-22,2,126,4,1669.76
2026-02-22,3,69,1,245.73
2026-02-22,4,49,1,240.99
2026-02-22,5,37,1,180.99
2026-02-22,6,46,0,0.0
2026-02-22,7,52,0,0.0
2026-02-22,8,38,2,906.59
2026-02-22,9,64,1,943.08
2026-02-22,10,49,1,806.52
2026-02-22,11,26,1,220.58
2026-02-22,12,14,0,0.0
2026-02-23,1,314,7,4018.53
2026-02-23,2,158,3,2484.49
2026-02-23,3,77,2,737.62
2026-02-23,4,65,5,3716.05
2026-02-23,5,52,1,242.15
2026-02-23,6,63,2,680.41
2026-02-23,7,68,1,396.9
2026-02-23,8,52,1,197.58
2026-02-23,9,79,2,1137.41
2026-02-23,10,68,2,2093.32
2026-02-23,11,39,1,465.8
2026-02-23,12,22,0,0.0
2026-02-24,1,229,4,4367.86
2026-02-24,2,121,3,2218.69
2026-02-24,3,62,2,1038.24
2026-02-24,4,49,3,2006.34
2026-02-24,5,36,2,604.62
2026-02-24,6,45,2,1380.62
2026-02-24,7,46,0,0.0
2026-02-24,8,34,1,215.79
2026-02-24,9,63,1,259.42
2026-02-24,10,44,0,0.0
2026-02-24,11,29,2,2071.56
2026-02-24,12,14,1,275.39
2026-02-25,1,237,6,3484.46
2026-02-25,2,124,4,3210.1
2026-02-25,3,61,3,2971.34
2026-02-25,4,54,0,0.0
2026-02-25,5,40,1,1486.73
2026-02-25,6,49,0,0.0
2026-02-25,7,48,1,1220.87
2026-02-25,8,36,2,794.7
2026-02-25,9,63,3,1004.2
2026-02-25,10,42,1,274.19
2026-02-25,11,26,0,0.0
2026-02-25,12,15,0,0.0
2026-02-26,1,251,4,1957.49
2026-02-26,2,127,2,837.9
2026-02-26,3,66,2,1256.87
2026-02-26,4,54,2,1738.08
2026-02-26,5,39,3,1830.56
2026-02-26,6,50,1,302.41
2026-02-26,7,56,5,3037.76
2026-02-26,8,43,1,1568.49
2026-02-26,9,62,1,310.59
2026-02-26,10,53,1,726.39
2026-02-26,11,30,0,0.0
2026-02-26,12,16,1,805.36
2026-02-27,1,249,7,4017.69
2026-02-27,2,143,4,1681.62
2026-02-27,3,84,1,200.76
2026-02-27,4,63,1,283.57
2026-02-27,5,52,1,199.35
2026-02-27,6,58,0,0.0
2026-02-27,7,59,2,703.85
2026-02-27,8,41,0,0.0
2026-02-27,9,79,4,2202.11
2026-02-27,10,61,2,1285.84
2026-02-27,11,42,0,0.0
2026-02-27,12,18,0,0.0
2026-02-28,1,341,6,3399.88
2026-02-28,2,160,2,1274.06
2026-02-28,3,88,1,206.31
2026-02-28,4,65,5,2506.08
2026-02-28,5,56,1,181.72
2026-02-28,6,70,2,657.36
2026-02-28,7,77,0,0.0
2026-02-28,8,54,3,3659.08
2026-02-28,9,83,1,987.9
2026-02-28,10,69,2,696.43
2026-02-28,11,43,1,1186.28
2026-02-28,12,20,1,822.51
2026-03-01,1,327,6,3071.81
2026-03-01,2,181,2,1160.97
2026-03-01,3,73,2,1564.7
2026-03-01,4,98,1,220.98
2026-03-01,5,76,1,792.48
2026-03-01,6,78,3,1152.1
2026-03-01,7,61,2,675.5
2026-03-01,8,48,2,531.26
2026-03-01,9,84,2,526.15
2026-03-01,10,60,2,435.14
2026-03-01,11,33,1,1175.84
2026-03-01,12,26,1,714.33
2026-03-02,1,260,3,1879.7
2026-03-02,2,155,8,3757.73
2026-03-02,3,74,1,186.54
2026-03-02,4,93,0,0.0
2026-03-02,5,62,2,821.41
2026-03-02,6,60,2,1189.82
2026-03-02,7,42,3,1867.26
2026-03-02,8,47,3,1299.1
2026-03-02,9,72,2,1055.23
2026-03-02,10,46,2,2432.88
2026-03-02,11,27,1,248.6
2026-03-02,12,19,1,257.76
2026-03-03,1,351,5,3803.0
2026-03-03,2,173,5,1621.51
2026-03-03,3,93,3,943.37
2026-03-03,4,112,4,2233.27
2026-03-03,5,77,2,689.27
2026-03-03,6,68,3,1060.78
2026-03-03,7,64,1,201.33
2026-03-03,8,59,3,1777.71
2026-03-03,9,92,1,432.16
2026-03-03,10,65,2,1231.73
2026-03-03,11,37,0,0.0
2026-03-03,12,24,1,776.85
2026-03-04,1,215,2,1175.44
2026-03-04,2,101,4,1710.14
2026-03-04,3,55,1,478.32
2026-03-04,4,68,1,519.6
2026-03-04,5,40,2,1297.02
2026-03-04,6,41,1,806.67
2026-03-04,7,32,1,214.8
2026-03-04,8,29,0,0.0
2026-03-04,9,46,4,2723.41
2026-03-04,10,32,2,1039.19
2026-03-04,11,19,0,0.0
2026-03-04,12,14,4,2128.31
2026-03-05,1,271,2,1579.35
2026-03-05,2,130,5,2231.25
2026-03-05,3,70,3,2628.87
2026-03-05,4,83,4,4738.28
2026-03-05,5,54,0,0.0
2026-03-05,6,58,2,1529.02
2026-03-05,7,43,2,636.17
2026-03-05,8,47,1,295.07
2026-03-05,9,64,4,1900.16
2026-03-05,10,47,2,499.5
2026-03-05,11,32,1,855.66
2026-03-05,12,20,0,0.0
2026-03-06,1,248,6,3039.08
2026-03-06,2,122,2,492.31
2026-03-06,3,67,3,841.16
2026-03-06,4,66,3,1196.1
2026-03-06,5,45,1,547.42
2026-03-06,6,48,3,1320.92
2026-03-06,7,38,2,602.89
2026-03-06,8,37,2,670.89
2026-03-06,9,58,1,231.72
2026-03-06,10,39,1,485.84
2026-03-06,11,24,0,0.0
2026-03-06,12,14,1,253.91
2026-03-07,1,197,10,5789.99
2026-03-07,2,107,1,471.38
2026-03-07,3,56,1,361.97
2026-03-07,4,62,1,415.02
2026-03-07,5,41,1,1117.5
2026-03-07,6,43,1,471.28
2026-03-07,7,36,1,740.67
2026-03-07,8,32,4,2094.43
2026-03-07,9,50,1,484.26
2026-03-07,10,38,0,0.0
2026-03-07,11,22,1,479.2
2026-03-07,12,15,1,215.65
2026-03-08,1,258,14,6874.12
2026-03-08,2,137,3,1029.61
2026-03-08,3,67,2,785.76
2026-03-08,4,82,2,3058.56
2026-03-08,5,54,0,0.0
2026-03-08,6,54,3,785.84
2026-03-08,7,43,1,277.89
2026-03-08,8,47,0,0.0
2026-03-08,9,64,2,980.94
2026-03-08,10,48,2,1407.69
2026-03-08,11,25,0,0.0
2026-03-08,12,19,1,217.28
2026-03-09,1,251,5,1870.13
2026-03-09,2,112,5,2038.68
2026-03-09,3,72,2,1430.83
2026-03-09,4,80,0,0.0
2026-03-09,5,54,2,718.12
2026-03-09,6,51,0,0.0
2026-03-09,7,41,1,1513.2
2026-03-09,8,43,2,1385.15
2026-03-09,9,56,2,1096.56
2026-03-09,10,45,1,251.82
2026-03-09,11,23,1,467.0
2026-03-09,12,17,1,501.5
2026-03-10,1,166,6,4126.34
2026-03-10,2,85,3,1797.23
2026-03-10,3,48,2,2863.2
2026-03-10,4,57,3,1418.9
2026-03-10,5,33,1,669.06
2026-03-10,6,36,2,819.22
2026-03-10,7,31,0,0.0
2026-03-10,8,30,0,0.0
2026-03-10,9,44,1,489.48
2026-03-10,10,29,0,0.0
2026-03-10,11,18,0,0.0
2026-03-10,12,11,0,0.0
2026-03-11,1,242,2,1109.7
2026-03-11,2,113,4,1268.46
2026-03-11,3,63,2,1310.17
2026-03-11,4,65,3,4354.28
2026-03-11,5,45,1,491.86
2026-03-11,6,51,1,459.64
2026-03-11,7,44,0,0.0
2026-03-11,8,38,1,271.14
2026-03-11,9,52,2,806.86
2026-03-11,10,42,2,870.48
2026-03-11,11,22,1,260.24
2026-03-11,12,15,1,276.72
2026-03-12,1,369,8,4339.03
2026-03-12,2,201,6,4911.04
2026-03-12,3,91,2,1543.39
2026-03-12,4,105,3,2002.09
2026-03-12,5,72,1,238.27
2026-03-12,6,71,1,313.34
2026-03-12,7,66,1,184.42
2026-03-12,8,59,3,1554.64
2026-03-12,9,81,3,2029.39
2026-03-12,10,56,2,977.79
2026-03-12,11,33,0,0.0
2026-03-12,12,24,0,0.0
2026-03-13,1,303,12,8219.08
2026-03-13,2,135,2,2102.42
2026-03-13,3,81,1,629.28
2026-03-13,4,87,2,1887.43
2026-03-13,5,60,1,799.95
2026-03-13,6,58,1,289.28
2026-03-13,7,50,1,1186.96
2026-03-13,8,46,1,893.97
2026-03-13,9,73,2,2086.06
2026-03-13,10,50,1,261.07
2026-03-13,11,32,1,2558.43
2026-03-13,12,20,0,0.0
2026-03-14,1,164,3,1062.22
2026-03-14,2,90,8,5357.66
2026-03-14,3,50,0,0.0
2026-03-14,4,52,1,533.06
2026-03-14,5,36,0,0.0
2026-03-14,6,36,0,0.0
2026-03-14,7,30,2,956.75
2026-03-14,8,30,2,914.91
2026-03-14,9,38,1,932.4
2026-03-14,10,27,2,2174.16
2026-03-14,11,16,1,253.27
2026-03-14,12,11,0,0.0
2026-03-15,1,310,8,5089.06
2026-03-15,2,163,6,4445.86
2026-03-15,3,79,1,515.18
2026-03-15,4,88,3,1342.58
2026-03-15,5,65,3,2626.55
2026-03-15,6,62,1,244.56
2026-03-15,7,48,2,1474.93
2026-03-15,8,60,3,1149.78
2026-03-15,9,75,1,2319.04
2026-03-15,10,54,0,0.0
2026-03-15,11,30,2,527.05
2026-03-15,12,22,0,0.0
2026-03-16,1,280,7,4060.54
2026-03-16,2,154,4,2700.26
2026-03-16,3,71,2,704.46
2026-03-16,4,83,4,2671.13
2026-03-16,5,48,2,616.63
2026-03-16,6,59,1,263.34
2026-03-16,7,48,2,1653.36
2026-03-16,8,51,1,262.07
2026-03-16,9,63,3,1837.73
2026-03-16,10,48,4,3471.54
2026-03-16,11,28,0,0.0
2026-03-16,12,19,2,858.96
2026-03-17,1,360,3,1642.45
2026-03-17,2,169,6,2500.22
2026-03-17,3,102,5,1620.94
2026-03-17,4,114,4,1039.96
2026-03-17,5,80,0,0.0
2026-03-17,6,74,4,1505.17
2026-03-17,7,66,2,1098.84
2026-03-17,8,60,2,1369.6
2026-03-17,9,83,2,1590.53
2026-03-17,10,64,1,300.85
2026-03-17,11,36,0,0.0
2026-03-17,12,28,0,0.0
2026-03-18,1,396,10,5520.69
2026-03-18,2,239,5,5352.76
2026-03-18,3,106,2,1239.63
2026-03-18,4,138,4,2952.27
2026-03-18,5,94,3,2126.34
2026-03-18,6,90,3,1288.62
2026-03-18,7,77,0,0.0
2026-03-18,8,75,0,0.0
2026-03-18,9,104,4,3591.79
2026-03-18,10,74,2,1087.28
2026-03-18,11,42,0,0.0
2026-03-18,12,29,0,0.0
2026-03-19,1,453,6,2728.51
2026-03-19,2,206,2,522.86
2026-03-19,3,125,1,531.26
2026-03-19,4,149,3,1105.95
2026-03-19,5,99,3,2641.19
2026-03-19,6,84,3,2392.51
2026-03-19,7,75,2,949.64
2026-03-19,8,82,3,2116.51
2026-03-19,9,101,0,0.0
2026-03-19,10,83,3,2464.01
2026-03-19,11,44,0,0.0
2026-03-19,12,31,2,1119.25
2026-03-20,1,300,4,2325.38
2026-03-20,2,190,7,3046.82
2026-03-20,3,83,4,3096.07
2026-03-20,4,101,2,992.72
2026-03-20,5,69,2,1308.61
2026-03-20,6,63,0,0.0
2026-03-20,7,58,3,3523.98
2026-03-20,8,59,1,782.28
2026-03-20,9,78,4,3080.21
2026-03-20,10,61,1,1772.75
2026-03-20,11,32,3,1957.97
2026-03-20,12,22,0,0.0
2026-03-21,1,231,3,862.72
2026-03-21,2,126,4,2782.76
2026-03-21,3,72,5,4881.93
2026-03-21,4,76,1,1213.12
2026-03-21,5,49,0,0.0
2026-03-21,6,48,1,1120.72
2026-03-21,7,43,2,862.14
2026-03-21,8,44,2,1395.19
2026-03-21,9,63,2,825.46
2026-03-21,10,46,0,0.0
2026-03-21,11,27,0,0.0
2026-03-21,12,18,0,0.0
2026-03-22,1,460,16,8406.07
2026-03-22,2,240,7,6154.67
2026-03-22,3,133,4,2734.89
2026-03-22,4,148,1,270.87
2026-03-22,5,101,2,1159.24
2026-03-22,6,81,0,0.0
2026-03-22,7,81,3,2357.65
2026-03-22,8,76,2,795.23
2026-03-22,9,112,3,1128.13
2026-03-22,10,84,1,713.01
2026-03-22,11,43,0,0.0
2026-03-22,12,34,3,1863.25
2026-03-23,1,279,11,7105.73
2026-03-23,2,136,4,3225.29
2026-03-23,3,70,2,2263.02
2026-03-23,4,98,1,970.26
2026-03-23,5,56,0,0.0
2026-03-23,6,59,1,622.46
2026-03-23,7,50,3,1031.64
2026-03-23,8,47,0,0.0
2026-03-23,9,61,1,1369.6
2026-03-23,10,49,2,2428.92
2026-03-23,11,31,0,0.0
2026-03-23,12,19,0,0.0
2026-03-24,1,313,3,1890.54
2026-03-24,2,168,6,3990.31
2026-03-24,3,72,0,0.0
2026-03-24,4,100,2,2107.52
2026-03-24,5,67,4,3454.08
2026-03-24,6,63,0,0.0
2026-03-24,7,52,5,3687.66
2026-03-24,8,57,1,1338.16
2026-03-24,9,73,1,445.52
2026-03-24,10,57,1,974.56
2026-03-24,11,32,0,0.0
2026-03-24,12,19,1,1404.7
2026-03-25,1,400,10,5157.31
2026-03-25,2,225,7,4688.66
2026-03-25,3,107,2,1320.79
2026-03-25,4,138,3,2577.97
2026-03-25,5,89,2,1377.23
2026-03-25,6,88,3,1937.22
2026-03-25,7,64,3,1098.9
2026-03-25,8,73,1,277.07
2026-03-25,9,98,4,2047.38
2026-03-25,10,72,4,1874.76
2026-03-25,11,42,2,634.61
2026-03-25,12,26,0,0.0
2026-03-26,1,386,9,6150.21
2026-03-26,2,194,6,2579.0
2026-03-26,3,95,4,1202.8
2026-03-26,4,134,2,2003.44
2026-03-26,5,77,1,320.14
2026-03-26,6,76,5,3287.46
2026-03-26,7,64,1,529.1
2026-03-26,8,67,1,485.56
2026-03-26,9,94,6,5271.12
2026-03-26,10,63,4,2005.82
2026-03-26,11,36,0,0.0
2026-03-26,12,28,1,377.88
2026-03-27,1,359,11,7360.46
2026-03-27,2,199,5,4055.16
2026-03-27,3,113,4,2606.71
2026-03-27,4,114,0,0.0
2026-03-27,5,82,1,584.4
2026-03-27,6,78,2,1296.93
2026-03-27,7,65,2,2090.1
2026-03-27,8,67,1,567.5
2026-03-27,9,102,2,552.05
2026-03-27,10,60,2,1231.05
2026-03-27,11,42,1,266.68
2026-03-27,12,30,1,335.48
2026-03-28,1,434,2,604.68
2026-03-28,2,222,6,3188.34
2026-03-28,3,123,5,2825.63
2026-03-28,4,130,5,4733.58
2026-03-28,5,70,2,841.26
2026-03-28,6,98,1,561.2
2026-03-28,7,67,3,2621.85
2026-03-28,8,74,2,1169.98
2026-03-28,9,100,4,1637.37
2026-03-28,10,72,3,1537.21
2026-03-28,11,42,0,0.0
2026-03-28,12,31,1,248.57
2026-03-29,1,287,8,5043.23
2026-03-29,2,147,10,4491.48
2026-03-29,3,77,2,1113.08
2026-03-29,4,86,2,1176.66
2026-03-29,5,62,0,0.0
2026-03-29,6,57,2,570.66
2026-03-29,7,46,1,1568.34
2026-03-29,8,47,1,278.29
2026-03-29,9,66,3,3806.85
2026-03-29,10,46,2,1468.22
2026-03-29,11,32,1,1483.38
2026-03-29,12,19,0,0.0
2026-03-30,1,350,8,7273.4
2026-03-30,2,175,7,7160.05
2026-03-30,3,96,0,0.0
2026-03-30,4,115,1,310.85
2026-03-30,5,74,4,3041.76
2026-03-30,6,72,4,2394.82
2026-03-30,7,59,1,216.6
2026-03-30,8,63,1,918.15
2026-03-30,9,81,2,2446.28
2026-03-30,10,59,1,1946.42
2026-03-30,11,36,1,980.43
2026-03-30,12,24,0,0.0
2026-03-31,1,339,10,5316.25
2026-03-31,2,150,4,2830.74
2026-03-31,3,82,1,553.76
2026-03-31,4,102,3,3367.6
2026-03-31,5,65,5,4118.38
2026-03-31,6,64,0,0.0
2026-03-31,7,53,2,1461.22
2026-03-31,8,53,1,1069.56
2026-03-31,9,76,4,1996.23
2026-03-31,10,53,2,854.79
2026-03-31,11,33,0,0.0
2026-03-31,12,23,1,677.76
2026-04-01,1,341,9,3526.92
2026-04-01,2,148,4,2305.84
2026-04-01,3,94,1,529.06
2026-04-01,4,102,3,834.03
2026-04-01,5,62,2,1246.89
2026-04-01,6,67,2,922.09
2026-04-01,7,59,2,1075.72
2026-04-01,8,50,2,2297.5
2026-04-01,9,73,2,572.94
2026-04-01,10,55,3,2228.46
2026-04-01,11,33,2,1379.54
2026-04-01,12,21,1,987.69
2026-04-02,1,543,10,5916.39
2026-04-02,2,278,5,5552.29
2026-04-02,3,158,5,4434.89
2026-04-02,4,168,4,4255.77
2026-04-02,5,109,2,798.31
2026-04-02,6,116,0,0.0
2026-04-02,7,91,1,576.28
2026-04-02,8,100,2,649.37
2026-04-02,9,139,3,1464.57
2026-04-02,10,104,1,274.39
2026-04-02,11,57,0,0.0
2026-04-02,12,38,0,0.0
2026-04-03,1,426,8,4433.41
2026-04-03,2,224,7,2759.83
2026-04-03,3,111,3,1196.13
2026-04-03,4,128,4,1708.72
2026-04-03,5,92,4,2514.1
2026-04-03,6,92,1,487.34
2026-04-03,7,67,5,3068.58
2026-04-03,8,73,1,305.29
2026-04-03,9,106,2,1166.34
2026-04-03,10,78,1,261.94
2026-04-03,11,45,1,304.47
2026-04-03,12,28,0,0.0
2026-04-04,1,575,11,6770.26
2026-04-04,2,287,4,2712.9
2026-04-04,3,136,2,510.5
2026-04-04,4,172,6,3077.99
2026-04-04,5,116,0,0.0
2026-04-04,6,115,3,1849.49
2026-04-04,7,103,4,1635.55
2026-04-04,8,95,1,509.0
2026-04-04,9,138,3,2708.29
2026-04-04,10,100,1,1181.68
2026-04-04,11,57,0,0.0
2026-04-04,12,38,1,299.23
2026-04-05,1,338,6,4138.26
2026-04-05,2,189,7,3569.41
2026-04-05,3,103,3,2183.98
2026-04-05,4,110,7,3876.41
2026-04-05,5,71,1,286.46
2026-04-05,6,84,3,2745.48
2026-04-05,7,63,0,0.0
2026-04-05,8,60,1,327.21
2026-04-05,9,91,2,1679.15
2026-04-05,10,65,1,974.91
2026-04-05,11,35,0,0.0
2026-04-05,12,25,0,0.0
2026-04-06,1,360,8,5170.57
2026-04-06,2,194,9,3675.03
2026-04-06,3,90,2,616.57
2026-04-06,4,101,2,1225.22
2026-04-06,5,71,1,675.32
2026-04-06,6,70,1,959.73
2026-04-06,7,58,1,644.9
2026-04-06,8,58,1,253.04
2026-04-06,9,89,1,303.24
2026-04-06,10,59,0,0.0
2026-04-06,11,38,2,574.58
2026-04-06,12,24,0,0.0
2026-04-07,1,489,12,10831.17
2026-04-07,2,248,4,3197.24
2026-04-07,3,122,4,3274.59
2026-04-07,4,141,4,2392.34
2026-04-07,5,103,0,0.0
2026-04-07,6,98,3,1934.01
2026-04-07,7,77,0,0.0
2026-04-07,8,76,3,1978.67
2026-04-07,9,102,4,2418.39
2026-04-07,10,70,2,2211.95
2026-04-07,11,42,1,568.8
2026-04-07,12,33,0,0.0
2026-04-08,1,356,9,5094.51
2026-04-08,2,194,2,1548.56
2026-04-08,3,107,5,4331.34
2026-04-08,4,98,4,3684.25
2026-04-08,5,77,2,1001.54
2026-04-08,6,72,1,639.84
2026-04-08,7,67,3,808.82
2026-04-08,8,65,2,1417.57
2026-04-08,9,88,1,600.76
2026-04-08,10,64,2,1029.29
2026-04-08,11,38,2,2120.7
2026-04-08,12,25,0,0.0
2026-04-09,1,285,7,4289.73
2026-04-09,2,149,4,1963.56
2026-04-09,3,82,4,3633.97
2026-04-09,4,89,1,296.28
2026-04-09,5,58,2,1861.02
2026-04-09,6,59,0,0.0
2026-04-09,7,46,0,0.0
2026-04-09,8,54,3,714.7
2026-04-09,9,70,3,1553.95
2026-04-09,10,47,2,1494.22
2026-04-09,11,30,0,0.0
2026-04-09,12,19,0,0.0
2026-04-10,1,439,4,4476.08
2026-04-10,2,199,4,2809.14
2026-04-10,3,124,3,1544.8
2026-04-10,4,137,3,1620.59
2026-04-10,5,90,4,1749.7
2026-04-10,6,84,4,1909.52
2026-04-10,7,68,0,0.0
2026-04-10,8,81,5,2962.35
2026-04-10,9,88,5,3348.07
2026-04-10,10,70,5,3185.1
2026-04-10,11,46,2,970.63
2026-04-10,12,28,1,288.38
2026-04-11,1,310,6,2255.06
2026-04-11,2,173,4,3735.91
2026-04-11,3,81,1,952.38
2026-04-11,4,84,4,2241.23
2026-04-11,5,69,3,1585.85
2026-04-11,6,63,3,1596.38
2026-04-11,7,55,3,1731.39
2026-04-11,8,53,1,580.3
2026-04-11,9,71,5,3774.28
2026-04-11,10,45,2,1197.79
2026-04-11,11,30,1,267.83
2026-04-11,12,21,1,324.46
2026-04-12,1,300,9,6817.44
2026-04-12,2,180,5,3111.94
2026-04-12,3,84,6,3552.56
2026-04-12,4,102,2,3513.9
2026-04-12,5,68,2,3193.17
2026-04-12,6,64,2,963.78
2026-04-12,7,57,1,323.18
2026-04-12,8,53,0,0.0
2026-04-12,9,78,2,618.62
2026-04-12,10,52,1,1545.2
2026-04-12,11,29,1,1038.15
2026-04-12,12,21,0,0.0
2026-04-13,1,452,17,10423.15
2026-04-13,2,205,3,1455.37
2026-04-13,3,127,4,1142.8
2026-04-13,4,142,5,2337.51
2026-04-13,5,94,1,875.25
2026-04-13,6,102,2,1240.67
2026-04-13,7,75,3,1515.3
2026-04-13,8,79,3,3842.33
2026-04-13,9,102,1,330.12
2026-04-13,10,82,5,2136.14
2026-04-13,11,43,2,1679.73
2026-04-13,12,28,1,1303.6
2026-04-14,1,457,10,5050.76
2026-04-14,2,250,5,4054.2
2026-04-14,3,133,5,2050.34
2026-04-14,4,146,2,2790.31
2026-04-14,5,108,4,2765.55
2026-04-14,6,103,2,993.75
2026-04-14,7,94,2,2492.04
2026-04-14,8,91,3,1191.41
2026-04-14,9,107,0,0.0
2026-04-14,10,81,3,1513.89
2026-04-14,11,48,0,0.0
2026-04-14,12,33,0,0.0
2026-04-15,1,377,11,5723.06
2026-04-15,2,183,7,4851.49
2026-04-15,3,96,5,4253.14
2026-04-15,4,119,4,1177.84
2026-04-15,5,73,3,1542.13
2026-04-15,6,70,1,335.44
2026-04-15,7,62,3,1998.03
2026-04-15,8,62,4,2622.23
2026-04-15,9,85,1,287.74
2026-04-15,10,65,1,367.63
2026-04-15,11,37,0,0.0
2026-04-15,12,23,1,300.83
2026-04-16,1,329,7,4575.6
2026-04-16,2,170,8,5862.3
2026-04-16,3,96,2,1630.72
2026-04-16,4,104,2,944.78
2026-04-16,5,71,2,1655.8
2026-04-16,6,69,1,520.72
2026-04-16,7,60,1,284.22
2026-04-16,8,67,3,2449.77
2026-04-16,9,82,3,2349.39
2026-04-16,10,58,1,341.93
2026-04-16,11,33,1,752.61
2026-04-16,12,24,0,0.0
2026-04-17,1,714,17,12902.26
2026-04-17,2,317,6,5118.71
2026-04-17,3,166,3,2240.01
2026-04-17,4,184,5,3153.66
2026-04-17,5,123,2,1651.56
2026-04-17,6,116,2,3255.65
2026-04-17,7,101,6,5941.81
2026-04-17,8,99,1,623.52
2026-04-17,9,145,4,1621.83
2026-04-17,10,116,0,0.0
2026-04-17,11,63,2,1362.87
2026-04-17,12,40,0,0.0
2026-04-18,1,366,13,6951.55
2026-04-18,2,201,2,1721.86
2026-04-18,3,105,1,1164.99
2026-04-18,4,123,7,4817.91
2026-04-18,5,87,1,520.86
2026-04-18,6,78,1,301.58
2026-04-18,7,60,2,2052.94
2026-04-18,8,64,1,538.48
2026-04-18,9,99,5,4724.95
2026-04-18,10,56,2,1442.88
2026-04-18,11,37,5,3639.87
2026-04-18,12,25,2,1179.12
2026-04-19,1,415,11,7687.28
2026-04-19,2,225,3,1479.0
2026-04-19,3,120,3,1574.03
2026-04-19,4,135,7,6236.23
2026-04-19,5,84,4,2942.98
2026-04-19,6,92,1,298.1
2026-04-19,7,69,1,636.66
2026-04-19,8,77,3,3388.36
2026-04-19,9,109,3,2435.46
2026-04-19,10,64,1,310.96
2026-04-19,11,40,2,2133.82
2026-04-19,12,32,0,0.0
2026-04-20,1,392,9,8672.64
2026-04-20,2,224,6,4297.0
2026-04-20,3,123,4,2954.86
2026-04-20,4,134,3,2631.34
2026-04-20,5,86,5,4647.34
2026-04-20,6,86,2,1213.45
2026-04-20,7,80,0,0.0
2026-04-20,8,73,2,4759.44
2026-04-20,9,101,2,1045.4
2026-04-20,10,75,3,1373.77
2026-04-20,11,44,2,938.18
2026-04-20,12,31,0,0.0
2026-04-21,1,316,8,6131.38
2026-04-21,2,163,6,4237.11
2026-04-21,3,83,3,1346.94
2026-04-21,4,101,3,1254.81
2026-04-21,5,60,1,889.02
2026-04-21,6,61,2,1608.21
2026-04-21,7,45,0,0.0
2026-04-21,8,59,3,1702.22
2026-04-21,9,79,0,0.0
2026-04-21,10,49,1,676.92
2026-04-21,11,30,2,1108.0
2026-04-21,12,19,0,0.0
2026-04-22,1,364,9,7569.09
2026-04-22,2,192,4,2186.0
2026-04-22,3,96,2,1359.07
2026-04-22,4,110,2,1823.19
2026-04-22,5,66,3,2564.85
2026-04-22,6,72,2,597.2
2026-04-22,7,67,4,3884.24
2026-04-22,8,58,1,319.56
2026-04-22,9,87,3,1633.2
2026-04-22,10,65,4,2425.17
2026-04-22,11,38,0,0.0
2026-04-22,12,26,0,0.0
2026-04-23,1,395,4,3079.62
2026-04-23,2,229,5,3768.66
2026-04-23,3,107,8,5103.58
2026-04-23,4,97,3,3729.17
2026-04-23,5,72,4,1975.75
2026-04-23,6,72,2,1401.28
2026-04-23,7,55,5,4426.78
2026-04-23,8,66,4,2953.64
2026-04-23,9,95,0,0.0
2026-04-23,10,70,2,2642.32
2026-04-23,11,38,1,315.79
2026-04-23,12,27,0,0.0
2026-04-24,1,262,6,3287.96
2026-04-24,2,146,7,3626.3
2026-04-24,3,81,0,0.0
2026-04-24,4,85,3,3566.76
2026-04-24,5,60,0,0.0
2026-04-24,6,61,2,1608.12
2026-04-24,7,45,0,0.0
2026-04-24,8,45,1,649.7
2026-04-24,9,65,1,575.7
2026-04-24,10,45,0,0.0
2026-04-24,11,29,0,0.0
2026-04-24,12,19,1,351.26
2026-04-25,1,505,13,6752.85
2026-04-25,2,252,10,10738.79
2026-04-25,3,138,5,2821.31
2026-04-25,4,165,5,2900.95
2026-04-25,5,108,1,646.1
2026-04-25,6,109,2,600.74
2026-04-25,7,86,1,1170.28
2026-04-25,8,84,2,1640.08
2026-04-25,9,120,2,1533.23
2026-04-25,10,90,2,1120.03
2026-04-25,11,54,0,0.0
2026-04-25,12,34,1,1332.64
2026-04-26,1,380,9,6759.22
2026-04-26,2,237,7,4764.77
2026-04-26,3,108,3,3185.49
2026-04-26,4,121,3,1804.78
2026-04-26,5,85,2,572.53
2026-04-26,6,78,1,319.54
2026-04-26,7,65,1,304.1
2026-04-26,8,63,2,957.38
2026-04-26,9,99,2,646.79
2026-04-26,10,76,2,1908.16
2026-04-26,11,35,0,0.0
2026-04-26,12,26,2,1268.97
2026-04-27,1,292,6,5091.63
2026-04-27,2,164,5,3091.37
2026-04-27,3,78,4,3368.27
2026-04-27,4,86,2,567.38
2026-04-27,5,65,2,1036.9
2026-04-27,6,57,4,2998.61
2026-04-27,7,45,0,0.0
2026-04-27,8,49,1,1428.8
2026-04-27,9,69,1,1027.95
2026-04-27,10,51,0,0.0
2026-04-27,11,29,1,977.46
2026-04-27,12,20,0,0.0
2026-04-28,1,592,11,7948.98
2026-04-28,2,272,5,3222.53
2026-04-28,3,183,5,2409.27
2026-04-28,4,205,5,1888.56
2026-04-28,5,125,2,1214.96
2026-04-28,6,106,4,1870.42
2026-04-28,7,107,2,650.03
2026-04-28,8,103,2,1079.4
2026-04-28,9,152,5,5655.09
2026-04-28,10,108,1,283.11
2026-04-28,11,57,0,0.0
2026-04-28,12,41,0,0.0
2026-04-29,1,347,12,9611.07
2026-04-29,2,157,5,2487.49
2026-04-29,3,92,1,976.44
2026-04-29,4,88,8,5164.32
2026-04-29,5,68,0,0.0
2026-04-29,6,56,1,686.26
2026-04-29,7,53,2,1099.15
2026-04-29,8,48,1,995.49
2026-04-29,9,82,0,0.0
2026-04-29,10,52,1,1336.48
2026-04-29,11,32,3,2407.6
2026-04-29,12,22,0,0.0
2026-04-30,1,309,6,4630.29
2026-04-30,2,183,6,4514.11
2026-04-30,3,99,0,0.0
2026-04-30,4,97,4,3820.66
2026-04-30,5,69,2,651.86
2026-04-30,6,73,2,567.58
2026-04-30,7,56,1,1063.53
2026-04-30,8,61,4,1969.35
2026-04-30,9,80,3,1215.35
2026-04-30,10,55,0,0.0
2026-04-30,11,35,2,1283.14
2026-04-30,12,22,0,0.0
2026-05-01,1,308,4,2611.4
2026-05-01,2,175,4,3101.75
2026-05-01,3,84,2,981.2
2026-05-01,4,105,6,2853.14
2026-05-01,5,69,2,938.09
2026-05-01,6,67,2,1302.66
2026-05-01,7,55,2,2507.36
2026-05-01,8,56,0,0.0
2026-05-01,9,70,1,270.34
2026-05-01,10,60,1,1432.05
2026-05-01,11,30,1,975.48
2026-05-01,12,21,0,0.0
2026-05-02,1,273,8,6505.23
2026-05-02,2,140,2,2138.4
2026-05-02,3,77,1,1687.25
2026-05-02,4,82,4,3385.68
2026-05-02,5,58,3,2226.69
2026-05-02,6,60,1,722.82
2026-05-02,7,45,2,2522.6
2026-05-02,8,47,1,1417.4
2026-05-02,9,70,0,0.0
2026-05-02,10,47,1,322.23
2026-05-02,11,26,1,311.0
2026-05-02,12,18,0,0.0
2026-05-03,1,239,10,5930.36
2026-05-03,2,132,5,2446.48
2026-05-03,3,70,1,312.27
2026-05-03,4,87,6,4611.64
2026-05-03,5,56,1,659.24
2026-05-03,6,58,1,873.57
2026-05-03,7,46,2,1916.61
2026-05-03,8,42,2,1173.49
2026-05-03,9,67,3,2614.21
2026-05-03,10,46,0,0.0
2026-05-03,11,28,0,0.0
2026-05-03,12,19,0,0.0
2026-05-04,1,306,9,7703.51
2026-05-04,2,165,4,1849.99
2026-05-04,3,82,1,1238.52
2026-05-04,4,90,1,694.42
2026-05-04,5,58,1,291.27
2026-05-04,6,61,0,0.0
2026-05-04,7,51,1,986.04
2026-05-04,8,54,3,1783.33
2026-05-04,9,70,1,378.95
2026-05-04,10,45,1,876.81
2026-05-04,11,29,0,0.0
2026-05-04,12,21,1,608.58
2026-05-05,1,298,10,10151.41
2026-05-05,2,175,1,338.58
2026-05-05,3,92,4,1970.26
2026-05-05,4,100,3,2418.34
2026-05-05,5,66,1,354.47
2026-05-05,6,80,3,1726.32
2026-05-05,7,60,3,1109.68
2026-05-05,8,52,2,1335.56
2026-05-05,9,85,1,340.56
2026-05-05,10,54,5,2529.14
2026-05-05,11,34,2,1466.63
2026-05-05,12,24,1,317.45
2026-05-06,1,356,7,4355.77
2026-05-06,2,186,4,2443.5
2026-05-06,3,96,1,668.84
2026-05-06,4,104,5,3033.49
2026-05-06,5,69,5,2976.7
2026-05-06,6,72,2,2243.15
2026-05-06,7,56,1,1295.6
2026-05-06,8,62,4,2407.8
2026-05-06,9,75,1,601.72
2026-05-06,10,61,0,0.0
2026-05-06,11,35,2,792.84
2026-05-06,12,26,1,976.05
2026-05-07,1,309,7,4914.43
2026-05-07,2,144,3,1855.45
2026-05-07,3,69,2,1937.19
2026-05-07,4,86,1,327.27
2026-05-07,5,59,1,275.56
2026-05-07,6,55,0,0.0
2026-05-07,7,51,0,0.0
2026-05-07,8,47,2,1469.97
2026-05-07,9,68,3,2537.32
2026-05-07,10,49,3,1964.09
2026-05-07,11,24,0,0.0
2026-05-07,12,17,1,909.78
2026-05-08,1,383,7,8027.7
2026-05-08,2,193,6,3274.06
2026-05-08,3,111,3,2042.6
2026-05-08,4,118,2,941.36
2026-05-08,5,85,1,762.34
2026-05-08,6,75,3,2109.06
2026-05-08,7,63,0,0.0
2026-05-08,8,57,1,898.05
2026-05-08,9,83,0,0.0
2026-05-08,10,66,4,2168.67
2026-05-08,11,37,0,0.0
2026-05-08,12,26,0,0.0
2026-05-09,1,353,10,6559.41
2026-05-09,2,175,3,2039.86
2026-05-09,3,82,0,0.0
2026-05-09,4,107,2,2023.06
2026-05-09,5,65,0,0.0
2026-05-09,6,67,1,301.67
2026-05-09,7,59,2,1742.19
2026-05-09,8,60,2,2234.24
2026-05-09,9,87,1,303.1
2026-05-09,10,61,1,1052.76
2026-05-09,11,34,0,0.0
2026-05-09,12,22,0,0.0
2026-05-10,1,372,7,3822.54
2026-05-10,2,217,8,6158.2
2026-05-10,3,125,3,1653.44
2026-05-10,4,131,3,1882.71
2026-05-10,5,91,0,0.0
2026-05-10,6,96,3,3233.12
2026-05-10,7,71,2,1372.34
2026-05-10,8,64,0,0.0
2026-05-10,9,106,3,1379.42
2026-05-10,10,65,4,2703.05
2026-05-10,11,40,1,334.05
2026-05-10,12,30,0,0.0
2026-05-11,1,360,9,6876.47
2026-05-11,2,170,3,2409.58
2026-05-11,3,98,1,673.08
2026-05-11,4,119,3,1954.88
2026-05-11,5,79,1,2427.04
2026-05-11,6,79,1,310.0
2026-05-11,7,73,1,244.8
2026-05-11,8,67,2,2494.24
2026-05-11,9,91,4,3318.6
2026-05-11,10,66,2,1807.82
2026-05-11,11,42,2,1200.42
2026-05-11,12,26,0,0.0
2026-05-12,1,203,5,5483.24
2026-05-12,2,104,1,1364.76
2026-05-12,3,53,3,1823.53
2026-05-12,4,61,2,702.31
2026-05-12,5,42,1,1283.4
2026-05-12,6,34,1,723.16
2026-05-12,7,33,0,0.0
2026-05-12,8,31,2,2293.42
2026-05-12,9,48,1,321.03
2026-05-12,10,31,1,1129.96
2026-05-12,11,22,0,0.0
2026-05-12,12,13,1,723.98
2026-05-13,1,435,8,3961.73
2026-05-13,2,232,4,2086.44
2026-05-13,3,131,3,2332.85
2026-05-13,4,137,6,6359.16
2026-05-13,5,85,3,2025.72
2026-05-13,6,81,0,0.0
2026-05-13,7,77,1,651.94
2026-05-13,8,73,4,2418.99
2026-05-13,9,107,2,899.76
2026-05-13,10,74,2,1414.43
2026-05-13,11,48,2,1943.04
2026-05-13,12,33,0,0.0
2026-05-14,1,297,7,4664.02
2026-05-14,2,157,1,279.12
2026-05-14,3,85,5,3917.56
2026-05-14,4,94,3,1964.52
2026-05-14,5,65,2,839.53
2026-05-14,6,56,1,1154.31
2026-05-14,7,52,0,0.0
2026-05-14,8,54,1,290.87
2026-05-14,9,60,2,2144.0
2026-05-14,10,50,3,4559.66
2026-05-14,11,29,0,0.0
2026-05-14,12,18,2,1217.66
2026-05-15,1,396,12,8274.45
2026-05-15,2,198,6,2932.62
2026-05-15,3,102,2,975.89
2026-05-15,4,126,4,2570.49
2026-05-15,5,87,1,282.99
2026-05-15,6,90,4,3335.62
2026-05-15,7,72,0,0.0
2026-05-15,8,68,0,0.0
2026-05-15,9,105,1,310.49
2026-05-15,10,70,1,1781.25
2026-05-15,11,40,0,0.0
2026-05-15,12,29,2,941.68
2026-05-16,1,390,12,12928.33
2026-05-16,2,174,5,4918.44
2026-05-16,3,94,5,4485.96
2026-05-16,4,118,4,3627.42
2026-05-16,5,77,3,1822.24
2026-05-16,6,76,0,0.0
2026-05-16,7,66,0,0.0
2026-05-16,8,67,0,0.0
2026-05-16,9,86,1,285.36
2026-05-16,10,69,2,1960.82
2026-05-16,11,42,2,971.13
2026-05-16,12,24,0,0.0
2026-05-17,1,328,8,6566.23
2026-05-17,2,157,6,3766.55
2026-05-17,3,91,2,1360.86
2026-05-17,4,90,5,1572.45
2026-05-17,5,62,0,0.0
2026-05-17,6,66,1,305.92
2026-05-17,7,56,0,0.0
2026-05-17,8,52,4,3757.51
2026-05-17,9,68,2,763.74
2026-05-17,10,58,2,1635.18
2026-05-17,11,32,0,0.0
2026-05-17,12,22,0,0.0
2026-05-18,1,251,11,6576.07
2026-05-18,2,141,7,3316.73
2026-05-18,3,65,1,1096.62
2026-05-18,4,81,4,3102.74
2026-05-18,5,58,1,292.86
2026-05-18,6,51,2,883.3
2026-05-18,7,43,2,678.72
2026-05-18,8,43,0,0.0
2026-05-18,9,58,4,2508.27
2026-05-18,10,42,2,615.49
2026-05-18,11,27,0,0.0
2026-05-18,12,17,0,0.0
2026-05-19,1,395,7,3929.44
2026-05-19,2,190,8,4945.65
2026-05-19,3,98,2,961.31
2026-05-19,4,121,6,8380.24
2026-05-19,5,85,4,1826.4
2026-05-19,6,79,2,1898.0
2026-05-19,7,71,0,0.0
2026-05-19,8,69,2,928.51
2026-05-19,9,82,1,677.04
2026-05-19,10,62,1,585.02
2026-05-19,11,39,0,0.0
2026-05-19,12,27,0,0.0
2026-05-20,1,508,16,8647.36
2026-05-20,2,292,6,5237.96
2026-05-20,3,155,2,875.2
2026-05-20,4,171,5,3959.5
2026-05-20,5,93,1,1446.08
2026-05-20,6,111,5,4101.35
2026-05-20,7,90,4,4182.15
2026-05-20,8,94,2,1039.41
2026-05-20,9,125,2,1667.3
2026-05-20,10,91,2,987.47
2026-05-20,11,55,0,0.0
2026-05-20,12,36,0,0.0
2026-05-21,1,300,5,3061.49
2026-05-21,2,149,6,4235.65
2026-05-21,3,83,2,927.58
2026-05-21,4,85,5,5568.36
2026-05-21,5,66,3,1490.85
2026-05-21,6,63,1,333.84
2026-05-21,7,53,0,0.0
2026-05-21,8,48,2,1282.85
2026-05-21,9,69,0,0.0
2026-05-21,10,49,4,2884.32
2026-05-21,11,25,3,1691.06
2026-05-21,12,20,1,1425.56
2026-05-22,1,357,9,7716.53
2026-05-22,2,222,5,2661.18
2026-05-22,3,115,4,2492.39
2026-05-22,4,145,3,2658.53
2026-05-22,5,82,2,1599.07
2026-05-22,6,85,2,1672.96
2026-05-22,7,73,2,1839.66
2026-05-22,8,68,2,1669.87
2026-05-22,9,104,1,322.16
2026-05-22,10,73,4,3383.88
2026-05-22,11,45,0,0.0
2026-05-22,12,26,0,0.0
2026-05-23,1,400,12,6753.65
2026-05-23,2,206,1,1866.24
2026-05-23,3,111,3,1299.07
2026-05-23,4,115,3,1843.04
2026-05-23,5,88,3,1327.17
2026-05-23,6,86,1,313.52
2026-05-23,7,77,2,856.2
2026-05-23,8,63,1,733.88
2026-05-23,9,106,5,4411.67
2026-05-23,10,69,2,1439.73
2026-05-23,11,42,1,1066.98
2026-05-23,12,28,2,1856.68
2026-05-24,1,503,13,9292.79
2026-05-24,2,244,8,6078.52
2026-05-24,3,129,2,656.4
2026-05-24,4,140,6,5721.32
2026-05-24,5,99,3,1286.07
2026-05-24,6,90,3,3632.37
2026-05-24,7,92,5,3486.81
2026-05-24,8,74,3,2008.05
2026-05-24,9,104,1,1249.44
2026-05-24,10,76,3,3458.2
2026-05-24,11,47,0,0.0
2026-05-24,12,28,1,291.55
2026-05-25,1,349,8,3665.56
2026-05-25,2,182,4,2160.11
2026-05-25,3,101,5,3277.73
2026-05-25,4,106,8,4555.32
2026-05-25,5,81,3,3651.09
2026-05-25,6,71,1,1361.2
2026-05-25,7,62,1,997.5
2026-05-25,8,60,1,357.02
2026-05-25,9,97,0,0.0
2026-05-25,10,58,1,637.92
2026-05-25,11,37,0,0.0
2026-05-25,12,23,0,0.0
2026-05-26,1,482,8,6378.17
2026-05-26,2,247,6,2874.83
2026-05-26,3,124,5,2824.58
2026-05-26,4,146,5,2046.39
2026-05-26,5,98,3,1570.29
2026-05-26,6,99,1,811.5
2026-05-26,7,82,2,1831.52
2026-05-26,8,82,2,1443.79
2026-05-26,9,102,1,351.94
2026-05-26,10,77,3,2094.42
2026-05-26,11,50,0,0.0
2026-05-26,12,31,1,1310.56
2026-05-27,1,367,12,8014.36
2026-05-27,2,198,2,641.14
2026-05-27,3,96,1,302.63
2026-05-27,4,125,4,4112.96
2026-05-27,5,85,0,0.0
2026-05-27,6,76,4,2392.41
2026-05-27,7,67,4,2685.04
2026-05-27,8,63,1,386.72
2026-05-27,9,89,1,272.76
2026-05-27,10,72,1,340.53
2026-05-27,11,39,1,1512.56
2026-05-27,12,26,0,0.0
2026-05-28,1,288,8,4058.5
2026-05-28,2,176,4,3841.97
2026-05-28,3,80,0,0.0
2026-05-28,4,92,9,7857.22
2026-05-28,5,59,2,672.36
2026-05-28,6,64,3,2557.45
2026-05-28,7,60,0,0.0
2026-05-28,8,53,2,3168.7
2026-05-28,9,75,1,1467.55
2026-05-28,10,54,0,0.0
2026-05-28,11,33,1,321.29
2026-05-28,12,22,0,0.0
2026-05-29,1,295,10,7272.88
2026-05-29,2,191,4,2156.95
2026-05-29,3,92,4,2609.9
2026-05-29,4,102,4,3360.49
2026-05-29,5,67,4,4205.18
2026-05-29,6,71,2,1778.34
2026-05-29,7,57,1,336.96
2026-05-29,8,53,1,279.17
2026-05-29,9,77,3,2307.54
2026-05-29,10,58,0,0.0
2026-05-29,11,34,1,346.15
2026-05-29,12,23,0,0.0
2026-05-30,1,347,10,4462.75
2026-05-30,2,165,4,2766.76
2026-05-30,3,90,5,2844.48
2026-05-30,4,111,6,3305.31
2026-05-30,5,70,2,889.38
2026-05-30,6,71,1,340.25
2026-05-30,7,65,2,834.69
2026-05-30,8,60,2,1231.46
2026-05-30,9,82,4,3233.46
2026-05-30,10,62,5,2630.22
2026-05-30,11,37,0,0.0
2026-05-30,12,23,1,297.95
2026-05-31,1,268,7,4277.95
2026-05-31,2,160,4,3790.81
2026-05-31,3,85,1,305.63
2026-05-31,4,97,8,5936.12
2026-05-31,5,61,2,2159.34
2026-05-31,6,59,2,620.83
2026-05-31,7,51,0,0.0
2026-05-31,8,48,2,2336.19
2026-05-31,9,70,2,1015.17
2026-05-31,10,53,1,1576.65
2026-05-31,11,29,0,0.0
2026-05-31,12,19,0,0.0
2026-06-01,1,475,11,7200.62
2026-06-01,2,216,3,2765.81
2026-06-01,3,107,3,2255.97
2026-06-01,4,182,4,2993.27
2026-06-01,5,105,2,2855.68
2026-06-01,6,88,0,0.0
2026-06-01,7,67,0,0.0
2026-06-01,8,74,3,2680.0
2026-06-01,9,87,4,2118.22
2026-06-01,10,67,1,1156.92
2026-06-01,11,40,4,3299.38
2026-06-01,12,33,1,1489.8
2026-06-02,1,378,7,3495.05
2026-06-02,2,191,2,1939.72
2026-06-02,3,84,1,633.56
2026-06-02,4,179,5,1650.4
2026-06-02,5,87,2,1837.1
2026-06-02,6,78,3,3008.09
2026-06-02,7,50,0,0.0
2026-06-02,8,71,4,3805.37
2026-06-02,9,98,2,1149.94
2026-06-02,10,60,2,962.46
2026-06-02,11,32,0,0.0
2026-06-02,12,26,1,616.7
2026-06-03,1,386,6,4779.36
2026-06-03,2,196,3,2579.78
2026-06-03,3,92,3,2431.14
2026-06-03,4,172,4,1652.59
2026-06-03,5,97,4,2741.39
2026-06-03,6,83,1,1256.88
2026-06-03,7,53,2,1135.8
2026-06-03,8,71,2,1925.13
2026-06-03,9,81,2,1638.28
2026-06-03,10,59,2,2250.43
2026-06-03,11,32,1,350.84
2026-06-03,12,23,0,0.0
2026-06-04,1,311,11,4579.61
2026-06-04,2,152,6,3737.61
2026-06-04,3,79,1,307.81
2026-06-04,4,143,8,4667.12
2026-06-04,5,77,1,634.36
2026-06-04,6,65,2,656.79
2026-06-04,7,45,1,651.64
2026-06-04,8,61,0,0.0
2026-06-04,9,76,0,0.0
2026-06-04,10,52,0,0.0
2026-06-04,11,29,2,1916.67
2026-06-04,12,21,0,0.0
2026-06-05,1,305,7,2934.0
2026-06-05,2,171,5,3311.01
2026-06-05,3,78,2,1247.06
2026-06-05,4,144,6,3210.08
2026-06-05,5,77,0,0.0
2026-06-05,6,66,0,0.0
2026-06-05,7,48,1,275.75
2026-06-05,8,66,0,0.0
2026-06-05,9,75,1,1237.44
2026-06-05,10,60,3,1844.8
2026-06-05,11,29,1,1137.87
2026-06-05,12,24,2,733.62
2026-06-06,1,375,11,8238.67
2026-06-06,2,214,6,4395.22
2026-06-06,3,107,5,4590.56
2026-06-06,4,186,8,8804.06
2026-06-06,5,113,4,2250.14
2026-06-06,6,95,1,1648.15
2026-06-06,7,61,1,1344.08
2026-06-06,8,76,2,968.29
2026-06-06,9,99,2,1322.54
2026-06-06,10,70,3,2692.34
2026-06-06,11,42,3,2209.58
2026-06-06,12,28,0,0.0
2026-06-07,1,382,7,3970.17
2026-06-07,2,197,7,5094.04
2026-06-07,3,90,1,1124.61
2026-06-07,4,160,6,4356.95
2026-06-07,5,96,2,1828.48
2026-06-07,6,67,2,893.96
2026-06-07,7,58,0,0.0
2026-06-07,8,72,2,990.85
2026-06-07,9,83,2,1129.63
2026-06-07,10,60,2,651.59
2026-06-07,11,30,1,415.75
2026-06-07,12,23,0,0.0
2026-06-08,1,417,10,9111.08
2026-06-08,2,233,8,6210.04
2026-06-08,3,108,3,1337.37
2026-06-08,4,193,5,4688.75
2026-06-08,5,96,1,341.39
2026-06-08,6,90,4,5255.69
2026-06-08,7,60,2,1207.04
2026-06-08,8,86,0,0.0
2026-06-08,9,91,2,731.67
2026-06-08,10,67,1,300.0
2026-06-08,11,39,0,0.0
2026-06-08,12,30,1,1067.52
2026-06-09,1,390,19,14344.58
2026-06-09,2,205,3,2073.01
2026-06-09,3,101,3,1782.4
2026-06-09,4,190,5,3226.53
2026-06-09,5,105,3,1208.91
2026-06-09,6,76,2,1822.5
2026-06-09,7,60,1,306.42
2026-06-09,8,77,3,2581.08
2026-06-09,9,87,1,714.44
2026-06-09,10,70,1,718.28
2026-06-09,11,35,0,0.0
2026-06-09,12,25,2,941.86
2026-06-10,1,308,9,3632.41
2026-06-10,2,164,3,2027.47
2026-06-10,3,83,0,0.0
2026-06-10,4,131,5,4453.11
2026-06-10,5,74,4,1694.61
2026-06-10,6,67,3,2676.72
2026-06-10,7,47,1,582.1
2026-06-10,8,67,4,3842.01
2026-06-10,9,74,2,911.06
2026-06-10,10,58,1,1010.1
2026-06-10,11,31,0,0.0
2026-06-10,12,24,0,0.0
2026-06-11,1,332,9,7990.83
2026-06-11,2,186,7,7063.36
2026-06-11,3,102,1,1403.68
2026-06-11,4,165,6,5098.69
2026-06-11,5,88,2,1763.93
2026-06-11,6,80,0,0.0
2026-06-11,7,49,1,668.64
2026-06-11,8,63,3,934.41
2026-06-11,9,88,2,1102.43
2026-06-11,10,62,0,0.0
2026-06-11,11,32,1,308.85
2026-06-11,12,22,1,584.4
2026-06-12,1,308,7,6328.0
2026-06-12,2,184,2,938.58
2026-06-12,3,88,2,679.11
2026-06-12,4,146,4,2417.98
2026-06-12,5,90,2,2740.11
2026-06-12,6,73,3,1871.28
2026-06-12,7,49,3,2388.21
2026-06-12,8,66,1,1503.24
2026-06-12,9,82,4,2533.21
2026-06-12,10,51,1,739.02
2026-06-12,11,29,1,655.36
2026-06-12,12,23,2,2690.88
2026-06-13,1,364,14,11768.1
2026-06-13,2,194,1,632.28
2026-06-13,3,87,3,2598.25
2026-06-13,4,154,6,4218.36
2026-06-13,5,80,1,634.76
2026-06-13,6,78,0,0.0
2026-06-13,7,53,0,0.0
2026-06-13,8,68,3,947.17
2026-06-13,9,80,2,1923.88
2026-06-13,10,58,0,0.0
2026-06-13,11,29,3,2989.82
2026-06-13,12,25,2,1019.09
2026-06-14,1,473,16,8347.57
2026-06-14,2,212,5,4463.69
2026-06-14,3,130,4,4079.26
2026-06-14,4,221,6,4316.4
2026-06-14,5,122,4,4510.15
2026-06-14,6,101,1,296.86
2026-06-14,7,75,2,992.15
2026-06-14,8,98,1,1052.97
2026-06-14,9,98,2,659.25
2026-06-14,10,81,2,1906.74
2026-06-14,11,43,0,0.0
2026-06-14,12,29,0,0.0
2026-06-15,1,424,9,5894.29
2026-06-15,2,225,8,4922.83
2026-06-15,3,115,4,1612.46
2026-06-15,4,195,7,3279.92
2026-06-15,5,109,4,2065.75
2026-06-15,6,92,1,1433.64
2026-06-15,7,60,0,0.0
2026-06-15,8,78,0,0.0
2026-06-15,9,100,6,3703.92
2026-06-15,10,67,2,644.5
2026-06-15,11,38,2,623.34
2026-06-15,12,27,0,0.0
2026-06-16,1,510,11,7440.15
2026-06-16,2,271,4,2029.99
2026-06-16,3,133,6,6488.4
2026-06-16,4,228,6,7902.28
2026-06-16,5,122,5,6062.1
2026-06-16,6,114,4,1245.99
2026-06-16,7,87,1,334.54
2026-06-16,8,92,2,1652.93
2026-06-16,9,121,0,0.0
2026-06-16,10,77,0,0.0
2026-06-16,11,45,1,300.18
2026-06-16,12,33,2,2503.01
2026-06-17,1,380,10,9848.4
2026-06-17,2,185,5,3093.44
2026-06-17,3,86,2,2262.64
2026-06-17,4,173,6,7277.04
2026-06-17,5,82,1,343.55
2026-06-17,6,81,2,1273.47
2026-06-17,7,57,3,1436.23
2026-06-17,8,59,2,3433.91
2026-06-17,9,82,1,263.73
2026-06-17,10,57,3,3072.51
2026-06-17,11,30,0,0.0
2026-06-17,12,27,1,1722.6
2026-06-18,1,406,10,6163.91
2026-06-18,2,214,7,5921.5
2026-06-18,3,102,2,950.22
2026-06-18,4,190,5,3056.61
2026-06-18,5,97,2,1068.5
2026-06-18,6,95,0,0.0
2026-06-18,7,64,2,633.13
2026-06-18,8,74,5,3295.69
2026-06-18,9,97,0,0.0
2026-06-18,10,67,2,602.24
2026-06-18,11,39,0,0.0
2026-06-18,12,27,2,1089.61
2026-06-19,1,280,11,10313.87
2026-06-19,2,166,2,965.59
2026-06-19,3,79,7,3817.72
2026-06-19,4,150,3,4355.69
2026-06-19,5,83,3,1698.81
2026-06-19,6,65,0,0.0
2026-06-19,7,54,1,1340.52
2026-06-19,8,61,2,1352.6
2026-06-19,9,71,3,1647.71
2026-06-19,10,55,0,0.0
2026-06-19,11,31,0,0.0
2026-06-19,12,22,0,0.0
2026-06-20,1,264,6,9008.73
2026-06-20,2,137,5,3866.97
2026-06-20,3,75,1,1336.52
2026-06-20,4,135,1,1374.68
2026-06-20,5,62,2,2412.4
2026-06-20,6,62,2,2979.18
2026-06-20,7,43,2,679.87
2026-06-20,8,57,1,363.17
2026-06-20,9,55,2,1056.54
2026-06-20,10,47,4,1758.0
2026-06-20,11,25,0,0.0
2026-06-20,12,21,1,1312.04
2026-06-21,1,448,11,8596.7
2026-06-21,2,218,6,4011.51
2026-06-21,3,101,3,2567.27
2026-06-21,4,154,3,1869.28
2026-06-21,5,91,3,3713.29
2026-06-21,6,89,2,682.43
2026-06-21,7,58,1,591.5
2026-06-21,8,67,1,329.64
2026-06-21,9,88,4,4116.64
2026-06-21,10,61,0,0.0
2026-06-21,11,38,1,308.26
2026-06-21,12,26,0,0.0
2026-06-22,1,324,11,7236.44
2026-06-22,2,182,3,2055.39
2026-06-22,3,91,1,652.22
2026-06-22,4,155,4,2952.56
2026-06-22,5,85,1,691.5
2026-06-22,6,84,3,2070.07
2026-06-22,7,50,2,1280.36
2026-06-22,8,63,2,1410.77
2026-06-22,9,85,3,1368.12
2026-06-22,10,54,2,1039.28
2026-06-22,11,34,1,350.07
2026-06-22,12,25,1,670.26
2026-06-23,1,287,10,7669.31
2026-06-23,2,158,3,5184.15
2026-06-23,3,84,3,3133.66
2026-06-23,4,129,3,2273.76
2026-06-23,5,79,2,956.9
2026-06-23,6,65,3,1317.05
2026-06-23,7,46,1,301.07
2026-06-23,8,79,2,1751.74
2026-06-23,9,79,2,670.18
2026-06-23,10,55,1,957.15
2026-06-23,11,26,0,0.0
2026-06-23,12,21,1,1247.44
2026-06-24,1,330,8,2989.38
2026-06-24,2,139,3,1635.68
2026-06-24,3,78,2,2141.08
2026-06-24,4,135,5,5033.62
2026-06-24,5,76,1,344.62
2026-06-24,6,73,1,340.97
2026-06-24,7,53,0,0.0
2026-06-24,8,62,3,1939.52
2026-06-24,9,67,1,1077.04
2026-06-24,10,48,0,0.0
2026-06-24,11,31,1,317.69
2026-06-24,12,24,1,704.76
2026-06-25,1,514,12,10188.91
2026-06-25,2,232,3,2419.94
2026-06-25,3,122,2,730.93
2026-06-25,4,233,6,6615.99
2026-06-25,5,125,4,3860.41
2026-06-25,6,110,7,5266.34
2026-06-25,7,77,1,625.16
2026-06-25,8,87,3,2651.79
2026-06-25,9,114,2,1847.57
2026-06-25,10,79,2,1397.72
2026-06-25,11,43,1,1064.88
2026-06-25,12,33,0,0.0
2026-06-26,1,421,7,5862.77
2026-06-26,2,214,7,6408.6
2026-06-26,3,106,3,3390.08
2026-06-26,4,187,5,3510.92
2026-06-26,5,99,1,712.26
2026-06-26,6,92,3,1938.24
2026-06-26,7,66,1,336.6
2026-06-26,8,81,2,981.32
2026-06-26,9,85,1,1469.44
2026-06-26,10,64,1,362.46
2026-06-26,11,36,1,686.62
2026-06-26,12,27,0,0.0
2026-06-27,1,456,14,8749.11
2026-06-27,2,219,5,3042.54
2026-06-27,3,105,6,4575.43
2026-06-27,4,181,6,4278.59
2026-06-27,5,94,2,1591.27
2026-06-27,6,80,1,673.98
2026-06-27,7,66,0,0.0
2026-06-27,8,91,1,391.89
2026-06-27,9,100,5,5098.52
2026-06-27,10,68,2,704.71
2026-06-27,11,37,1,1053.6
2026-06-27,12,29,3,1990.5
2026-06-28,1,221,5,2725.86
2026-06-28,2,130,5,3046.22
2026-06-28,3,65,2,1500.96
2026-06-28,4,103,3,3940.17
2026-06-28,5,56,0,0.0
2026-06-28,6,56,1,649.34
2026-06-28,7,35,2,1728.87
2026-06-28,8,54,2,663.99
2026-06-28,9,52,1,655.68
2026-06-28,10,43,0,0.0
2026-06-28,11,20,1,273.17
2026-06-28,12,18,3,1288.76
2026-06-29,1,367,12,5824.94
2026-06-29,2,194,1,1334.84
2026-06-29,3,101,1,660.74
2026-06-29,4,163,7,5577.1
2026-06-29,5,99,1,309.38
2026-06-29,6,85,1,752.32
2026-06-29,7,55,2,869.61
2026-06-29,8,66,3,1822.51
2026-06-29,9,87,4,2822.43
2026-06-29,10,64,2,1436.08
2026-06-29,11,33,0,0.0
2026-06-29,12,27,2,974.1
2026-06-30,1,315,7,4360.31
2026-06-30,2,159,6,4542.3
2026-06-30,3,76,4,2598.37
2026-06-30,4,146,3,2697.32
2026-06-30,5,71,0,0.0
2026-06-30,6,56,2,1313.02
2026-06-30,7,41,2,690.28
2026-06-30,8,55,3,1931.97
2026-06-30,9,66,2,674.5
2026-06-30,10,48,2,990.07
2026-06-30,11,27,0,0.0
2026-06-30,12,21,1,347.29
2026-07-01,1,286,9,10110.91
2026-07-01,2,164,7,6813.63
2026-07-01,3,79,2,963.98
2026-07-01,4,146,2,2084.98
2026-07-01,5,77,1,276.4
2026-07-01,6,64,1,317.93
2026-07-01,7,46,1,655.48
2026-07-01,8,58,1,1072.77
2026-07-01,9,65,1,340.25
2026-07-01,10,50,0,0.0
2026-07-01,11,29,1,1294.56
2026-07-01,12,18,1,1602.55
2026-07-02,1,357,7,6040.64
2026-07-02,2,204,5,4114.21
2026-07-02,3,101,1,1627.12
2026-07-02,4,168,10,6924.9
2026-07-02,5,94,1,360.25
2026-07-02,6,82,2,692.2
2026-07-02,7,63,1,1053.36
2026-07-02,8,66,2,2570.25
2026-07-02,9,92,3,1280.94
2026-07-02,10,63,2,1827.33
2026-07-02,11,38,0,0.0
2026-07-02,12,28,0,0.0
2026-07-03,1,310,10,6186.97
2026-07-03,2,155,3,1326.74
2026-07-03,3,78,3,2485.64
2026-07-03,4,149,4,2117.64
2026-07-03,5,68,0,0.0
2026-07-03,6,62,2,985.2
2026-07-03,7,49,0,0.0
2026-07-03,8,59,0,0.0
2026-07-03,9,77,3,1991.49
2026-07-03,10,47,3,5859.22
2026-07-03,11,28,1,710.0
2026-07-03,12,23,1,634.42
2026-07-04,1,411,12,9659.46
2026-07-04,2,222,1,390.74
2026-07-04,3,100,5,2861.62
2026-07-04,4,186,5,4694.68
2026-07-04,5,90,1,948.36
2026-07-04,6,94,3,1840.27
2026-07-04,7,63,2,1063.98
2026-07-04,8,78,1,618.1
2026-07-04,9,89,3,2746.26
2026-07-04,10,67,2,944.51
2026-07-04,11,40,1,1369.08
2026-07-04,12,27,1,300.48
2026-07-05,1,414,10,5227.22
2026-07-05,2,200,5,2721.61
2026-07-05,3,94,3,1872.76
2026-07-05,4,163,4,2378.13
2026-07-05,5,96,1,294.38
2026-07-05,6,79,3,3518.87
2026-07-05,7,61,5,2732.57
2026-07-05,8,72,1,319.02
2026-07-05,9,94,4,3612.76
2026-07-05,10,63,0,0.0
2026-07-05,11,37,0,0.0
2026-07-05,12,27,0,0.0
2026-07-06,1,272,4,3063.03
2026-07-06,2,152,5,3516.94
2026-07-06,3,70,1,373.15
2026-07-06,4,133,10,6878.8
2026-07-06,5,75,3,969.01
2026-07-06,6,61,0,0.0
2026-07-06,7,43,2,705.72
2026-07-06,8,60,1,2159.29
2026-07-06,9,61,1,283.91
2026-07-06,10,52,0,0.0
2026-07-06,11,28,3,2298.71
2026-07-06,12,19,2,902.71
2026-07-07,1,274,4,2085.33
2026-07-07,2,157,6,3789.97
2026-07-07,3,81,2,1965.11
2026-07-07,4,145,3,1965.04
2026-07-07,5,78,2,1696.01
2026-07-07,6,73,0,0.0
2026-07-07,7,47,1,693.06
2026-07-07,8,61,2,944.22
2026-07-07,9,72,3,1298.97
2026-07-07,10,53,0,0.0
2026-07-07,11,31,1,337.58
2026-07-07,12,23,0,0.0
2026-07-08,1,390,6,6531.72
2026-07-08,2,200,5,3424.28
2026-07-08,3,89,3,1301.54
2026-07-08,4,172,8,7297.35
2026-07-08,5,89,2,1780.48
2026-07-08,6,83,0,0.0
2026-07-08,7,59,1,1161.48
2026-07-08,8,67,3,1284.73
2026-07-08,9,86,4,1352.77
2026-07-08,10,60,2,1112.41
2026-07-08,11,36,0,0.0
2026-07-08,12,27,1,625.26
2026-07-09,1,352,6,3852.64
2026-07-09,2,178,6,3673.58
2026-07-09,3,78,4,3251.05
2026-07-09,4,158,1,931.5
2026-07-09,5,85,5,4996.76
2026-07-09,6,83,1,875.97
2026-07-09,7,54,0,0.0
2026-07-09,8,67,2,1573.63
2026-07-09,9,81,5,3210.47
2026-07-09,10,55,3,2207.18
2026-07-09,11,30,1,318.8
2026-07-09,12,24,1,1062.06
2026-07-10,1,355,6,3480.81
2026-07-10,2,175,6,3100.96
2026-07-10,3,78,3,1334.37
2026-07-10,4,147,2,1436.06
2026-07-10,5,84,3,2698.83
2026-07-10,6,85,2,1663.97
2026-07-10,7,52,2,1402.02
2026-07-10,8,75,4,3926.48
2026-07-10,9,79,0,0.0
2026-07-10,10,55,3,2911.24
2026-07-10,11,31,1,681.98
2026-07-10,12,26,0,0.0
2026-07-11,1,315,5,4892.96
2026-07-11,2,169,6,3364.7
2026-07-11,3,80,3,3707.2
2026-07-11,4,136,3,4585.26
2026-07-11,5,84,2,1115.11
2026-07-11,6,63,0,0.0
2026-07-11,7,49,1,730.88
2026-07-11,8,63,1,353.57
2026-07-11,9,72,1,1040.94
2026-07-11,10,52,3,1909.57
2026-07-11,11,33,1,1432.72
2026-07-11,12,25,1,348.4
2026-07-12,1,324,6,3343.6
2026-07-12,2,148,5,5200.72
2026-07-12,3,82,3,1644.52
2026-07-12,4,135,2,1507.18
2026-07-12,5,67,1,587.7
2026-07-12,6,62,4,1671.3
2026-07-12,7,53,1,361.03
2026-07-12,8,54,4,2751.14
2026-07-12,9,73,1,627.68
2026-07-12,10,50,1,628.52
2026-07-12,11,25,0,0.0
2026-07-12,12,24,0,0.0
2026-07-13,1,242,9,4811.9
2026-07-13,2,120,3,1251.83
2026-07-13,3,67,0,0.0
2026-07-13,4,96,1,323.65
2026-07-13,5,57,2,1064.4
2026-07-13,6,54,2,2170.46
2026-07-13,7,38,2,677.94
2026-07-13,8,47,1,625.44
2026-07-13,9,56,2,1277.77
2026-07-13,10,38,0,0.0
2026-07-13,11,20,0,0.0
2026-07-13,12,16,1,323.55
2026-07-14,1,513,9,7881.82
2026-07-14,2,241,2,700.27
2026-07-14,3,117,2,2068.02
2026-07-14,4,237,2,1657.64
2026-07-14,5,147,0,0.0
2026-07-14,6,105,0,0.0
2026-07-14,7,71,4,2300.82
2026-07-14,8,103,3,1331.54
2026-07-14,9,110,3,2054.85
2026-07-14,10,80,5,3006.08
2026-07-14,11,39,1,1273.28
2026-07-14,12,32,1,655.92
2026-07-15,1,211,4,4854.04
2026-07-15,2,103,2,2587.0
2026-07-15,3,51,1,327.41
2026-07-15,4,96,2,634.49
2026-07-15,5,50,5,3411.32
2026-07-15,6,44,0,0.0
2026-07-15,7,34,0,0.0
2026-07-15,8,39,0,0.0
2026-07-15,9,44,2,681.33
2026-07-15,10,35,0,0.0
2026-07-15,11,19,1,851.88
2026-07-15,12,14,0,0.0
2026-07-16,1,280,4,4484.79
2026-07-16,2,128,4,2029.32
2026-07-16,3,68,1,346.67
2026-07-16,4,118,7,5384.11
2026-07-16,5,73,2,2066.44
2026-07-16,6,63,3,1364.17
2026-07-16,7,40,1,916.53
2026-07-16,8,54,0,0.0
2026-07-16,9,61,1,656.0
2026-07-16,10,45,4,3491.29
2026-07-16,11,24,0,0.0
2026-07-16,12,21,1,338.27
2026-07-17,1,366,12,8198.13
2026-07-17,2,168,4,1983.2
2026-07-17,3,90,3,1646.7
2026-07-17,4,167,3,979.65
2026-07-17,5,89,3,1947.49
2026-07-17,6,71,1,303.66
2026-07-17,7,47,1,348.72
2026-07-17,8,68,3,2402.27
2026-07-17,9,72,1,360.8
2026-07-17,10,52,2,1711.05
2026-07-17,11,30,0,0.0
2026-07-17,12,22,1,257.58
2026-07-18,1,383,7,4000.6
2026-07-18,2,176,4,1700.77
2026-07-18,3,86,0,0.0
2026-07-18,4,167,6,4313.88
2026-07-18,5,84,0,0.0
2026-07-18,6,71,0,0.0
2026-07-18,7,51,3,2258.21
2026-07-18,8,66,2,2020.67
2026-07-18,9,83,0,0.0
2026-07-18,10,63,2,1567.77
2026-07-18,11,34,1,644.26
2026-07-18,12,25,0,0.0
2026-07-19,1,413,4,3240.18
2026-07-19,2,211,6,3758.64
2026-07-19,3,101,2,2198.05
2026-07-19,4,165,4,2011.78
2026-07-19,5,93,1,1682.82
2026-07-19,6,84,3,2099.78
2026-07-19,7,61,0,0.0
2026-07-19,8,75,4,3114.04
2026-07-19,9,75,1,1120.02
2026-07-19,10,63,2,644.31
2026-07-19,11,38,1,685.52
2026-07-19,12,29,0,0.0
2026-07-20,1,206,8,4673.01
2026-07-20,2,120,2,1575.94
2026-07-20,3,60,1,1378.44
2026-07-20,4,100,3,940.13
2026-07-20,5,56,2,1604.61
2026-07-20,6,51,2,1310.44
2026-07-20,7,31,3,2480.06
2026-07-20,8,43,0,0.0
2026-07-20,9,51,1,325.1
2026-07-20,10,38,2,1073.12
2026-07-20,11,20,0,0.0
2026-07-20,12,15,0,0.0
2026-07-21,1,354,9,7407.27
2026-07-21,2,174,2,2613.44
2026-07-21,3,91,2,701.72
2026-07-21,4,162,3,2378.29
2026-07-21,5,90,4,4674.04
2026-07-21,6,70,1,343.73
2026-07-21,7,50,1,328.31
2026-07-21,8,69,0,0.0
2026-07-21,9,80,3,2001.88
2026-07-21,10,60,1,364.68
2026-07-21,11,31,0,0.0
2026-07-21,12,29,0,0.0
2026-07-22,1,320,11,9894.98
2026-07-22,2,170,7,4672.53
2026-07-22,3,79,0,0.0
2026-07-22,4,136,1,1226.32
2026-07-22,5,80,2,1978.89
2026-07-22,6,62,2,3787.23
2026-07-22,7,48,1,2013.66
2026-07-22,8,60,4,4653.57
2026-07-22,9,64,0,0.0
2026-07-22,10,49,3,3273.64
2026-07-22,11,28,1,311.37
2026-07-22,12,23,1,1377.92
2026-07-23,1,299,8,7815.65
2026-07-23,2,162,6,3900.98
2026-07-23,3,85,1,606.02
2026-07-23,4,154,5,5686.51
2026-07-23,5,84,4,5525.45
2026-07-23,6,73,4,4875.01
2026-07-23,7,52,1,1440.6
2026-07-23,8,59,2,802.03
2026-07-23,9,68,0,0.0
2026-07-23,10,50,1,1447.88
2026-07-23,11,31,1,572.34
2026-07-23,12,20,0,0.0
2026-07-24,1,551,13,8127.77
2026-07-24,2,228,7,4252.24
2026-07-24,3,121,4,2217.29
2026-07-24,4,223,4,2383.66
2026-07-24,5,119,5,4361.08
2026-07-24,6,103,4,2024.38
2026-07-24,7,73,2,683.51
2026-07-24,8,95,0,0.0
2026-07-24,9,121,1,1172.97
2026-07-24,10,76,1,384.15
2026-07-24,11,45,0,0.0
2026-07-24,12,34,1,330.64
2026-07-25,1,251,8,5180.84
2026-07-25,2,133,1,940.44
2026-07-25,3,69,1,1561.1
2026-07-25,4,130,8,4786.22
2026-07-25,5,63,1,614.92
2026-07-25,6,64,1,1357.2
2026-07-25,7,45,2,1024.37
2026-07-25,8,51,2,652.71
2026-07-25,9,68,1,1365.08
2026-07-25,10,43,1,311.8
2026-07-25,11,26,0,0.0
2026-07-25,12,20,1,815.86
2026-07-26,1,376,11,11641.24
2026-07-26,2,173,7,5850.11
2026-07-26,3,85,1,278.18
2026-07-26,4,150,3,922.62
2026-07-26,5,82,1,1154.61
2026-07-26,6,76,1,354.7
2026-07-26,7,48,2,3271.26
2026-07-26,8,68,2,1283.2
2026-07-26,9,68,0,0.0
2026-07-26,10,57,2,1634.77
2026-07-26,11,33,2,1237.57
2026-07-26,12,21,0,0.0
2026-07-27,1,289,4,1614.83
2026-07-27,2,138,8,8012.14
2026-07-27,3,69,1,320.42
2026-07-27,4,123,4,3804.32
2026-07-27,5,66,1,538.72
2026-07-27,6,53,2,882.8
2026-07-27,7,43,2,1533.52
2026-07-27,8,51,3,2159.0
2026-07-27,9,65,3,3421.66
2026-07-27,10,45,0,0.0
2026-07-27,11,25,2,1975.35
2026-07-27,12,19,0,0.0
2026-07-28,1,292,8,9063.25
2026-07-28,2,179,5,3116.88
2026-07-28,3,73,1,1170.81
2026-07-28,4,134,4,3921.09
2026-07-28,5,78,0,0.0
2026-07-28,6,67,1,291.6
2026-07-28,7,42,1,274.39
2026-07-28,8,52,2,2976.67
2026-07-28,9,65,0,0.0
2026-07-28,10,45,0,0.0
2026-07-28,11,27,0,0.0
2026-07-28,12,23,1,853.83
2026-07-29,1,279,8,6773.86
2026-07-29,2,160,3,1300.46
2026-07-29,3,68,0,0.0
2026-07-29,4,114,2,1836.01
2026-07-29,5,67,2,1017.54
2026-07-29,6,55,2,659.84
2026-07-29,7,43,1,568.78
2026-07-29,8,55,0,0.0
2026-07-29,9,62,3,1522.82
2026-07-29,10,42,1,1025.1
2026-07-29,11,24,2,1369.56
2026-07-29,12,19,1,308.8
2026-07-30,1,344,10,8749.6
2026-07-30,2,167,1,324.13
2026-07-30,3,90,0,0.0
2026-07-30,4,131,6,4376.85
2026-07-30,5,91,2,3376.9
2026-07-30,6,74,3,988.55
2026-07-30,7,52,1,306.71
2026-07-30,8,60,1,629.2
2026-07-30,9,77,3,3177.04
2026-07-30,10,47,0,0.0
2026-07-30,11,30,2,1345.13
2026-07-30,12,23,0,0.0
2026-07-31,1,243,7,5439.08
2026-07-31,2,130,5,3810.46
2026-07-31,3,64,1,278.33
2026-07-31,4,102,4,2047.63
2026-07-31,5,58,0,0.0
2026-07-31,6,49,1,368.51
2026-07-31,7,40,2,1754.5
2026-07-31,8,52,4,3684.31
2026-07-31,9,63,2,1241.07
2026-07-31,10,40,0,0.0
2026-07-31,11,23,1,321.78
2026-07-31,12,17,0,0.0
2026-08-01,1,334,10,6581.47
2026-08-01,2,185,6,3028.23
2026-08-01,3,93,5,2531.05
2026-08-01,4,148,2,3720.42
2026-08-01,5,88,1,322.27
2026-08-01,6,68,1,1481.88
2026-08-01,7,49,2,1250.87
2026-08-01,8,65,2,1701.53
2026-08-01,9,73,0,0.0
2026-08-01,10,46,1,1552.95
2026-08-01,11,33,0,0.0
2026-08-01,12,24,0,0.0
2026-08-02,1,301,7,5942.42
2026-08-02,2,133,4,2763.7
2026-08-02,3,77,3,2282.95
2026-08-02,4,134,4,3185.79
2026-08-02,5,75,1,733.0
2026-08-02,6,58,0,0.0
2026-08-02,7,40,4,1592.11
2026-08-02,8,54,3,2730.38
2026-08-02,9,64,2,727.75
2026-08-02,10,51,1,1459.28
2026-08-02,11,24,0,0.0
2026-08-02,12,20,0,0.0
2026-08-03,1,358,10,6896.48
2026-08-03,2,185,4,1784.57
2026-08-03,3,81,4,4050.31
2026-08-03,4,144,1,347.51
2026-08-03,5,87,0,0.0
2026-08-03,6,71,1,376.24
2026-08-03,7,56,1,329.23
2026-08-03,8,72,3,1966.4
2026-08-03,9,75,2,2019.59
2026-08-03,10,53,3,938.51
2026-08-03,11,34,0,0.0
2026-08-03,12,26,0,0.0
2026-08-04,1,198,5,5241.27
2026-08-04,2,100,1,305.4
2026-08-04,3,49,1,297.51
2026-08-04,4,106,3,2658.85
2026-08-04,5,55,3,2239.26
2026-08-04,6,44,4,3048.89
2026-08-04,7,31,4,2297.88
2026-08-04,8,39,0,0.0
2026-08-04,9,44,0,0.0
2026-08-04,10,29,0,0.0
2026-08-04,11,18,0,0.0
2026-08-04,12,14,0,0.0
2026-08-05,1,263,8,4816.58
2026-08-05,2,135,1,301.52
2026-08-05,3,71,2,3067.45
2026-08-05,4,114,3,3546.4
2026-08-05,5,69,3,1298.01
2026-08-05,6,52,0,0.0
2026-08-05,7,41,1,1149.08
2026-08-05,8,51,2,630.53
2026-08-05,9,67,0,0.0
2026-08-05,10,46,0,0.0
2026-08-05,11,22,0,0.0
2026-08-05,12,18,2,695.85
2026-08-06,1,279,2,1409.71
2026-08-06,2,129,3,1043.05
2026-08-06,3,76,3,2733.48
2026-08-06,4,108,3,1606.38
2026-08-06,5,73,1,645.2
2026-08-06,6,62,3,919.72
2026-08-06,7,41,0,0.0
2026-08-06,8,53,2,1447.34
2026-08-06,9,61,4,1786.4
2026-08-06,10,42,1,318.79
2026-08-06,11,25,2,619.68
2026-08-06,12,19,0,0.0
2026-08-07,1,236,10,5518.81
2026-08-07,2,114,2,1539.8
2026-08-07,3,52,2,2447.68
2026-08-07,4,103,5,4811.6
2026-08-07,5,58,1,289.56
2026-08-07,6,48,1,666.86
2026-08-07,7,40,0,0.0
2026-08-07,8,44,1,667.54
2026-08-07,9,53,2,1555.75
2026-08-07,10,39,1,747.14
2026-08-07,11,22,0,0.0
2026-08-07,12,17,1,299.73
2026-08-08,1,218,2,1302.98
2026-08-08,2,115,4,2992.86
2026-08-08,3,63,2,3535.96
2026-08-08,4,102,7,4770.04
2026-08-08,5,58,1,733.96
2026-08-08,6,44,2,1838.13
2026-08-08,7,30,0,0.0
2026-08-08,8,43,0,0.0
2026-08-08,9,52,0,0.0
2026-08-08,10,34,0,0.0
2026-08-08,11,20,0,0.0
2026-08-08,12,14,1,327.11
2026-08-09,1,261,8,6412.82
2026-08-09,2,128,1,1382.84
2026-08-09,3,70,1,833.46
2026-08-09,4,111,3,1595.34
2026-08-09,5,60,1,681.7
2026-08-09,6,54,1,278.12
2026-08-09,7,37,1,2368.1
2026-08-09,8,49,1,749.6
2026-08-09,9,58,0,0.0
2026-08-09,10,41,0,0.0
2026-08-09,11,22,1,333.42
2026-08-09,12,19,0,0.0
2026-08-10,1,219,4,2770.44
2026-08-10,2,113,1,500.18
2026-08-10,3,55,2,1253.91
2026-08-10,4,100,3,2491.01
2026-08-10,5,54,0,0.0
2026-08-10,6,46,0,0.0
2026-08-10,7,32,2,1228.1
2026-08-10,8,39,1,942.69
2026-08-10,9,52,2,1293.81
2026-08-10,10,35,1,981.84
2026-08-10,11,20,1,1327.8
2026-08-10,12,16,0,0.0
2026-08-11,1,248,10,4800.42
2026-08-11,2,151,2,977.23
2026-08-11,3,67,3,2521.84
2026-08-11,4,143,1,318.33
2026-08-11,5,64,2,1949.16
2026-08-11,6,59,1,666.92
2026-08-11,7,42,0,0.0
2026-08-11,8,48,1,1728.3
2026-08-11,9,72,1,361.52
2026-08-11,10,43,2,620.39
2026-08-11,11,22,0,0.0
2026-08-11,12,19,0,0.0
2026-08-12,1,409,11,7797.58
2026-08-12,2,226,6,4806.73
2026-08-12,3,106,1,294.08
2026-08-12,4,208,2,1036.72
2026-08-12,5,114,1,1579.25
2026-08-12,6,94,5,4053.17
2026-08-12,7,78,3,2574.56
2026-08-12,8,75,1,389.59
2026-08-12,9,90,3,2765.09
2026-08-12,10,70,2,2628.52
2026-08-12,11,40,1,380.02
2026-08-12,12,31,1,309.68
2026-08-13,1,242,3,1978.89
2026-08-13,2,124,1,336.68
2026-08-13,3,59,3,2791.6
2026-08-13,4,93,2,978.98
2026-08-13,5,54,0,0.0
2026-08-13,6,43,1,608.1
2026-08-13,7,38,0,0.0
2026-08-13,8,39,2,1609.68
2026-08-13,9,53,1,348.96
2026-08-13,10,37,4,3781.61
2026-08-13,11,21,0,0.0
2026-08-13,12,17,1,2222.22
2026-08-14,1,243,10,6001.01
2026-08-14,2,123,2,2032.72
2026-08-14,3,73,3,1332.0
2026-08-14,4,109,4,1646.0
2026-08-14,5,66,0,0.0
2026-08-14,6,56,2,1808.48
2026-08-14,7,41,0,0.0
2026-08-14,8,49,1,525.24
2026-08-14,9,61,1,309.15
2026-08-14,10,43,1,1249.84
2026-08-14,11,23,0,0.0
2026-08-14,12,19,0,0.0
2026-08-15,1,346,6,4248.61
2026-08-15,2,165,4,2890.38
2026-08-15,3,87,2,1202.3
2026-08-15,4,141,7,4844.7
2026-08-15,5,84,3,2399.34
2026-08-15,6,71,2,4198.38
2026-08-15,7,50,0,0.0
2026-08-15,8,53,2,1829.53
2026-08-15,9,76,3,1237.03
2026-08-15,10,55,0,0.0
2026-08-15,11,33,1,596.34
2026-08-15,12,21,1,1263.24
2026-08-16,1,330,15,9560.35
2026-08-16,2,204,4,2803.11
2026-08-16,3,107,1,276.78
2026-08-16,4,174,4,2120.42
2026-08-16,5,86,1,332.14
2026-08-16,6,74,0,0.0
2026-08-16,7,56,2,2083.71
2026-08-16,8,79,2,599.35
2026-08-16,9,85,1,278.94
2026-08-16,10,67,0,0.0
2026-08-16,11,31,0,0.0
2026-08-16,12,28,0,0.0
2026-08-17,1,263,5,2838.18
2026-08-17,2,149,2,1448.22
2026-08-17,3,73,2,720.66
2026-08-17,4,120,0,0.0
2026-08-17,5,72,0,0.0
2026-08-17,6,62,0,0.0
2026-08-17,7,42,0,0.0
2026-08-17,8,52,2,2076.29
2026-08-17,9,59,0,0.0
2026-08-17,10,41,2,2341.42
2026-08-17,11,24,3,2115.08
2026-08-17,12,18,0,0.0
2026-08-18,1,307,7,5200.88
2026-08-18,2,166,2,2395.61
2026-08-18,3,74,1,243.75
2026-08-18,4,138,6,5581.77
2026-08-18,5,73,0,0.0
2026-08-18,6,65,1,1604.72
2026-08-18,7,46,1,334.77
2026-08-18,8,59,1,679.88
2026-08-18,9,60,0,0.0
2026-08-18,10,51,3,3636.34
2026-08-18,11,26,0,0.0
2026-08-18,12,21,0,0.0
2026-08-19,1,336,7,3302.22
2026-08-19,2,186,4,2877.37
2026-08-19,3,106,2,1336.23
2026-08-19,4,156,3,2674.87
2026-08-19,5,83,1,346.61
2026-08-19,6,82,1,1227.84
2026-08-19,7,58,1,1488.92
2026-08-19,8,73,2,2557.44
2026-08-19,9,88,4,1564.93
2026-08-19,10,62,0,0.0
2026-08-19,11,35,1,315.21
2026-08-19,12,25,2,639.51
2026-08-20,1,252,7,4008.41
2026-08-20,2,134,2,2716.16
2026-08-20,3,65,3,1975.93
2026-08-20,4,118,3,3057.08
2026-08-20,5,65,1,650.12
2026-08-20,6,67,2,2940.26
2026-08-20,7,45,1,289.97
2026-08-20,8,50,5,3899.15
2026-08-20,9,70,0,0.0
2026-08-20,10,43,1,923.16
2026-08-20,11,24,0,0.0
2026-08-20,12,22,1,597.64
2026-08-21,1,283,5,2962.68
2026-08-21,2,140,2,1622.93
2026-08-21,3,69,2,811.54
2026-08-21,4,120,2,2039.42
2026-08-21,5,63,0,0.0
2026-08-21,6,60,5,2201.27
2026-08-21,7,44,2,1345.65
2026-08-21,8,52,2,1564.88
2026-08-21,9,62,1,1016.16
2026-08-21,10,37,3,971.0
2026-08-21,11,25,1,278.61
2026-08-21,12,17,3,1544.57
2026-08-22,1,333,7,5951.6
2026-08-22,2,185,3,954.74
2026-08-22,3,89,0,0.0
2026-08-22,4,171,4,5391.81
2026-08-22,5,99,1,884.37
2026-08-22,6,76,1,868.74
2026-08-22,7,57,1,308.39
2026-08-22,8,62,3,2766.32
2026-08-22,9,88,5,2872.97
2026-08-22,10,65,1,329.51
2026-08-22,11,32,0,0.0
2026-08-22,12,26,0,0.0
2026-08-23,1,328,7,7643.69
2026-08-23,2,171,3,3527.44
2026-08-23,3,91,5,5896.21
2026-08-23,4,148,2,709.8
2026-08-23,5,87,1,319.81
2026-08-23,6,77,1,331.68
2026-08-23,7,52,4,3119.38
2026-08-23,8,71,1,1126.8
2026-08-23,9,81,4,2800.12
2026-08-23,10,59,1,289.97
2026-08-23,11,38,0,0.0
2026-08-23,12,26,0,0.0
2026-08-24,1,294,6,4479.83
2026-08-24,2,131,3,3148.3
2026-08-24,3,61,3,2193.38
2026-08-24,4,108,2,700.16
2026-08-24,5,68,2,987.75
2026-08-24,6,56,0,0.0
2026-08-24,7,42,2,1227.04
2026-08-24,8,45,2,914.26
2026-08-24,9,62,3,1284.42
2026-08-24,10,40,0,0.0
2026-08-24,11,23,1,702.24
2026-08-24,12,19,0,0.0
2026-08-25,1,352,9,10590.88
2026-08-25,2,190,6,2601.72
2026-08-25,3,90,2,1419.71
2026-08-25,4,173,4,3068.93
2026-08-25,5,98,5,2640.73
2026-08-25,6,82,1,1131.36
2026-08-25,7,61,1,276.08
2026-08-25,8,56,3,1927.45
2026-08-25,9,86,1,341.21
2026-08-25,10,60,1,574.0
2026-08-25,11,34,2,1882.07
2026-08-25,12,28,0,0.0
2026-08-26,1,216,5,2544.44
2026-08-26,2,120,4,4477.25
2026-08-26,3,51,0,0.0
2026-08-26,4,104,2,976.09
2026-08-26,5,56,2,1738.92
2026-08-26,6,50,1,278.04
2026-08-26,7,34,1,392.55
2026-08-26,8,39,2,2888.72
2026-08-26,9,55,1,573.8
2026-08-26,10,35,1,356.63
2026-08-26,11,21,0,0.0
2026-08-26,12,15,0,0.0
2026-08-27,1,289,7,5023.96
2026-08-27,2,176,6,3334.0
2026-08-27,3,81,1,369.69
2026-08-27,4,133,1,345.95
2026-08-27,5,80,3,2280.42
2026-08-27,6,60,0,0.0
2026-08-27,7,48,2,1134.71
2026-08-27,8,57,1,1013.58
2026-08-27,9,72,1,970.26
2026-08-27,10,45,0,0.0
2026-08-27,11,29,0,0.0
2026-08-27,12,20,1,602.12
2026-08-28,1,337,7,4260.01
2026-08-28,2,148,5,3815.96
2026-08-28,3,88,6,5213.38
2026-08-28,4,165,1,314.76
2026-08-28,5,77,1,1332.24
2026-08-28,6,75,3,3426.51
2026-08-28,7,51,1,1588.1
2026-08-28,8,62,1,2300.4
2026-08-28,9,80,0,0.0
2026-08-28,10,51,1,305.25
2026-08-28,11,30,1,311.33
2026-08-28,12,23,1,372.91
2026-08-29,1,294,6,2622.23
2026-08-29,2,154,4,3629.8
2026-08-29,3,74,4,3290.17
2026-08-29,4,126,4,2360.85
2026-08-29,5,76,1,2049.66
2026-08-29,6,65,2,913.18
2026-08-29,7,44,1,641.82
2026-08-29,8,59,1,326.15
2026-08-29,9,66,1,289.26
2026-08-29,10,47,1,935.16
2026-08-29,11,28,1,310.85
2026-08-29,12,21,0,0.0
2026-08-30,1,358,9,8797.68
2026-08-30,2,184,7,4066.51
2026-08-30,3,90,1,322.2
2026-08-30,4,164,3,1779.01
2026-08-30,5,87,4,3929.44
2026-08-30,6,75,1,648.66
2026-08-30,7,54,1,298.99
2026-08-30,8,66,1,354.02
2026-08-30,9,85,3,1342.26
2026-08-30,10,53,0,0.0
2026-08-30,11,30,1,294.02
2026-08-30,12,24,1,346.04
2026-08-31,1,303,10,7371.7
2026-08-31,2,137,5,4673.12
2026-08-31,3,74,2,948.53
2026-08-31,4,134,5,3896.87
2026-08-31,5,65,1,939.69
2026-08-31,6,60,4,1596.45
2026-08-31,7,43,0,0.0
2026-08-31,8,55,3,3164.13
2026-08-31,9,68,0,0.0
2026-08-31,10,41,0,0.0
2026-08-31,11,27,0,0.0
2026-08-31,12,19,0,0.0
