date,channel_id,sessions,users,bookings,revenue,spend,impressions,clicks
2024-09-01,1,666,530,15,8081.92,0.0,0,0
2024-09-01,2,297,240,8,4566.83,0.0,0,0
2024-09-01,3,235,193,2,1186.79,0.0,0,0
2024-09-01,4,95,75,3,1868.19,0.0,0,0
2024-09-01,5,141,110,4,3438.7,0.0,0,0
2024-09-01,6,0,0,8,4418.61,0.0,0,0
2024-09-01,7,69,54,1,540.62,0.0,0,0
2024-09-02,1,177,138,2,2929.69,0.0,0,0
2024-09-02,2,218,183,5,4294.41,0.0,0,0
2024-09-02,3,17,14,0,0.0,0.0,0,0
2024-09-02,4,77,61,2,1149.0,0.0,0,0
2024-09-02,5,80,64,2,528.81,0.0,0,0
2024-09-02,6,0,0,4,2241.31,0.0,0,0
2024-09-02,7,132,104,2,1402.56,0.0,0,0
2024-09-03,1,380,300,6,4731.13,0.0,0,0
2024-09-03,2,118,92,2,504.13,0.0,0,0
2024-09-03,3,17,13,0,0.0,0.0,0,0
2024-09-03,4,94,73,3,812.37,0.0,0,0
2024-09-03,5,95,74,3,2312.91,0.0,0,0
2024-09-03,6,0,0,8,6771.18,0.0,0,0
2024-09-03,7,20,15,0,0.0,0.0,0,0
2024-09-04,1,204,162,3,1674.6,0.0,0,0
2024-09-04,2,118,100,2,1480.5,0.0,0,0
2024-09-04,3,132,104,1,571.34,0.0,0,0
2024-09-04,4,73,60,2,2249.68,0.0,0,0
2024-09-04,5,107,89,3,1475.33,0.0,0,0
2024-09-04,6,0,0,8,4172.93,0.0,0,0
2024-09-04,7,20,15,0,0.0,0.0,0,0
2024-09-05,1,336,263,6,2906.35,0.0,0,0
2024-09-05,2,435,342,10,7862.02,0.0,0,0
2024-09-05,3,17,14,0,0.0,0.0,0,0
2024-09-05,4,31,26,0,0.0,0.0,0,0
2024-09-05,5,24,19,0,0.0,0.0,0,0
2024-09-05,6,0,0,3,1131.06,0.0,0,0
2024-09-05,7,134,112,2,1382.73,0.0,0,0
2024-09-06,1,319,259,6,3335.78,0.0,0,0
2024-09-06,2,232,188,6,4803.82,0.0,0,0
2024-09-06,3,272,228,2,556.63,0.0,0,0
2024-09-06,4,31,24,0,0.0,0.0,0,0
2024-09-06,5,51,39,1,934.65,0.0,0,0
2024-09-06,6,0,0,11,9796.35,0.0,0,0
2024-09-06,7,200,159,3,1871.56,0.0,0,0
2024-09-07,1,386,301,8,6416.43,0.0,0,0
2024-09-07,2,185,150,4,2266.69,0.0,0,0
2024-09-07,3,246,194,2,3433.41,0.0,0,0
2024-09-07,4,129,107,5,2412.44,0.0,0,0
2024-09-07,5,52,43,1,640.18,0.0,0,0
2024-09-07,6,0,0,8,5428.94,0.0,0,0
2024-09-07,7,258,202,4,1481.16,0.0,0,0
2024-09-08,1,292,241,5,3206.89,0.0,0,0
2024-09-08,2,80,62,1,739.5,0.0,0,0
2024-09-08,3,147,118,1,559.58,0.0,0,0
2024-09-08,4,71,60,2,1089.07,0.0,0,0
2024-09-08,5,24,20,0,0.0,0.0,0,0
2024-09-08,6,0,0,9,7040.59,0.0,0,0
2024-09-08,7,132,112,2,1806.9,0.0,0,0
2024-09-09,1,225,184,3,3345.76,0.0,0,0
2024-09-09,2,150,117,3,2128.32,277.63,3476,146
2024-09-09,3,17,14,0,0.0,0.0,0,0
2024-09-09,4,76,60,2,2234.87,0.0,0,0
2024-09-09,5,24,18,0,0.0,0.0,0,0
2024-09-09,6,0,0,9,5921.84,0.0,0,0
2024-09-09,7,20,15,0,0.0,0.0,0,0
2024-09-10,1,279,238,5,4054.35,0.0,0,0
2024-09-10,2,178,152,4,2435.24,249.37,3119,131
2024-09-10,3,17,13,0,0.0,0.0,0,0
2024-09-10,4,54,44,1,276.38,0.0,0,0
2024-09-10,5,111,95,3,1762.36,0.0,0,0
2024-09-10,6,0,0,6,3672.37,0.0,0,0
2024-09-10,7,134,112,2,565.58,0.0,0,0
2024-09-11,1,549,449,10,9125.6,0.0,0,0
2024-09-11,2,83,68,1,295.88,187.76,2333,98
2024-09-11,3,474,381,4,3183.57,0.0,0,0
2024-09-11,4,142,115,5,2858.77,0.0,0,0
2024-09-11,5,54,44,1,119.0,0.0,0,0
2024-09-11,6,0,0,2,622.18,0.0,0,0
2024-09-11,7,20,15,0,0.0,0.0,0,0
2024-09-12,1,512,432,10,6395.97,0.0,0,0
2024-09-12,2,277,236,7,3953.95,271.95,3404,143
2024-09-12,3,138,118,1,913.86,0.0,0,0
2024-09-12,4,54,44,1,280.77,0.0,0,0
2024-09-12,5,77,64,2,1070.54,0.0,0,0
2024-09-12,6,0,0,13,7874.86,0.0,0,0
2024-09-12,7,76,63,1,951.96,0.0,0,0
2024-09-13,1,346,294,6,2082.55,0.0,0,0
2024-09-13,2,108,86,2,1074.91,317.6,3976,167
2024-09-13,3,124,106,1,818.7,0.0,0,0
2024-09-13,4,118,101,4,2044.08,0.0,0,0
2024-09-13,5,58,46,1,676.77,0.0,0,0
2024-09-13,6,0,0,4,1630.38,0.0,0,0
2024-09-13,7,182,154,3,2502.55,0.0,0,0
2024-09-14,1,314,260,5,2946.73,0.0,0,0
2024-09-14,2,78,63,1,669.3,278.29,3476,146
2024-09-14,3,141,115,1,300.91,0.0,0,0
2024-09-14,4,50,39,1,242.31,0.0,0,0
2024-09-14,5,49,40,1,476.66,0.0,0,0
2024-09-14,6,0,0,8,4977.12,0.0,0,0
2024-09-14,7,79,66,1,1488.6,0.0,0,0
2024-09-15,1,611,506,13,7066.45,0.0,0,0
2024-09-15,2,242,189,6,3376.37,269.52,3357,141
2024-09-15,3,132,107,1,328.88,0.0,0,0
2024-09-15,4,89,72,3,815.71,0.0,0,0
2024-09-15,5,51,42,1,428.9,0.0,0,0
2024-09-15,6,0,0,6,3622.38,0.0,0,0
2024-09-15,7,128,107,2,1824.81,0.0,0,0
2024-09-16,1,415,329,9,4415.58,0.0,0,0
2024-09-16,2,144,112,3,2868.66,177.65,2214,93
2024-09-16,3,139,109,1,2469.78,0.0,0,0
2024-09-16,4,108,87,4,1085.96,0.0,0,0
2024-09-16,5,105,86,3,930.78,0.0,0,0
2024-09-16,6,0,0,11,4547.12,0.0,0,0
2024-09-16,7,131,104,2,807.24,0.0,0,0
2024-09-17,1,203,169,3,3953.16,0.0,0,0
2024-09-17,2,200,170,5,1703.49,337.14,4214,177
2024-09-17,3,257,215,2,451.29,0.0,0,0
2024-09-17,4,133,111,5,2627.22,0.0,0,0
2024-09-17,5,50,39,1,475.54,0.0,0,0
2024-09-17,6,0,0,9,5418.74,0.0,0,0
2024-09-17,7,20,16,0,0.0,0.0,0,0
2024-09-18,1,327,274,6,4302.47,0.0,0,0
2024-09-18,2,238,202,7,3480.2,309.98,3880,163
2024-09-18,3,16,13,0,0.0,0.0,0,0
2024-09-18,4,85,72,3,1835.95,0.0,0,0
2024-09-18,5,23,18,0,0.0,0.0,0,0
2024-09-18,6,0,0,7,3950.8,0.0,0,0
2024-09-18,7,20,16,0,0.0,0.0,0,0
2024-09-19,1,297,237,6,3054.12,0.0,0,0
2024-09-19,2,266,212,7,3088.03,226.94,2833,119
2024-09-19,3,234,198,2,1586.33,0.0,0,0
2024-09-19,4,30,24,0,0.0,0.0,0,0
2024-09-19,5,23,18,0,0.0,0.0,0,0
2024-09-19,6,0,0,8,4751.83,0.0,0,0
2024-09-19,7,127,107,2,1274.8,0.0,0,0
2024-09-20,1,459,375,9,5392.5,0.0,0,0
2024-09-20,2,176,143,4,2244.67,270.91,3380,142
2024-09-20,3,16,13,0,0.0,0.0,0,0
2024-09-20,4,104,87,4,1019.02,0.0,0,0
2024-09-20,5,53,42,1,446.22,0.0,0,0
2024-09-20,6,0,0,8,2820.54,0.0,0,0
2024-09-20,7,20,16,0,0.0,0.0,0,0
2024-09-21,1,398,325,8,3558.85,0.0,0,0
2024-09-21,2,368,313,9,3983.8,277.76,3476,146
2024-09-21,3,133,108,1,567.36,0.0,0,0
2024-09-21,4,70,56,2,1296.3,0.0,0,0
2024-09-21,5,23,19,0,0.0,0.0,0,0
2024-09-21,6,0,0,11,5627.61,0.0,0,0
2024-09-21,7,172,142,3,1340.97,0.0,0,0
2024-09-22,1,130,101,1,826.47,0.0,0,0
2024-09-22,2,78,61,1,498.4,256.48,3190,134
2024-09-22,3,16,12,0,0.0,0.0,0,0
2024-09-22,4,29,24,0,0.0,0.0,0,0
2024-09-22,5,141,113,5,3214.27,0.0,0,0
2024-09-22,6,0,0,7,2992.37,0.0,0,0
2024-09-22,7,68,58,1,555.66,0.0,0,0
2024-09-23,1,201,166,3,1795.11,0.0,0,0
2024-09-23,2,180,141,4,2390.62,271.81,3404,143
2024-09-23,3,16,13,0,0.0,0.0,0,0
2024-09-23,4,51,41,1,299.57,0.0,0,0
2024-09-23,5,23,18,0,0.0,0.0,0,0
2024-09-23,6,0,0,7,4100.06,0.0,0,0
2024-09-23,7,170,144,3,2852.24,0.0,0,0
2024-09-24,1,354,285,7,3310.54,0.0,0,0
2024-09-24,2,108,85,2,1250.35,207.69,2595,109
2024-09-24,3,16,13,0,0.0,0.0,0,0
2024-09-24,4,48,37,1,471.12,0.0,0,0
2024-09-24,5,23,18,0,0.0,0.0,0,0
2024-09-24,6,0,0,12,7638.75,0.0,0,0
2024-09-24,7,19,15,0,0.0,0.0,0,0
2024-09-25,1,391,319,7,3833.56,0.0,0,0
2024-09-25,2,200,160,5,2360.32,211.61,2642,111
2024-09-25,3,16,12,0,0.0,0.0,0,0
2024-09-25,4,67,56,2,506.66,0.0,0,0
2024-09-25,5,166,133,5,2824.43,0.0,0,0
2024-09-25,6,0,0,8,4159.42,0.0,0,0
2024-09-25,7,139,110,2,1219.23,0.0,0,0
2024-09-26,1,535,447,9,4951.08,0.0,0,0
2024-09-26,2,244,203,6,3489.45,266.18,3333,140
2024-09-26,3,323,268,2,1603.62,0.0,0,0
2024-09-26,4,73,59,2,484.65,0.0,0,0
2024-09-26,5,100,85,3,917.32,0.0,0,0
2024-09-26,6,0,0,13,6722.33,0.0,0,0
2024-09-26,7,19,16,0,0.0,0.0,0,0
2024-09-27,1,382,307,7,5698.48,0.0,0,0
2024-09-27,2,150,127,3,1917.76,283.57,3547,149
2024-09-27,3,124,105,1,717.24,0.0,0,0
2024-09-27,4,29,24,0,0.0,0.0,0,0
2024-09-27,5,102,81,3,2116.52,0.0,0,0
2024-09-27,6,0,0,8,4397.54,0.0,0,0
2024-09-27,7,82,68,1,274.53,0.0,0,0
2024-09-28,1,414,335,8,2929.06,0.0,0,0
2024-09-28,2,103,83,2,1280.53,261.64,3261,137
2024-09-28,3,334,269,3,1282.51,0.0,0,0
2024-09-28,4,88,73,3,898.85,0.0,0,0
2024-09-28,5,74,61,2,1821.59,0.0,0,0
2024-09-28,6,0,0,3,1056.56,0.0,0,0
2024-09-28,7,129,100,2,1089.5,0.0,0,0
2024-09-29,1,338,265,6,5474.04,0.0,0,0
2024-09-29,2,209,164,5,2113.2,199.29,2476,104
2024-09-29,3,279,238,2,515.1,0.0,0,0
2024-09-29,4,29,23,0,0.0,0.0,0,0
2024-09-29,5,50,39,1,202.46,0.0,0,0
2024-09-29,6,0,0,8,6600.38,0.0,0,0
2024-09-29,7,75,59,1,718.98,0.0,0,0
2024-09-30,1,245,191,4,1882.82,0.0,0,0
2024-09-30,2,280,224,7,3992.94,215.92,2690,113
2024-09-30,3,16,13,0,0.0,0.0,0,0
2024-09-30,4,48,40,1,226.81,0.0,0,0
2024-09-30,5,52,44,1,281.3,0.0,0,0
2024-09-30,6,0,0,4,1592.37,0.0,0,0
2024-09-30,7,19,15,0,0.0,0.0,0,0
2024-10-01,1,358,285,7,2936.04,0.0,0,0
2024-10-01,2,79,65,1,274.47,363.7,4547,191
2024-10-01,3,15,12,0,0.0,0.0,0,0
2024-10-01,4,72,58,2,894.7,0.0,0,0
2024-10-01,5,111,90,3,1794.96,0.0,0,0
2024-10-01,6,0,0,7,3248.97,0.0,0,0
2024-10-01,7,126,99,2,1993.14,0.0,0,0
2024-10-02,1,301,237,5,3727.5,0.0,0,0
2024-10-02,2,107,87,2,500.56,152.73,1904,80
2024-10-02,3,15,11,0,0.0,0.0,0,0
2024-10-02,4,90,71,3,1205.48,0.0,0,0
2024-10-02,5,80,66,2,477.89,0.0,0,0
2024-10-02,6,0,0,12,7898.18,0.0,0,0
2024-10-02,7,125,99,2,1363.91,0.0,0,0
2024-10-03,1,288,238,5,4482.63,0.0,0,0
2024-10-03,2,105,84,2,1006.19,172.0,2142,90
2024-10-03,3,15,12,0,0.0,0.0,0,0
2024-10-03,4,28,24,0,0.0,0.0,0,0
2024-10-03,5,22,18,0,0.0,0.0,0,0
2024-10-03,6,0,0,11,4823.44,0.0,0,0
2024-10-03,7,104,85,2,491.66,0.0,0,0
2024-10-04,1,407,338,8,7215.58,0.0,0,0
2024-10-04,2,112,87,2,1085.77,216.77,2714,114
2024-10-04,3,15,12,0,0.0,0.0,0,0
2024-10-04,4,134,105,5,3700.44,0.0,0,0
2024-10-04,5,49,41,1,597.3,0.0,0,0
2024-10-04,6,0,0,4,2279.08,0.0,0,0
2024-10-04,7,123,102,2,1632.34,0.0,0,0
2024-10-05,1,207,169,3,1611.96,0.0,0,0
2024-10-05,2,76,61,1,268.67,258.96,3238,136
2024-10-05,3,131,110,1,334.72,0.0,0,0
2024-10-05,4,135,109,5,2087.55,0.0,0,0
2024-10-05,5,22,18,0,0.0,0.0,0,0
2024-10-05,6,0,0,9,5832.75,0.0,0,0
2024-10-05,7,18,15,0,0.0,0.0,0,0
2024-10-06,1,311,254,6,2779.17,0.0,0,0
2024-10-06,2,149,123,3,1317.23,277.66,3476,146
2024-10-06,3,134,110,1,602.26,0.0,0,0
2024-10-06,4,28,22,0,0.0,0.0,0,0
2024-10-06,5,21,17,0,0.0,0.0,0,0
2024-10-06,6,0,0,6,2660.16,0.0,0,0
2024-10-06,7,18,14,0,0.0,0.0,0,0
2024-10-07,1,390,311,7,4762.39,0.0,0,0
2024-10-07,2,127,105,3,1320.88,272.09,3404,143
2024-10-07,3,15,12,0,0.0,0.0,0,0
2024-10-07,4,96,78,3,1890.95,0.0,0,0
2024-10-07,5,49,40,1,195.55,0.0,0,0
2024-10-07,6,0,0,5,2617.37,0.0,0,0
2024-10-07,7,117,99,2,1011.04,0.0,0,0
2024-10-08,1,555,451,11,4494.38,0.0,0,0
2024-10-08,2,133,110,3,872.35,219.81,2738,115
2024-10-08,3,15,12,0,0.0,0.0,0,0
2024-10-08,4,47,39,1,421.5,0.0,0,0
2024-10-08,5,51,40,1,624.6,0.0,0,0
2024-10-08,6,0,0,8,3728.47,0.0,0,0
2024-10-08,7,18,14,0,0.0,0.0,0,0
2024-10-09,1,289,248,5,2742.55,0.0,0,0
2024-10-09,2,210,170,5,2954.21,277.19,3452,145
2024-10-09,3,250,213,2,729.68,0.0,0,0
2024-10-09,4,82,64,3,1652.6,0.0,0,0
2024-10-09,5,21,17,0,0.0,0.0,0,0
2024-10-09,6,0,0,4,2895.9,0.0,0,0
2024-10-09,7,203,171,3,668.99,0.0,0,0
2024-10-10,1,240,197,4,2162.91,0.0,0,0
2024-10-10,2,238,203,6,3789.54,270.07,3380,142
2024-10-10,3,253,215,2,484.94,0.0,0,0
2024-10-10,4,48,37,1,596.84,0.0,0,0
2024-10-10,5,52,40,1,430.24,0.0,0,0
2024-10-10,6,0,0,5,1240.99,0.0,0,0
2024-10-10,7,176,150,3,960.0,0.0,0,0
2024-10-11,1,286,227,5,2036.21,0.0,0,0
2024-10-11,2,166,141,4,3789.85,288.49,3595,151
2024-10-11,3,145,121,1,818.01,0.0,0,0
2024-10-11,4,46,36,1,861.48,0.0,0,0
2024-10-11,5,21,16,0,0.0,0.0,0,0
2024-10-11,6,0,0,5,3077.33,0.0,0,0
2024-10-11,7,74,63,1,283.05,0.0,0,0
2024-10-12,1,291,244,5,2929.85,0.0,0,0
2024-10-12,2,144,113,3,3663.12,299.41,3738,157
2024-10-12,3,15,12,0,0.0,0.0,0,0
2024-10-12,4,27,22,0,0.0,0.0,0,0
2024-10-12,5,47,37,1,260.37,0.0,0,0
2024-10-12,6,0,0,11,6319.7,0.0,0,0
2024-10-12,7,18,14,0,0.0,0.0,0,0
2024-10-13,1,167,141,2,944.06,0.0,0,0
2024-10-13,2,177,140,4,2612.25,216.13,2690,113
2024-10-13,3,150,125,1,280.99,0.0,0,0
2024-10-13,4,87,67,3,1307.93,0.0,0,0
2024-10-13,5,50,39,1,846.28,0.0,0,0
2024-10-13,6,0,0,8,4558.37,0.0,0,0
2024-10-13,7,17,13,0,0.0,0.0,0,0
2024-10-14,1,255,200,4,2273.39,0.0,0,0
2024-10-14,2,104,83,2,478.62,250.87,3142,132
2024-10-14,3,280,223,2,724.1,0.0,0,0
2024-10-14,4,26,21,0,0.0,0.0,0,0
2024-10-14,5,48,40,1,1081.3,0.0,0,0
2024-10-14,6,0,0,2,708.23,0.0,0,0
2024-10-14,7,189,161,3,1675.5,0.0,0,0
2024-10-15,1,201,168,3,1983.59,0.0,0,0
2024-10-15,2,133,106,3,1108.97,168.43,2095,88
2024-10-15,3,135,107,1,872.04,0.0,0,0
2024-10-15,4,88,70,3,1675.03,0.0,0,0
2024-10-15,5,75,58,2,1646.92,0.0,0,0
2024-10-15,6,0,0,7,3728.93,0.0,0,0
2024-10-15,7,17,13,0,0.0,0.0,0,0
2024-10-16,1,318,272,6,2937.49,0.0,0,0
2024-10-16,2,263,207,7,2911.39,293.48,3666,154
2024-10-16,3,130,103,1,219.69,0.0,0,0
2024-10-16,4,50,39,1,867.28,0.0,0,0
2024-10-16,5,66,52,2,1453.34,0.0,0,0
2024-10-16,6,0,0,7,4014.35,0.0,0,0
2024-10-16,7,220,175,4,2532.86,0.0,0,0
2024-10-17,1,378,300,7,2610.4,0.0,0,0
2024-10-17,2,145,122,3,860.14,186.49,2333,98
2024-10-17,3,148,115,1,763.29,0.0,0,0
2024-10-17,4,71,57,2,982.51,0.0,0,0
2024-10-17,5,97,82,3,2244.56,0.0,0,0
2024-10-17,6,0,0,10,4822.84,0.0,0,0
2024-10-17,7,17,14,0,0.0,0.0,0,0
2024-10-18,1,304,258,6,2704.44,0.0,0,0
2024-10-18,2,74,60,1,196.63,172.57,2142,90
2024-10-18,3,146,123,1,244.54,0.0,0,0
2024-10-18,4,61,51,2,615.84,0.0,0,0
2024-10-18,5,20,16,0,0.0,0.0,0,0
2024-10-18,6,0,0,4,1943.86,0.0,0,0
2024-10-18,7,69,55,1,211.96,0.0,0,0
2024-10-19,1,391,330,7,5189.67,0.0,0,0
2024-10-19,2,98,78,2,771.89,253.96,3166,133
2024-10-19,3,248,194,2,485.45,0.0,0,0
2024-10-19,4,48,39,1,178.99,0.0,0,0
2024-10-19,5,48,37,1,1786.32,0.0,0,0
2024-10-19,6,0,0,9,4841.28,0.0,0,0
2024-10-19,7,67,54,1,793.44,0.0,0,0
2024-10-20,1,283,224,5,2457.83,0.0,0,0
2024-10-20,2,243,208,6,2623.44,359.3,4500,189
2024-10-20,3,140,119,1,563.2,0.0,0,0
2024-10-20,4,67,54,2,450.39,0.0,0,0
2024-10-20,5,45,37,1,409.26,0.0,0,0
2024-10-20,6,0,0,9,4304.25,0.0,0,0
2024-10-20,7,68,54,1,590.46,0.0,0,0
2024-10-21,1,166,131,2,937.6,0.0,0,0
2024-10-21,2,70,59,1,233.46,275.81,3452,145
2024-10-21,3,409,347,3,1267.43,0.0,0,0
2024-10-21,4,25,20,0,0.0,0.0,0,0
2024-10-21,5,113,95,3,1539.44,0.0,0,0
2024-10-21,6,0,0,5,3279.96,0.0,0,0
2024-10-21,7,124,103,2,1138.87,0.0,0,0
2024-10-22,1,197,158,3,1394.18,0.0,0,0
2024-10-22,2,39,32,0,0.0,263.88,3285,138
2024-10-22,3,121,99,1,729.36,0.0,0,0
2024-10-22,4,48,41,1,556.89,0.0,0,0
2024-10-22,5,46,36,1,208.42,0.0,0,0
2024-10-22,6,0,0,10,3915.7,0.0,0,0
2024-10-22,7,16,12,0,0.0,0.0,0,0
2024-10-23,1,408,332,8,6347.56,0.0,0,0
2024-10-23,2,73,58,1,417.7,286.59,3571,150
2024-10-23,3,136,116,1,236.68,0.0,0,0
2024-10-23,4,25,20,0,0.0,0.0,0,0
2024-10-23,5,68,53,2,1987.76,0.0,0,0
2024-10-23,6,0,0,9,4578.9,0.0,0,0
2024-10-23,7,76,61,1,498.04,0.0,0,0
2024-10-24,1,197,167,3,1081.59,0.0,0,0
2024-10-24,2,138,112,3,1594.74,264.96,3309,139
2024-10-24,3,248,193,2,506.66,0.0,0,0
2024-10-24,4,25,20,0,0.0,0.0,0,0
2024-10-24,5,19,16,0,0.0,0.0,0,0
2024-10-24,6,0,0,8,4008.61,0.0,0,0
2024-10-24,7,70,59,1,458.0,0.0,0,0
2024-10-25,1,116,97,1,199.94,0.0,0,0
2024-10-25,2,156,122,4,1938.78,246.12,3071,129
2024-10-25,3,388,310,3,1281.97,0.0,0,0
2024-10-25,4,147,120,6,4521.02,0.0,0,0
2024-10-25,5,19,15,0,0.0,0.0,0,0
2024-10-25,6,0,0,6,2303.2,0.0,0,0
2024-10-25,7,16,12,0,0.0,0.0,0,0
2024-10-26,1,293,237,5,2154.95,0.0,0,0
2024-10-26,2,38,32,0,0.0,237.33,2952,124
2024-10-26,3,144,114,1,567.84,0.0,0,0
2024-10-26,4,81,67,3,2441.6,0.0,0,0
2024-10-26,5,43,36,1,232.52,0.0,0,0
2024-10-26,6,0,0,5,2199.15,0.0,0,0
2024-10-26,7,122,99,2,2276.2,0.0,0,0
2024-10-27,1,238,198,4,1273.07,0.0,0,0
2024-10-27,2,205,168,5,3287.14,205.07,2547,107
2024-10-27,3,267,208,2,1474.12,0.0,0,0
2024-10-27,4,24,20,0,0.0,0.0,0,0
2024-10-27,5,19,15,0,0.0,0.0,0,0
2024-10-27,6,0,0,6,2756.05,0.0,0,0
2024-10-27,7,78,62,1,242.67,0.0,0,0
2024-10-28,1,306,259,6,2861.38,0.0,0,0
2024-10-28,2,304,255,8,4500.31,278.28,3476,146
2024-10-28,3,138,110,1,773.22,0.0,0,0
2024-10-28,4,65,51,2,367.25,0.0,0,0
2024-10-28,5,18,15,0,0.0,0.0,0,0
2024-10-28,6,0,0,7,3521.41,0.0,0,0
2024-10-28,7,65,52,1,173.5,0.0,0,0
2024-10-29,1,308,260,6,2806.97,0.0,0,0
2024-10-29,2,130,107,3,1597.52,272.04,3404,143
2024-10-29,3,135,105,1,432.6,0.0,0,0
2024-10-29,4,93,72,3,1776.37,0.0,0,0
2024-10-29,5,75,61,2,1661.6,0.0,0,0
2024-10-29,6,0,0,14,6786.87,0.0,0,0
2024-10-29,7,16,13,0,0.0,0.0,0,0
2024-10-30,1,286,224,5,2745.71,0.0,0,0
2024-10-30,2,169,134,4,2399.01,242.69,3023,127
2024-10-30,3,13,10,0,0.0,0.0,0,0
2024-10-30,4,66,52,2,1654.34,0.0,0,0
2024-10-30,5,46,36,1,545.24,0.0,0,0
2024-10-30,6,0,0,6,2910.82,0.0,0,0
2024-10-30,7,72,58,1,700.68,0.0,0,0
2024-10-31,1,149,124,2,998.18,0.0,0,0
2024-10-31,2,103,82,2,843.24,192.26,2404,101
2024-10-31,3,128,100,1,814.16,0.0,0,0
2024-10-31,4,104,83,4,1115.53,0.0,0,0
2024-10-31,5,18,15,0,0.0,0.0,0,0
2024-10-31,6,0,0,1,230.24,0.0,0,0
2024-10-31,7,66,55,1,605.13,0.0,0,0
2024-11-01,1,316,254,6,1801.99,0.0,0,0
2024-11-01,2,105,85,2,1357.42,265.54,3309,139
2024-11-01,3,13,10,0,0.0,0.0,0,0
2024-11-01,4,100,78,4,1761.36,0.0,0,0
2024-11-01,5,79,66,2,784.48,0.0,0,0
2024-11-01,6,0,0,5,2678.78,0.0,0,0
2024-11-01,7,61,52,1,144.86,0.0,0,0
2024-11-02,1,256,201,4,1525.28,0.0,0,0
2024-11-02,2,165,128,4,1425.36,226.12,2833,119
2024-11-02,3,525,441,4,1424.95,0.0,0,0
2024-11-02,4,99,80,3,851.53,0.0,0,0
2024-11-02,5,74,59,2,905.2,0.0,0,0
2024-11-02,6,0,0,9,4838.78,0.0,0,0
2024-11-02,7,245,210,4,1246.93,0.0,0,0
2024-11-03,1,150,119,2,483.82,0.0,0,0
2024-11-03,2,35,27,0,0.0,212.06,2642,111
2024-11-03,3,132,112,1,218.38,0.0,0,0
2024-11-03,4,23,18,0,0.0,0.0,0,0
2024-11-03,5,47,38,1,916.48,0.0,0,0
2024-11-03,6,0,0,9,4730.33,0.0,0,0
2024-11-03,7,15,12,0,0.0,0.0,0,0
2024-11-04,1,193,157,3,2153.94,0.0,0,0
2024-11-04,2,106,82,2,424.37,0.0,0,0
2024-11-04,3,118,98,1,1071.0,0.0,0,0
2024-11-04,4,116,96,4,1559.73,0.0,0,0
2024-11-04,5,70,59,2,932.72,0.0,0,0
2024-11-04,6,0,0,7,4090.98,0.0,0,0
2024-11-04,7,15,12,0,0.0,0.0,0,0
2024-11-05,1,250,196,4,1324.75,0.0,0,0
2024-11-05,2,70,59,1,961.75,0.0,0,0
2024-11-05,3,12,9,0,0.0,0.0,0,0
2024-11-05,4,84,70,3,1141.53,0.0,0,0
2024-11-05,5,79,62,2,2065.32,0.0,0,0
2024-11-05,6,0,0,2,1662.48,0.0,0,0
2024-11-05,7,136,109,2,605.16,0.0,0,0
2024-11-06,1,213,173,4,1525.17,0.0,0,0
2024-11-06,2,65,52,1,222.59,0.0,0,0
2024-11-06,3,245,198,2,380.86,0.0,0,0
2024-11-06,4,59,47,2,1270.92,0.0,0,0
2024-11-06,5,107,91,3,2337.11,0.0,0,0
2024-11-06,6,0,0,7,1915.49,0.0,0,0
2024-11-06,7,137,107,2,1553.0,0.0,0,0
2024-11-07,1,134,110,2,1142.68,0.0,0,0
2024-11-07,2,90,76,2,1785.24,0.0,0,0
2024-11-07,3,142,111,1,227.07,0.0,0,0
2024-11-07,4,93,78,3,741.31,0.0,0,0
2024-11-07,5,121,103,3,770.85,0.0,0,0
2024-11-07,6,0,0,5,1236.62,0.0,0,0
2024-11-07,7,145,122,2,483.37,0.0,0,0
2024-11-08,1,268,220,5,3380.28,0.0,0,0
2024-11-08,2,157,127,4,844.38,0.0,0,0
2024-11-08,3,134,108,1,585.33,0.0,0,0
2024-11-08,4,43,35,1,408.86,0.0,0,0
2024-11-08,5,17,13,0,0.0,0.0,0,0
2024-11-08,6,0,0,5,1290.55,0.0,0,0
2024-11-08,7,14,11,0,0.0,0.0,0,0
2024-11-09,1,287,244,5,1926.73,0.0,0,0
2024-11-09,2,133,106,3,981.11,0.0,0,0
2024-11-09,3,144,120,1,905.88,0.0,0,0
2024-11-09,4,130,105,5,2252.97,0.0,0,0
2024-11-09,5,17,14,0,0.0,0.0,0,0
2024-11-09,6,0,0,7,4473.44,0.0,0,0
2024-11-09,7,70,58,1,380.9,0.0,0,0
2024-11-10,1,63,50,0,0.0,0.0,0,0
2024-11-10,2,64,50,1,344.44,0.0,0,0
2024-11-10,3,12,9,0,0.0,0.0,0,0
2024-11-10,4,44,34,1,199.61,0.0,0,0
2024-11-10,5,17,13,0,0.0,0.0,0,0
2024-11-10,6,0,0,5,1567.8,0.0,0,0
2024-11-10,7,14,11,0,0.0,0.0,0,0
2024-11-11,1,290,243,5,1341.81,0.0,0,0
2024-11-11,2,133,112,3,895.17,0.0,0,0
2024-11-11,3,11,8,0,0.0,0.0,0,0
2024-11-11,4,62,51,2,409.68,0.0,0,0
2024-11-11,5,157,123,5,3006.38,0.0,0,0
2024-11-11,6,0,0,6,3114.83,0.0,0,0
2024-11-11,7,75,62,1,503.02,0.0,0,0
2024-11-12,1,180,145,3,1230.36,0.0,0,0
2024-11-12,2,33,27,0,0.0,0.0,0,0
2024-11-12,3,129,102,1,689.97,0.0,0,0
2024-11-12,4,44,37,1,592.14,0.0,0,0
2024-11-12,5,16,13,0,0.0,0.0,0,0
2024-11-12,6,0,0,8,2346.22,0.0,0,0
2024-11-12,7,130,111,2,1659.76,0.0,0,0
2024-11-13,1,144,120,2,1671.39,0.0,0,0
2024-11-13,2,123,96,3,2198.02,0.0,0,0
2024-11-13,3,11,9,0,0.0,0.0,0,0
2024-11-13,4,21,16,0,0.0,0.0,0,0
2024-11-13,5,100,78,3,938.34,0.0,0,0
2024-11-13,6,0,0,7,2025.03,0.0,0,0
2024-11-13,7,14,11,0,0.0,0.0,0,0
2024-11-14,1,220,183,4,2490.3,0.0,0,0
2024-11-14,2,122,97,3,2771.12,0.0,0,0
2024-11-14,3,128,105,1,783.88,0.0,0,0
2024-11-14,4,80,65,3,1398.36,0.0,0,0
2024-11-14,5,16,13,0,0.0,0.0,0,0
2024-11-14,6,0,0,8,2923.06,0.0,0,0
2024-11-14,7,13,10,0,0.0,0.0,0,0
2024-11-15,1,189,149,3,744.81,0.0,0,0
2024-11-15,2,150,122,4,1271.05,0.0,0,0
2024-11-15,3,246,207,2,856.02,163.55,27000,297
2024-11-15,4,38,29,1,452.1,0.0,0,0
2024-11-15,5,42,33,1,445.98,0.0,0,0
2024-11-15,6,0,0,4,1174.59,0.0,0,0
2024-11-15,7,13,11,0,0.0,0.0,0,0
2024-11-16,1,187,147,3,1604.58,0.0,0,0
2024-11-16,2,201,161,5,2463.38,0.0,0,0
2024-11-16,3,147,116,1,692.4,222.9,36818,405
2024-11-16,4,80,62,3,1105.41,0.0,0,0
2024-11-16,5,16,13,0,0.0,0.0,0,0
2024-11-16,6,0,0,4,2154.01,0.0,0,0
2024-11-16,7,13,10,0,0.0,0.0,0,0
2024-11-17,1,208,167,4,1304.54,0.0,0,0
2024-11-17,2,64,52,1,177.46,0.0,0,0
2024-11-17,3,11,9,0,0.0,167.74,27636,304
2024-11-17,4,85,67,3,992.53,0.0,0,0
2024-11-17,5,15,12,0,0.0,0.0,0,0
2024-11-17,6,0,0,5,1744.67,0.0,0,0
2024-11-17,7,13,10,0,0.0,0.0,0,0
2024-11-18,1,326,270,6,2317.51,0.0,0,0
2024-11-18,2,64,54,1,432.24,0.0,0,0
2024-11-18,3,11,9,0,0.0,94.61,15636,172
2024-11-18,4,20,16,0,0.0,0.0,0,0
2024-11-18,5,96,80,3,485.21,0.0,0,0
2024-11-18,6,0,0,3,586.04,0.0,0,0
2024-11-18,7,13,10,0,0.0,0.0,0,0
2024-11-19,1,271,229,5,3885.18,0.0,0,0
2024-11-19,2,30,24,0,0.0,0.0,0,0
2024-11-19,3,413,328,3,1823.01,209.52,34545,380
2024-11-19,4,63,50,2,761.83,0.0,0,0
2024-11-19,5,40,33,1,160.67,0.0,0,0
2024-11-19,6,0,0,7,3075.01,0.0,0,0
2024-11-19,7,67,55,1,203.6,0.0,0,0
2024-11-20,1,230,188,4,1848.46,0.0,0,0
2024-11-20,2,68,56,1,532.08,0.0,0,0
2024-11-20,3,10,7,0,0.0,221.92,36636,403
2024-11-20,4,82,64,3,1923.91,0.0,0,0
2024-11-20,5,15,12,0,0.0,0.0,0,0
2024-11-20,6,0,0,12,4564.95,0.0,0,0
2024-11-20,7,66,55,1,186.68,0.0,0,0
2024-11-21,1,268,226,5,2114.57,0.0,0,0
2024-11-21,2,30,25,0,0.0,0.0,0,0
2024-11-21,3,141,114,1,218.95,147.88,24363,268
2024-11-21,4,85,69,3,1687.52,0.0,0,0
2024-11-21,5,43,33,1,300.22,0.0,0,0
2024-11-21,6,0,0,3,964.15,0.0,0,0
2024-11-21,7,75,61,1,398.7,0.0,0,0
2024-11-22,1,138,114,2,1060.32,0.0,0,0
2024-11-22,2,139,114,3,593.34,0.0,0,0
2024-11-22,3,10,8,0,0.0,219.18,36181,398
2024-11-22,4,58,48,2,926.23,0.0,0,0
2024-11-22,5,85,70,3,1301.37,0.0,0,0
2024-11-22,6,0,0,2,400.65,0.0,0,0
2024-11-22,7,12,9,0,0.0,0.0,0,0
2024-11-23,1,285,244,5,2910.11,0.0,0,0
2024-11-23,2,93,73,2,293.24,0.0,0,0
2024-11-23,3,271,218,2,991.88,174.91,28909,318
2024-11-23,4,19,15,0,0.0,0.0,0,0
2024-11-23,5,15,12,0,0.0,0.0,0,0
2024-11-23,6,0,0,6,2336.86,0.0,0,0
2024-11-23,7,12,10,0,0.0,0.0,0,0
2024-11-24,1,256,210,5,2968.84,0.0,0,0
2024-11-24,2,120,101,3,1380.36,0.0,0,0
2024-11-24,3,145,119,1,420.54,171.52,28272,311
2024-11-24,4,64,50,2,393.35,0.0,0,0
2024-11-24,5,14,12,0,0.0,0.0,0,0
2024-11-24,6,0,0,9,6022.9,0.0,0,0
2024-11-24,7,69,59,1,175.21,0.0,0,0
2024-11-25,1,224,180,4,2059.04,0.0,0,0
2024-11-25,2,163,128,4,1459.75,0.0,0,0
2024-11-25,3,10,8,0,0.0,216.47,35727,393
2024-11-25,4,39,32,1,526.2,0.0,0,0
2024-11-25,5,14,11,0,0.0,0.0,0,0
2024-11-25,6,0,0,4,1070.63,0.0,0,0
2024-11-25,7,12,9,0,0.0,0.0,0,0
2024-11-26,1,231,193,4,932.5,0.0,0,0
2024-11-26,2,95,76,2,1958.05,0.0,0,0
2024-11-26,3,481,412,4,1678.24,223.65,36909,406
2024-11-26,4,18,15,0,0.0,0.0,0,0
2024-11-26,5,14,11,0,0.0,0.0,0,0
2024-11-26,6,0,0,2,595.11,0.0,0,0
2024-11-26,7,12,9,0,0.0,0.0,0,0
2024-11-27,1,260,214,6,2654.04,0.0,0,0
2024-11-27,2,59,48,1,866.12,0.0,0,0
2024-11-27,3,10,7,0,0.0,175.88,29000,319
2024-11-27,4,60,49,2,1172.84,0.0,0,0
2024-11-27,5,67,55,2,307.71,0.0,0,0
2024-11-27,6,0,0,3,1448.73,0.0,0,0
2024-11-27,7,12,9,0,0.0,0.0,0,0
2024-11-28,1,174,147,3,689.16,0.0,0,0
2024-11-28,2,61,51,1,788.04,0.0,0,0
2024-11-28,3,428,367,3,879.22,211.1,34818,383
2024-11-28,4,41,32,1,224.42,0.0,0,0
2024-11-28,5,38,30,1,179.33,0.0,0,0
2024-11-28,6,0,0,7,3152.25,0.0,0,0
2024-11-28,7,63,51,1,198.55,0.0,0,0
2024-11-29,1,53,41,0,0.0,0.0,0,0
2024-11-29,2,214,168,5,1732.6,0.0,0,0
2024-11-29,3,126,104,1,807.66,213.39,35181,387
2024-11-29,4,58,48,2,323.49,0.0,0,0
2024-11-29,5,44,35,1,318.22,0.0,0,0
2024-11-29,6,0,0,2,542.04,0.0,0,0
2024-11-29,7,12,9,0,0.0,0.0,0,0
2024-11-30,1,184,144,3,1129.95,0.0,0,0
2024-11-30,2,93,77,2,320.96,0.0,0,0
2024-11-30,3,127,105,1,1022.64,144.34,23818,262
2024-11-30,4,18,15,0,0.0,0.0,0,0
2024-11-30,5,73,62,2,486.13,0.0,0,0
2024-11-30,6,0,0,6,1990.17,0.0,0,0
2024-11-30,7,68,58,1,285.48,0.0,0,0
2024-12-01,1,212,180,4,1775.51,0.0,0,0
2024-12-01,2,27,21,0,0.0,0.0,0,0
2024-12-01,3,526,447,4,725.74,209.66,34636,381
2024-12-01,4,36,28,1,320.02,0.0,0,0
2024-12-01,5,14,11,0,0.0,0.0,0,0
2024-12-01,6,0,0,7,3018.43,0.0,0,0
2024-12-01,7,74,61,1,335.84,0.0,0,0
2024-12-02,1,174,145,3,1551.39,0.0,0,0
2024-12-02,2,164,129,4,1398.04,0.0,0,0
2024-12-02,3,155,133,1,676.24,263.18,43454,478
2024-12-02,4,17,13,0,0.0,0.0,0,0
2024-12-02,5,44,35,1,530.19,0.0,0,0
2024-12-02,6,0,0,5,2245.0,0.0,0,0
2024-12-02,7,66,53,1,870.2,0.0,0,0
2024-12-03,1,127,105,2,1402.55,0.0,0,0
2024-12-03,2,126,103,3,1624.53,0.0,0,0
2024-12-03,3,128,99,1,867.65,209.62,34636,381
2024-12-03,4,17,14,0,0.0,0.0,0,0
2024-12-03,5,65,52,2,345.13,0.0,0,0
2024-12-03,6,0,0,4,1905.64,0.0,0,0
2024-12-03,7,108,84,2,387.65,0.0,0,0
2024-12-04,1,130,109,2,1000.17,0.0,0,0
2024-12-04,2,96,79,2,761.64,0.0,0,0
2024-12-04,3,9,7,0,0.0,207.75,34272,377
2024-12-04,4,17,13,0,0.0,0.0,0,0
2024-12-04,5,13,10,0,0.0,0.0,0,0
2024-12-04,6,0,0,5,1921.46,0.0,0,0
2024-12-04,7,63,50,1,181.5,0.0,0,0
2024-12-05,1,133,106,2,537.35,0.0,0,0
2024-12-05,2,89,76,2,1129.03,0.0,0,0
2024-12-05,3,9,7,0,0.0,166.77,27545,303
2024-12-05,4,80,68,3,2059.16,0.0,0,0
2024-12-05,5,64,52,2,328.06,0.0,0,0
2024-12-05,6,0,0,6,4892.0,0.0,0,0
2024-12-05,7,11,9,0,0.0,0.0,0,0
2024-12-06,1,285,222,6,2481.45,0.0,0,0
2024-12-06,2,58,47,1,302.26,0.0,0,0
2024-12-06,3,9,7,0,0.0,195.91,32363,356
2024-12-06,4,86,68,3,703.51,0.0,0,0
2024-12-06,5,72,61,2,499.89,0.0,0,0
2024-12-06,6,0,0,3,889.94,0.0,0,0
2024-12-06,7,11,8,0,0.0,0.0,0,0
2024-12-07,1,146,119,2,665.7,0.0,0,0
2024-12-07,2,122,100,3,1628.72,0.0,0,0
2024-12-07,3,9,7,0,0.0,195.68,32272,355
2024-12-07,4,58,47,2,1010.73,0.0,0,0
2024-12-07,5,13,10,0,0.0,0.0,0,0
2024-12-07,6,0,0,4,827.46,0.0,0,0
2024-12-07,7,11,9,0,0.0,0.0,0,0
2024-12-08,1,286,238,5,1220.33,0.0,0,0
2024-12-08,2,85,68,2,1812.88,0.0,0,0
2024-12-08,3,278,220,2,495.59,288.07,47545,523
2024-12-08,4,16,12,0,0.0,0.0,0,0
2024-12-08,5,13,10,0,0.0,0.0,0,0
2024-12-08,6,0,0,5,1535.2,0.0,0,0
2024-12-08,7,11,8,0,0.0,0.0,0,0
2024-12-09,1,204,159,4,1134.64,0.0,0,0
2024-12-09,2,88,72,2,360.45,0.0,0,0
2024-12-09,3,269,213,2,292.45,129.15,21272,234
2024-12-09,4,16,12,0,0.0,0.0,0,0
2024-12-09,5,42,34,1,173.18,0.0,0,0
2024-12-09,6,0,0,7,1617.96,0.0,0,0
2024-12-09,7,11,8,0,0.0,0.0,0,0
2024-12-10,1,228,189,4,2224.29,0.0,0,0
2024-12-10,2,95,76,2,1069.42,0.0,0,0
2024-12-10,3,126,106,1,167.18,174.65,28818,317
2024-12-10,4,36,29,1,331.66,0.0,0,0
2024-12-10,5,12,9,0,0.0,0.0,0,0
2024-12-10,6,0,0,2,584.47,0.0,0,0
2024-12-10,7,10,8,0,0.0,0.0,0,0
2024-12-11,1,312,254,7,2314.42,0.0,0,0
2024-12-11,2,83,65,2,1280.01,0.0,0,0
2024-12-11,3,9,7,0,0.0,185.0,30545,336
2024-12-11,4,16,13,0,0.0,0.0,0,0
2024-12-11,5,40,33,1,183.41,0.0,0,0
2024-12-11,6,0,0,3,1303.72,0.0,0,0
2024-12-11,7,76,60,1,456.33,0.0,0,0
2024-12-12,1,335,275,7,2694.64,0.0,0,0
2024-12-12,2,118,93,3,1060.31,0.0,0,0
2024-12-12,3,377,294,3,1700.04,215.86,35636,392
2024-12-12,4,36,30,1,358.18,0.0,0,0
2024-12-12,5,39,31,1,562.17,0.0,0,0
2024-12-12,6,0,0,4,1278.93,0.0,0,0
2024-12-12,7,10,8,0,0.0,0.0,0,0
2024-12-13,1,176,141,3,1150.54,0.0,0,0
2024-12-13,2,169,144,5,1763.61,0.0,0,0
2024-12-13,3,8,6,0,0.0,198.09,32727,360
2024-12-13,4,87,68,3,1432.23,0.0,0,0
2024-12-13,5,12,9,0,0.0,0.0,0,0
2024-12-13,6,0,0,4,868.4,0.0,0,0
2024-12-13,7,10,8,0,0.0,0.0,0,0
2024-12-14,1,163,138,3,1111.08,0.0,0,0
2024-12-14,2,94,78,2,308.34,0.0,0,0
2024-12-14,3,125,106,1,395.52,166.88,27545,303
2024-12-14,4,57,48,2,1516.33,0.0,0,0
2024-12-14,5,12,9,0,0.0,0.0,0,0
2024-12-14,6,0,0,6,2637.15,0.0,0,0
2024-12-14,7,67,54,1,697.48,0.0,0,0
2024-12-15,1,129,110,2,1255.47,0.0,0,0
2024-12-15,2,92,74,2,1832.36,0.0,0,0
2024-12-15,3,8,6,0,0.0,243.55,40181,442
2024-12-15,4,85,67,3,1435.16,0.0,0,0
2024-12-15,5,42,34,1,152.61,0.0,0,0
2024-12-15,6,0,0,3,779.76,0.0,0,0
2024-12-15,7,66,53,1,153.42,0.0,0,0
2024-12-16,1,262,216,5,1645.07,0.0,0,0
2024-12-16,2,24,19,0,0.0,0.0,0,0
2024-12-16,3,8,6,0,0.0,171.32,28272,311
2024-12-16,4,15,12,0,0.0,0.0,0,0
2024-12-16,5,41,33,1,191.15,0.0,0,0
2024-12-16,6,0,0,4,877.51,0.0,0,0
2024-12-16,7,10,8,0,0.0,0.0,0,0
2024-12-17,1,203,173,4,2685.03,0.0,0,0
2024-12-17,2,51,40,1,455.26,0.0,0,0
2024-12-17,3,8,6,0,0.0,185.31,30545,336
2024-12-17,4,94,78,4,2155.54,0.0,0,0
2024-12-17,5,39,31,1,164.25,0.0,0,0
2024-12-17,6,0,0,3,656.98,0.0,0,0
2024-12-17,7,10,8,0,0.0,0.0,0,0
2024-12-18,1,92,71,1,207.13,0.0,0,0
2024-12-18,2,53,45,1,277.66,0.0,0,0
2024-12-18,3,290,226,2,1098.2,206.74,34090,375
2024-12-18,4,34,26,1,188.07,0.0,0,0
2024-12-18,5,12,9,0,0.0,0.0,0,0
2024-12-18,6,0,0,5,1952.28,0.0,0,0
2024-12-18,7,174,139,3,987.91,0.0,0,0
2024-12-19,1,317,248,7,1509.21,0.0,0,0
2024-12-19,2,120,99,3,1375.55,0.0,0,0
2024-12-19,3,469,382,4,1195.22,299.71,49454,544
2024-12-19,4,35,28,1,551.4,0.0,0,0
2024-12-19,5,38,31,1,153.15,0.0,0,0
2024-12-19,6,0,0,7,1939.11,0.0,0,0
2024-12-19,7,72,56,1,181.58,0.0,0,0
2024-12-20,1,178,141,3,1963.2,0.0,0,0
2024-12-20,2,23,18,0,0.0,0.0,0,0
2024-12-20,3,121,99,1,428.64,258.98,42727,470
2024-12-20,4,15,12,0,0.0,0.0,0,0
2024-12-20,5,68,53,2,1174.43,0.0,0,0
2024-12-20,6,0,0,3,1054.37,0.0,0,0
2024-12-20,7,10,8,0,0.0,0.0,0,0
2024-12-21,1,136,116,2,734.63,0.0,0,0
2024-12-21,2,171,144,5,1375.84,0.0,0,0
2024-12-21,3,8,6,0,0.0,195.39,32272,355
2024-12-21,4,33,25,1,119.0,0.0,0,0
2024-12-21,5,36,28,1,129.01,0.0,0,0
2024-12-21,6,0,0,4,1476.81,0.0,0,0
2024-12-21,7,67,53,1,152.11,0.0,0,0
2024-12-22,1,282,242,5,1776.39,0.0,0,0
2024-12-22,2,23,18,0,0.0,0.0,0,0
2024-12-22,3,8,6,0,0.0,253.69,41909,461
2024-12-22,4,75,62,3,1322.76,0.0,0,0
2024-12-22,5,40,32,1,881.15,0.0,0,0
2024-12-22,6,0,0,7,2828.12,0.0,0,0
2024-12-22,7,9,7,0,0.0,0.0,0,0
2024-12-23,1,315,263,7,2655.73,0.0,0,0
2024-12-23,2,82,68,2,537.23,0.0,0,0
2024-12-23,3,256,210,2,717.52,222.1,36636,403
2024-12-23,4,15,12,0,0.0,0.0,0,0
2024-12-23,5,41,32,1,182.74,0.0,0,0
2024-12-23,6,0,0,2,954.93,0.0,0,0
2024-12-23,7,68,57,1,357.0,0.0,0,0
2024-12-24,1,265,218,5,1549.24,0.0,0,0
2024-12-24,2,91,76,2,1245.67,0.0,0,0
2024-12-24,3,298,244,2,468.15,221.92,36636,403
2024-12-24,4,72,61,3,1332.16,0.0,0,0
2024-12-24,5,11,9,0,0.0,0.0,0,0
2024-12-24,6,0,0,5,1937.46,0.0,0,0
2024-12-24,7,9,7,0,0.0,0.0,0,0
2024-12-25,1,212,178,4,1389.75,0.0,0,0
2024-12-25,2,83,70,2,922.51,0.0,0,0
2024-12-25,3,140,113,1,348.92,197.31,32545,358
2024-12-25,4,14,11,0,0.0,0.0,0,0
2024-12-25,5,56,45,2,1885.37,0.0,0,0
2024-12-25,6,0,0,2,455.84,0.0,0,0
2024-12-25,7,57,47,1,357.0,0.0,0,0
2024-12-26,1,217,174,4,1577.71,0.0,0,0
2024-12-26,2,183,152,5,1426.7,0.0,0,0
2024-12-26,3,139,112,1,134.44,188.32,31090,342
2024-12-26,4,35,28,1,365.7,0.0,0,0
2024-12-26,5,84,68,3,855.68,0.0,0,0
2024-12-26,6,0,0,4,1540.64,0.0,0,0
2024-12-26,7,62,52,1,164.69,0.0,0,0
2024-12-27,1,132,112,2,394.74,0.0,0,0
2024-12-27,2,50,41,1,483.42,0.0,0,0
2024-12-27,3,8,6,0,0.0,149.43,24636,271
2024-12-27,4,39,32,1,148.9,0.0,0,0
2024-12-27,5,38,32,1,815.85,0.0,0,0
2024-12-27,6,0,0,4,840.86,0.0,0,0
2024-12-27,7,70,54,1,326.04,0.0,0,0
2024-12-28,1,365,290,7,2592.08,0.0,0,0
2024-12-28,2,52,41,1,201.21,0.0,0,0
2024-12-28,3,126,101,1,547.59,190.59,31454,346
2024-12-28,4,14,12,0,0.0,0.0,0,0
2024-12-28,5,37,29,1,173.03,0.0,0,0
2024-12-28,6,0,0,6,1960.41,0.0,0,0
2024-12-28,7,9,7,0,0.0,0.0,0,0
2024-12-29,1,211,165,4,2399.82,0.0,0,0
2024-12-29,2,117,95,3,1614.44,0.0,0,0
2024-12-29,3,8,6,0,0.0,0.0,0,0
2024-12-29,4,14,11,0,0.0,0.0,0,0
2024-12-29,5,69,54,2,373.4,0.0,0,0
2024-12-29,6,0,0,4,790.63,0.0,0,0
2024-12-29,7,64,51,1,623.4,0.0,0,0
2024-12-30,1,159,131,3,2571.2,0.0,0,0
2024-12-30,2,90,70,2,1410.64,0.0,0,0
2024-12-30,3,256,211,2,288.1,0.0,0,0
2024-12-30,4,14,11,0,0.0,0.0,0,0
2024-12-30,5,40,31,1,524.04,0.0,0,0
2024-12-30,6,0,0,3,1260.77,0.0,0,0
2024-12-30,7,9,7,0,0.0,0.0,0,0
2024-12-31,1,127,103,2,1024.06,0.0,0,0
2024-12-31,2,58,46,1,163.29,0.0,0,0
2024-12-31,3,7,5,0,0.0,0.0,0,0
2024-12-31,4,81,67,3,920.56,0.0,0,0
2024-12-31,5,34,28,1,197.11,0.0,0,0
2024-12-31,6,0,0,5,1164.01,0.0,0,0
2024-12-31,7,65,55,1,535.65,0.0,0,0
2025-01-01,1,79,64,1,147.53,0.0,0,0
2025-01-01,2,22,18,0,0.0,0.0,0,0
2025-01-01,3,7,5,0,0.0,0.0,0,0
2025-01-01,4,60,50,2,1194.52,0.0,0,0
2025-01-01,5,71,59,2,824.79,0.0,0,0
2025-01-01,6,0,0,2,440.11,0.0,0,0
2025-01-01,7,124,98,2,370.45,0.0,0,0
2025-01-02,1,84,67,1,967.8,0.0,0,0
2025-01-02,2,53,42,1,221.3,0.0,0,0
2025-01-02,3,143,119,1,654.0,0.0,0,0
2025-01-02,4,37,30,1,744.36,0.0,0,0
2025-01-02,5,11,8,0,0.0,0.0,0,0
2025-01-02,6,0,0,7,2506.12,0.0,0,0
2025-01-02,7,216,169,4,856.31,0.0,0,0
2025-01-03,1,123,98,2,426.94,0.0,0,0
2025-01-03,2,22,18,0,0.0,0.0,0,0
2025-01-03,3,125,103,1,171.17,0.0,0,0
2025-01-03,4,53,44,2,401.17,0.0,0,0
2025-01-03,5,11,9,0,0.0,0.0,0,0
2025-01-03,6,0,0,2,1843.22,0.0,0,0
2025-01-03,7,65,53,1,414.4,0.0,0,0
2025-01-04,1,153,131,3,1538.67,0.0,0,0
2025-01-04,2,55,45,1,280.0,0.0,0,0
2025-01-04,3,320,261,3,1220.59,0.0,0,0
2025-01-04,4,53,41,2,971.9,0.0,0,0
2025-01-04,5,11,9,0,0.0,0.0,0,0
2025-01-04,6,0,0,10,3323.76,0.0,0,0
2025-01-04,7,9,7,0,0.0,0.0,0,0
2025-01-05,1,223,182,5,2009.63,0.0,0,0
2025-01-05,2,85,68,2,463.49,0.0,0,0
2025-01-05,3,249,203,2,472.63,0.0,0,0
2025-01-05,4,34,29,1,161.94,0.0,0,0
2025-01-05,5,111,93,4,1763.52,0.0,0,0
2025-01-05,6,0,0,6,2203.27,0.0,0,0
2025-01-05,7,9,7,0,0.0,0.0,0,0
2025-01-06,1,82,66,1,519.27,0.0,0,0
2025-01-06,2,173,135,5,2597.96,0.0,0,0
2025-01-06,3,261,220,2,1296.04,0.0,0,0
2025-01-06,4,36,28,1,383.88,0.0,0,0
2025-01-06,5,37,29,1,806.05,235.63,3890,214
2025-01-06,6,0,0,7,3417.91,0.0,0,0
2025-01-06,7,132,105,2,791.49,0.0,0,0
2025-01-07,1,207,162,4,1329.93,0.0,0,0
2025-01-07,2,21,17,0,0.0,0.0,0,0
2025-01-07,3,119,100,1,194.4,0.0,0,0
2025-01-07,4,14,11,0,0.0,0.0,0,0
2025-01-07,5,37,29,1,127.31,212.18,3490,192
2025-01-07,6,0,0,8,4083.49,0.0,0,0
2025-01-07,7,65,52,1,339.26,0.0,0,0
2025-01-08,1,167,138,3,1132.88,0.0,0,0
2025-01-08,2,91,74,2,346.25,0.0,0,0
2025-01-08,3,128,108,1,644.55,0.0,0,0
2025-01-08,4,76,59,3,1689.0,0.0,0,0
2025-01-08,5,71,60,2,938.07,188.8,3109,171
2025-01-08,6,0,0,4,1090.84,0.0,0,0
2025-01-08,7,123,96,2,1187.14,0.0,0,0
2025-01-09,1,81,63,1,143.34,0.0,0,0
2025-01-09,2,21,17,0,0.0,0.0,0,0
2025-01-09,3,7,6,0,0.0,0.0,0,0
2025-01-09,4,58,46,2,1105.68,0.0,0,0
2025-01-09,5,37,29,1,168.34,188.79,3109,171
2025-01-09,6,0,0,3,1439.31,0.0,0,0
2025-01-09,7,59,50,1,1078.08,0.0,0,0
2025-01-10,1,156,126,3,1099.64,0.0,0,0
2025-01-10,2,142,121,3,1107.3,0.0,0,0
2025-01-10,3,142,114,1,932.0,0.0,0,0
2025-01-10,4,35,27,1,375.56,0.0,0,0
2025-01-10,5,34,28,1,143.21,182.98,3018,166
2025-01-10,6,0,0,3,1170.26,0.0,0,0
2025-01-10,7,61,51,1,150.84,0.0,0,0
2025-01-11,1,308,248,6,1953.0,0.0,0,0
2025-01-11,2,106,87,3,2288.38,0.0,0,0
2025-01-11,3,7,5,0,0.0,0.0,0,0
2025-01-11,4,34,28,1,194.29,0.0,0,0
2025-01-11,5,87,72,3,1629.13,214.34,3527,194
2025-01-11,6,0,0,7,3905.02,0.0,0,0
2025-01-11,7,9,7,0,0.0,0.0,0,0
2025-01-12,1,119,96,2,1532.8,0.0,0,0
2025-01-12,2,168,140,4,998.63,0.0,0,0
2025-01-12,3,7,5,0,0.0,0.0,0,0
2025-01-12,4,35,29,1,188.66,0.0,0,0
2025-01-12,5,69,58,2,312.42,213.71,3527,194
2025-01-12,6,0,0,3,457.71,0.0,0,0
2025-01-12,7,64,50,1,450.66,0.0,0,0
2025-01-13,1,265,225,5,2325.15,0.0,0,0
2025-01-13,2,117,97,3,552.14,0.0,0,0
2025-01-13,3,7,5,0,0.0,0.0,0,0
2025-01-13,4,58,47,2,613.61,0.0,0,0
2025-01-13,5,11,9,0,0.0,252.67,4163,229
2025-01-13,6,0,0,4,1069.59,0.0,0,0
2025-01-13,7,60,51,1,143.04,0.0,0,0
2025-01-14,1,233,192,5,1535.09,0.0,0,0
2025-01-14,2,114,93,3,872.14,0.0,0,0
2025-01-14,3,129,106,1,164.98,0.0,0,0
2025-01-14,4,72,59,3,1246.17,0.0,0,0
2025-01-14,5,11,9,0,0.0,352.65,5818,320
2025-01-14,6,0,0,4,1245.28,0.0,0,0
2025-01-14,7,9,7,0,0.0,0.0,0,0
2025-01-15,1,156,127,3,714.97,0.0,0,0
2025-01-15,2,21,17,0,0.0,0.0,0,0
2025-01-15,3,7,5,0,0.0,0.0,0,0
2025-01-15,4,56,47,2,766.0,0.0,0,0
2025-01-15,5,70,58,2,1248.69,210.93,3472,191
2025-01-15,6,0,0,1,268.04,0.0,0,0
2025-01-15,7,9,7,0,0.0,0.0,0,0
2025-01-16,1,391,315,8,4148.54,0.0,0,0
2025-01-16,2,109,91,3,913.49,0.0,0,0
2025-01-16,3,116,95,1,131.79,0.0,0,0
2025-01-16,4,56,44,2,535.56,0.0,0,0
2025-01-16,5,11,8,0,0.0,245.29,4036,222
2025-01-16,6,0,0,4,1406.19,0.0,0,0
2025-01-16,7,74,58,1,441.81,0.0,0,0
2025-01-17,1,426,348,10,3871.53,0.0,0,0
2025-01-17,2,58,47,1,195.29,0.0,0,0
2025-01-17,3,7,5,0,0.0,0.0,0,0
2025-01-17,4,119,95,5,1300.82,0.0,0,0
2025-01-17,5,11,8,0,0.0,230.83,3800,209
2025-01-17,6,0,0,6,2234.31,0.0,0,0
2025-01-17,7,68,53,1,140.62,0.0,0,0
2025-01-18,1,173,138,3,925.79,0.0,0,0
2025-01-18,2,122,97,3,856.08,0.0,0,0
2025-01-18,3,7,5,0,0.0,0.0,0,0
2025-01-18,4,34,29,1,547.96,0.0,0,0
2025-01-18,5,11,9,0,0.0,221.66,3654,201
2025-01-18,6,0,0,3,793.78,0.0,0,0
2025-01-18,7,9,7,0,0.0,0.0,0,0
2025-01-19,1,114,91,2,791.0,0.0,0,0
2025-01-19,2,160,125,4,1538.66,0.0,0,0
2025-01-19,3,263,215,2,1321.53,0.0,0,0
2025-01-19,4,104,82,4,1005.68,0.0,0,0
2025-01-19,5,102,85,3,1580.0,156.88,2581,142
2025-01-19,6,0,0,3,557.72,0.0,0,0
2025-01-19,7,65,55,1,199.47,0.0,0,0
2025-01-20,1,184,147,4,2166.89,0.0,0,0
2025-01-20,2,53,44,1,371.54,0.0,0,0
2025-01-20,3,7,5,0,0.0,0.0,0,0
2025-01-20,4,14,11,0,0.0,0.0,0,0
2025-01-20,5,37,29,1,205.92,222.86,3672,202
2025-01-20,6,0,0,4,2048.22,0.0,0,0
2025-01-20,7,9,7,0,0.0,0.0,0,0
2025-01-21,1,213,180,4,1632.63,0.0,0,0
2025-01-21,2,53,44,1,485.98,0.0,0,0
2025-01-21,3,7,5,0,0.0,0.0,0,0
2025-01-21,4,33,28,1,917.19,0.0,0,0
2025-01-21,5,39,31,1,392.62,234.34,3872,213
2025-01-21,6,0,0,9,4114.19,0.0,0,0
2025-01-21,7,69,59,1,275.62,0.0,0,0
2025-01-22,1,201,166,4,1659.0,0.0,0,0
2025-01-22,2,111,94,3,1061.57,0.0,0,0
2025-01-22,3,271,223,2,312.37,0.0,0,0
2025-01-22,4,37,31,1,164.0,0.0,0,0
2025-01-22,5,102,86,3,1203.16,220.8,3636,200
2025-01-22,6,0,0,8,2802.16,0.0,0,0
2025-01-22,7,63,51,1,194.63,0.0,0,0
2025-01-23,1,192,157,4,3233.48,0.0,0,0
2025-01-23,2,80,63,2,883.46,0.0,0,0
2025-01-23,3,7,5,0,0.0,0.0,0,0
2025-01-23,4,100,83,4,878.53,0.0,0,0
2025-01-23,5,61,48,2,779.61,146.68,2418,133
2025-01-23,6,0,0,3,2019.48,0.0,0,0
2025-01-23,7,9,7,0,0.0,0.0,0,0
2025-01-24,1,177,145,3,1159.44,0.0,0,0
2025-01-24,2,84,69,2,523.49,0.0,0,0
2025-01-24,3,117,96,1,489.63,0.0,0,0
2025-01-24,4,35,29,1,655.08,0.0,0,0
2025-01-24,5,11,8,0,0.0,241.72,3981,219
2025-01-24,6,0,0,5,1629.7,0.0,0,0
2025-01-24,7,229,187,4,1417.93,0.0,0,0
2025-01-25,1,297,247,6,2806.77,0.0,0,0
2025-01-25,2,89,69,2,2320.31,0.0,0,0
2025-01-25,3,259,217,2,685.13,0.0,0,0
2025-01-25,4,14,11,0,0.0,0.0,0,0
2025-01-25,5,66,52,2,990.3,167.5,2763,152
2025-01-25,6,0,0,6,2302.24,0.0,0,0
2025-01-25,7,63,52,1,741.12,0.0,0,0
2025-01-26,1,207,167,4,1807.1,0.0,0,0
2025-01-26,2,174,144,5,2583.66,0.0,0,0
2025-01-26,3,8,6,0,0.0,0.0,0,0
2025-01-26,4,81,64,3,2218.66,0.0,0,0
2025-01-26,5,11,9,0,0.0,218.13,3600,198
2025-01-26,6,0,0,2,1007.22,0.0,0,0
2025-01-26,7,240,204,4,1615.55,0.0,0,0
2025-01-27,1,173,148,3,1889.48,0.0,0,0
2025-01-27,2,177,150,5,1692.37,0.0,0,0
2025-01-27,3,8,6,0,0.0,0.0,0,0
2025-01-27,4,35,28,1,594.09,0.0,1187,285
2025-01-27,5,41,32,1,529.16,199.54,3290,181
2025-01-27,6,0,0,3,975.44,0.0,0,0
2025-01-27,7,9,7,0,0.0,0.0,0,0
2025-01-28,1,198,162,4,1342.89,0.0,0,0
2025-01-28,2,187,155,5,1272.37,0.0,0,0
2025-01-28,3,537,430,4,1893.65,0.0,0,0
2025-01-28,4,56,44,2,2101.8,0.0,1450,348
2025-01-28,5,69,58,2,368.04,159.59,2636,145
2025-01-28,6,0,0,4,1299.41,0.0,0,0
2025-01-28,7,67,57,1,184.49,0.0,0,0
2025-01-29,1,213,166,4,1378.53,0.0,0,0
2025-01-29,2,86,69,2,479.98,0.0,0,0
2025-01-29,3,8,6,0,0.0,0.0,0,0
2025-01-29,4,15,12,0,0.0,0.0,1550,372
2025-01-29,5,122,104,4,1244.52,205.91,3400,187
2025-01-29,6,0,0,2,463.95,0.0,0,0
2025-01-29,7,108,92,2,980.48,0.0,0,0
2025-01-30,1,86,67,1,537.46,0.0,0,0
2025-01-30,2,96,75,2,348.0,0.0,0,0
2025-01-30,3,8,6,0,0.0,0.0,0,0
2025-01-30,4,87,73,3,830.64,0.0,1416,340
2025-01-30,5,43,36,1,553.5,217.48,3581,197
2025-01-30,6,0,0,5,2376.94,0.0,0,0
2025-01-30,7,63,51,1,213.87,0.0,0,0
2025-01-31,1,180,145,3,1287.83,0.0,0,0
2025-01-31,2,89,71,2,848.84,0.0,0,0
2025-01-31,3,8,6,0,0.0,0.0,0,0
2025-01-31,4,54,46,2,407.9,0.0,1341,322
2025-01-31,5,36,28,1,204.14,184.31,3036,167
2025-01-31,6,0,0,6,1329.48,0.0,0,0
2025-01-31,7,70,59,1,335.76,0.0,0,0
2025-02-01,1,366,302,7,2441.19,0.0,0,0
2025-02-01,2,59,50,1,619.96,0.0,0,0
2025-02-01,3,248,207,2,1110.96,0.0,0,0
2025-02-01,4,38,31,1,527.64,0.0,958,230
2025-02-01,5,39,32,1,743.19,188.44,3109,171
2025-02-01,6,0,0,3,1375.3,0.0,0,0
2025-02-01,7,10,8,0,0.0,0.0,0,0
2025-02-02,1,223,183,4,1320.51,0.0,0,0
2025-02-02,2,88,68,2,661.51,0.0,0,0
2025-02-02,3,130,110,1,180.49,0.0,0,0
2025-02-02,4,41,33,1,705.6,0.0,1470,353
2025-02-02,5,12,10,0,0.0,128.31,2109,116
2025-02-02,6,0,0,7,3320.36,0.0,0,0
2025-02-02,7,10,8,0,0.0,0.0,0,0
2025-02-03,1,299,256,7,3983.58,0.0,0,0
2025-02-03,2,158,124,4,1833.89,0.0,0,0
2025-02-03,3,373,308,3,1286.1,0.0,0,0
2025-02-03,4,58,49,2,947.12,0.0,1433,344
2025-02-03,5,127,99,4,2321.01,244.3,4036,222
2025-02-03,6,0,0,6,2144.52,0.0,0,0
2025-02-03,7,10,8,0,0.0,0.0,0,0
2025-02-04,1,225,185,4,1114.35,0.0,0,0
2025-02-04,2,86,73,2,806.12,0.0,0,0
2025-02-04,3,8,6,0,0.0,0.0,0,0
2025-02-04,4,36,29,1,202.75,0.0,1283,308
2025-02-04,5,40,31,1,294.66,219.87,3618,199
2025-02-04,6,0,0,3,1057.6,0.0,0,0
2025-02-04,7,116,91,2,1091.66,0.0,0,0
2025-02-05,1,185,144,3,1567.38,0.0,0,0
2025-02-05,2,167,131,4,1978.05,0.0,0,0
2025-02-05,3,134,111,1,311.76,0.0,0,0
2025-02-05,4,59,47,2,532.28,0.0,1220,293
2025-02-05,5,88,68,3,1469.37,181.22,2981,164
2025-02-05,6,0,0,7,3030.85,0.0,0,0
2025-02-05,7,10,7,0,0.0,0.0,0,0
2025-02-06,1,183,155,3,796.36,0.0,0,0
2025-02-06,2,231,195,6,2304.46,0.0,0,0
2025-02-06,3,278,228,2,1442.36,0.0,0,0
2025-02-06,4,59,50,2,385.16,0.0,1487,357
2025-02-06,5,71,55,2,1251.42,192.13,3163,174
2025-02-06,6,0,0,7,5888.9,0.0,0,0
2025-02-06,7,10,8,0,0.0,0.0,0,0
2025-02-07,1,178,148,3,1787.7,0.0,0,0
2025-02-07,2,58,48,1,1137.36,0.0,0,0
2025-02-07,3,8,6,0,0.0,0.0,0,0
2025-02-07,4,123,96,5,2652.74,0.0,1312,315
2025-02-07,5,82,68,3,916.65,219.93,3618,199
2025-02-07,6,0,0,1,207.06,0.0,0,0
2025-02-07,7,69,57,1,413.58,0.0,0,0
2025-02-08,1,308,258,6,3094.43,0.0,0,0
2025-02-08,2,24,19,0,0.0,0.0,0,0
2025-02-08,3,132,111,1,1297.66,0.0,0,0
2025-02-08,4,38,29,1,528.12,0.0,1462,351
2025-02-08,5,65,55,2,1902.01,221.37,3654,201
2025-02-08,6,0,0,11,3663.78,0.0,0,0
2025-02-08,7,63,54,1,712.32,0.0,0,0
2025-02-09,1,300,241,6,3799.08,0.0,0,0
2025-02-09,2,248,213,6,1997.77,0.0,0,0
2025-02-09,3,134,105,1,448.44,0.0,0,0
2025-02-09,4,37,29,1,276.86,0.0,1545,371
2025-02-09,5,41,32,1,564.15,201.62,3327,183
2025-02-09,6,0,0,9,3170.81,0.0,0,0
2025-02-09,7,10,8,0,0.0,0.0,0,0
2025-02-10,1,182,145,3,1793.29,0.0,0,0
2025-02-10,2,91,73,2,512.49,0.0,0,0
2025-02-10,3,8,6,0,0.0,0.0,0,0
2025-02-10,4,76,64,3,1004.94,0.0,1512,363
2025-02-10,5,69,56,2,1142.41,154.97,2545,140
2025-02-10,6,0,0,4,1668.77,0.0,0,0
2025-02-10,7,177,149,3,1550.44,0.0,0,0
2025-02-11,1,353,279,8,2989.06,0.0,0,0
2025-02-11,2,59,50,1,595.16,0.0,0,0
2025-02-11,3,9,7,0,0.0,0.0,0,0
2025-02-11,4,58,47,2,765.85,0.0,1170,281
2025-02-11,5,43,34,1,537.68,253.45,4181,230
2025-02-11,6,0,0,5,2245.14,0.0,0,0
2025-02-11,7,10,7,0,0.0,0.0,0,0
2025-02-12,1,170,137,3,1537.11,0.0,0,0
2025-02-12,2,89,69,2,769.33,0.0,0,0
2025-02-12,3,9,7,0,0.0,0.0,0,0
2025-02-12,4,58,46,2,474.94,0.0,1108,266
2025-02-12,5,74,57,2,899.82,167.39,2763,152
2025-02-12,6,0,0,5,1642.46,0.0,0,0
2025-02-12,7,64,50,1,911.36,0.0,0,0
2025-02-13,1,281,231,5,3253.28,0.0,0,0
2025-02-13,2,308,259,8,3643.93,0.0,0,0
2025-02-13,3,271,214,2,933.44,0.0,0,0
2025-02-13,4,87,69,3,2182.22,0.0,1479,355
2025-02-13,5,40,34,1,440.76,265.04,4363,240
2025-02-13,6,0,0,0,0.0,0.0,0,0
2025-02-13,7,69,54,1,613.74,0.0,0,0
2025-02-14,1,330,278,6,2901.75,0.0,0,0
2025-02-14,2,93,77,2,403.72,0.0,0,0
2025-02-14,3,9,7,0,0.0,0.0,0,0
2025-02-14,4,17,13,0,0.0,0.0,0,0
2025-02-14,5,13,10,0,0.0,186.17,3072,169
2025-02-14,6,0,0,5,1923.93,0.0,0,0
2025-02-14,7,65,52,1,187.4,0.0,0,0
2025-02-15,1,312,244,6,2535.16,0.0,0,0
2025-02-15,2,154,122,4,1992.99,0.0,0,0
2025-02-15,3,143,118,1,180.94,0.0,0,0
2025-02-15,4,84,67,3,885.26,0.0,0,0
2025-02-15,5,59,48,2,892.62,237.66,3927,216
2025-02-15,6,0,0,3,897.26,0.0,0,0
2025-02-15,7,62,49,1,194.67,0.0,0,0
2025-02-16,1,307,241,6,2935.99,0.0,0,0
2025-02-16,2,125,98,3,841.89,0.0,0,0
2025-02-16,3,128,102,1,484.28,0.0,0,0
2025-02-16,4,40,34,1,1004.36,0.0,0,0
2025-02-16,5,66,54,2,1326.2,193.59,3181,175
2025-02-16,6,0,0,8,4702.46,0.0,0,0
2025-02-16,7,74,57,1,168.84,0.0,0,0
2025-02-17,1,293,239,5,2328.37,0.0,0,0
2025-02-17,2,97,78,2,1046.56,0.0,0,0
2025-02-17,3,9,7,0,0.0,0.0,0,0
2025-02-17,4,17,13,0,0.0,0.0,0,0
2025-02-17,5,41,32,1,245.71,246.55,4072,224
2025-02-17,6,0,0,6,2909.39,0.0,0,0
2025-02-17,7,70,56,1,274.63,0.0,0,0
2025-02-18,1,390,308,9,3910.68,0.0,0,0
2025-02-18,2,178,142,5,2483.79,0.0,0,0
2025-02-18,3,114,93,1,451.38,0.0,0,0
2025-02-18,4,41,33,1,1710.45,0.0,0,0
2025-02-18,5,42,34,1,246.13,226.4,3727,205
2025-02-18,6,0,0,9,5501.95,0.0,0,0
2025-02-18,7,62,48,1,916.4,0.0,0,0
2025-02-19,1,243,196,4,1762.4,0.0,0,0
2025-02-19,2,135,113,3,1119.61,0.0,0,0
2025-02-19,3,278,236,2,1921.52,0.0,0,0
2025-02-19,4,58,45,2,875.81,0.0,0,0
2025-02-19,5,13,10,0,0.0,206.56,3400,187
2025-02-19,6,0,0,8,3017.72,0.0,0,0
2025-02-19,7,11,9,0,0.0,0.0,0,0
2025-02-20,1,162,137,3,888.48,0.0,0,0
2025-02-20,2,101,86,2,685.99,0.0,0,0
2025-02-20,3,9,7,0,0.0,0.0,0,0
2025-02-20,4,18,15,0,0.0,0.0,0,0
2025-02-20,5,40,31,1,412.74,173.0,2854,157
2025-02-20,6,0,0,7,3632.69,0.0,0,0
2025-02-20,7,67,57,1,249.97,0.0,0,0
2025-02-21,1,423,356,8,2699.03,0.0,0,0
2025-02-21,2,62,52,1,378.1,0.0,0,0
2025-02-21,3,389,324,3,2011.56,0.0,0,0
2025-02-21,4,124,104,5,1695.82,0.0,0,0
2025-02-21,5,129,105,4,2305.81,239.19,3945,217
2025-02-21,6,0,0,8,2369.24,0.0,0,0
2025-02-21,7,11,9,0,0.0,0.0,0,0
2025-02-22,1,439,365,10,3882.18,0.0,0,0
2025-02-22,2,149,122,4,1945.31,0.0,0,0
2025-02-22,3,134,106,1,939.28,0.0,0,0
2025-02-22,4,57,45,2,1406.43,0.0,0,0
2025-02-22,5,14,12,0,0.0,286.82,4727,260
2025-02-22,6,0,0,7,2349.79,0.0,0,0
2025-02-22,7,113,95,2,446.68,0.0,0,0
2025-02-23,1,239,198,5,3993.4,0.0,0,0
2025-02-23,2,98,83,2,934.71,0.0,0,0
2025-02-23,3,147,124,1,295.96,0.0,0,0
2025-02-23,4,87,70,3,1593.38,0.0,0,0
2025-02-23,5,71,58,2,917.04,199.76,3290,181
2025-02-23,6,0,0,7,2368.33,0.0,0,0
2025-02-23,7,159,132,3,1483.52,0.0,0,0
2025-02-24,1,361,286,6,3187.37,0.0,0,0
2025-02-24,2,118,99,3,2076.25,0.0,0,0
2025-02-24,3,261,215,2,1652.43,0.0,0,0
2025-02-24,4,61,51,2,881.84,0.0,0,0
2025-02-24,5,102,79,3,1864.36,161.66,2654,146
2025-02-24,6,0,0,9,2489.19,0.0,0,0
2025-02-24,7,12,9,0,0.0,0.0,0,0
2025-02-25,1,337,268,7,3206.74,0.0,0,0
2025-02-25,2,120,98,3,1118.17,0.0,0,0
2025-02-25,3,248,209,2,770.59,0.0,0,0
2025-02-25,4,42,34,1,429.24,0.0,0,0
2025-02-25,5,14,11,0,0.0,210.55,3472,191
2025-02-25,6,0,0,8,4375.79,0.0,0,0
2025-02-25,7,12,9,0,0.0,0.0,0,0
2025-02-26,1,291,248,5,1890.25,0.0,0,0
2025-02-26,2,120,99,3,1013.94,0.0,0,0
2025-02-26,3,10,8,0,0.0,0.0,0,0
2025-02-26,4,76,62,3,1055.69,0.0,0,0
2025-02-26,5,36,28,1,150.63,185.32,3054,168
2025-02-26,6,0,0,4,1916.79,0.0,0,0
2025-02-26,7,127,106,2,1283.6,0.0,0,0
2025-02-27,1,402,321,8,4046.63,0.0,0,0
2025-02-27,2,170,142,4,3151.64,0.0,0,0
2025-02-27,3,128,106,1,467.6,0.0,0,0
2025-02-27,4,64,51,2,1047.96,0.0,0,0
2025-02-27,5,99,77,3,2595.84,174.84,2872,158
2025-02-27,6,0,0,8,2848.07,0.0,0,0
2025-02-27,7,120,100,2,1460.34,0.0,0,0
2025-02-28,1,411,323,8,2634.93,0.0,0,0
2025-02-28,2,193,151,5,1357.4,0.0,0,0
2025-02-28,3,133,103,1,507.76,0.0,0,0
2025-02-28,4,66,54,2,455.35,0.0,0,0
2025-02-28,5,71,59,2,1506.12,279.33,4600,253
2025-02-28,6,0,0,7,4080.87,0.0,0,0
2025-02-28,7,12,10,0,0.0,0.0,0,0
2025-03-01,1,212,178,4,830.41,0.0,0,0
2025-03-01,2,100,83,2,515.94,0.0,0,0
2025-03-01,3,10,8,0,0.0,0.0,0,0
2025-03-01,4,61,49,2,465.91,0.0,0,0
2025-03-01,5,67,54,2,414.63,0.0,0,0
2025-03-01,6,0,0,4,1575.7,0.0,0,0
2025-03-01,7,12,9,0,0.0,0.0,0,0
2025-03-02,1,437,374,9,2791.27,0.0,0,0
2025-03-02,2,197,154,5,2190.32,0.0,0,0
2025-03-02,3,295,230,2,1989.02,0.0,0,0
2025-03-02,4,63,53,2,486.91,0.0,0,0
2025-03-02,5,78,63,2,791.65,0.0,0,0
2025-03-02,6,0,0,7,3019.39,0.0,0,0
2025-03-02,7,66,54,1,524.46,0.0,0,0
2025-03-03,1,199,157,3,1099.34,0.0,0,0
2025-03-03,2,249,207,7,3586.11,400.74,5000,210
2025-03-03,3,112,88,1,770.28,0.0,0,0
2025-03-03,4,39,30,1,607.56,0.0,0,0
2025-03-03,5,64,53,2,1422.36,0.0,0,0
2025-03-03,6,0,0,7,2374.9,0.0,0,0
2025-03-03,7,169,145,3,1598.95,0.0,0,0
2025-03-04,1,225,182,4,1716.5,0.0,0,0
2025-03-04,2,164,138,4,1306.49,320.33,3999,168
2025-03-04,3,254,207,2,488.52,0.0,0,0
2025-03-04,4,80,65,3,3515.63,0.0,0,0
2025-03-04,5,15,12,0,0.0,0.0,0,0
2025-03-04,6,0,0,3,1320.68,0.0,0,0
2025-03-04,7,13,10,0,0.0,0.0,0,0
2025-03-05,1,195,153,3,1357.9,0.0,0,0
2025-03-05,2,98,80,2,1234.12,388.72,4857,204
2025-03-05,3,11,8,0,0.0,0.0,0,0
2025-03-05,4,88,72,3,1053.12,0.0,0,0
2025-03-05,5,70,59,2,819.51,0.0,0,0
2025-03-05,6,0,0,13,6779.03,0.0,0,0
2025-03-05,7,128,102,2,1052.89,0.0,0,0
2025-03-06,1,312,252,6,2942.06,0.0,0,0
2025-03-06,2,228,178,6,3055.45,397.59,4976,209
2025-03-06,3,249,201,2,983.32,0.0,0,0
2025-03-06,4,87,72,3,1446.5,0.0,0,0
2025-03-06,5,42,35,1,535.68,0.0,0,0
2025-03-06,6,0,0,5,4415.07,0.0,0,0
2025-03-06,7,115,95,2,868.7,0.0,0,0
2025-03-07,1,230,186,4,3019.73,0.0,0,0
2025-03-07,2,136,112,3,844.68,455.28,5690,239
2025-03-07,3,133,111,1,903.2,0.0,0,0
2025-03-07,4,118,96,5,2176.57,0.0,0,0
2025-03-07,5,95,75,3,3618.44,0.0,0,0
2025-03-07,6,0,0,8,4002.36,0.0,0,0
2025-03-07,7,69,55,1,312.06,0.0,0,0
2025-03-08,1,377,313,8,4530.55,0.0,0,0
2025-03-08,2,138,108,3,2744.98,233.12,2904,122
2025-03-08,3,243,208,2,1555.1,0.0,0,0
2025-03-08,4,112,89,4,1712.85,0.0,0,0
2025-03-08,5,98,79,3,1201.76,0.0,0,0
2025-03-08,6,0,0,6,3452.46,0.0,0,0
2025-03-08,7,76,63,1,272.47,0.0,0,0
2025-03-09,1,212,175,4,2026.23,0.0,0,0
2025-03-09,2,213,170,6,2060.7,438.51,5476,230
2025-03-09,3,132,112,1,265.93,0.0,0,0
2025-03-09,4,21,16,0,0.0,0.0,0,0
2025-03-09,5,41,33,1,453.52,0.0,0,0
2025-03-09,6,0,0,4,2478.91,0.0,0,0
2025-03-09,7,13,10,0,0.0,0.0,0,0
2025-03-10,1,212,170,4,2445.53,0.0,0,0
2025-03-10,2,271,213,7,5237.47,311.1,3880,163
2025-03-10,3,132,106,1,225.48,0.0,0,0
2025-03-10,4,21,17,0,0.0,0.0,0,0
2025-03-10,5,47,40,1,673.5,0.0,0,0
2025-03-10,6,0,0,5,2167.72,0.0,0,0
2025-03-10,7,116,96,2,1520.7,0.0,0,0
2025-03-11,1,180,148,3,1121.7,0.0,0,0
2025-03-11,2,99,78,2,963.84,420.55,5261,221
2025-03-11,3,142,112,1,214.48,0.0,0,0
2025-03-11,4,43,34,1,1342.0,0.0,0,0
2025-03-11,5,74,60,2,668.65,0.0,0,0
2025-03-11,6,0,0,6,3428.65,0.0,0,0
2025-03-11,7,69,56,1,424.54,0.0,0,0
2025-03-12,1,104,81,1,283.61,0.0,0,0
2025-03-12,2,311,257,7,2839.43,333.01,4166,175
2025-03-12,3,503,430,4,1945.06,0.0,0,0
2025-03-12,4,96,80,3,1802.93,0.0,0,0
2025-03-12,5,78,66,2,2396.68,0.0,0,0
2025-03-12,6,0,0,10,4235.37,0.0,0,0
2025-03-12,7,187,150,3,2794.99,0.0,0,0
2025-03-13,1,296,251,5,4832.96,0.0,0,0
2025-03-13,2,253,211,7,4527.25,402.31,5023,211
2025-03-13,3,337,266,3,1158.53,0.0,0,0
2025-03-13,4,63,51,2,1075.04,0.0,0,0
2025-03-13,5,99,83,3,1602.39,0.0,0,0
2025-03-13,6,0,0,7,2772.38,0.0,0,0
2025-03-13,7,70,54,1,459.3,0.0,0,0
2025-03-14,1,386,314,8,4066.28,0.0,0,0
2025-03-14,2,149,119,4,3587.34,260.76,3261,137
2025-03-14,3,361,284,3,1237.45,0.0,0,0
2025-03-14,4,65,55,2,1611.78,0.0,0,0
2025-03-14,5,17,14,0,0.0,0.0,0,0
2025-03-14,6,0,0,8,3835.78,0.0,0,0
2025-03-14,7,127,101,2,964.73,0.0,0,0
2025-03-15,1,366,293,7,4488.81,0.0,0,0
2025-03-15,2,219,178,6,1888.61,364.14,4547,191
2025-03-15,3,116,99,1,1760.78,0.0,0,0
2025-03-15,4,84,70,3,830.75,0.0,0,0
2025-03-15,5,73,59,2,845.65,0.0,0,0
2025-03-15,6,0,0,6,3091.53,0.0,0,0
2025-03-15,7,118,100,2,2086.34,0.0,0,0
2025-03-16,1,603,476,12,8849.97,0.0,0,0
2025-03-16,2,151,126,4,3569.48,401.82,5023,211
2025-03-16,3,150,124,1,257.92,0.0,0,0
2025-03-16,4,43,36,1,292.92,0.0,0,0
2025-03-16,5,100,80,3,1409.03,0.0,0,0
2025-03-16,6,0,0,11,6182.61,0.0,0,0
2025-03-16,7,224,177,4,2221.32,0.0,0,0
2025-03-17,1,303,246,6,3214.88,0.0,0,0
2025-03-17,2,220,186,5,2822.61,310.03,3880,163
2025-03-17,3,140,109,1,265.6,0.0,0,0
2025-03-17,4,23,19,0,0.0,0.0,0,0
2025-03-17,5,103,87,3,1768.03,0.0,0,0
2025-03-17,6,0,0,9,6501.83,0.0,0,0
2025-03-17,7,68,53,1,285.45,0.0,0,0
2025-03-18,1,222,177,4,1252.68,0.0,0,0
2025-03-18,2,167,139,4,2840.63,351.59,4404,185
2025-03-18,3,265,218,2,828.95,0.0,0,0
2025-03-18,4,88,72,3,3398.25,0.0,0,0
2025-03-18,5,17,14,0,0.0,0.0,0,0
2025-03-18,6,0,0,7,4080.98,0.0,0,0
2025-03-18,7,14,11,0,0.0,0.0,0,0
2025-03-19,1,277,220,5,2926.87,0.0,0,0
2025-03-19,2,266,222,7,2614.71,389.63,4880,205
2025-03-19,3,12,9,0,0.0,0.0,0,0
2025-03-19,4,88,75,3,1985.22,0.0,0,0
2025-03-19,5,47,38,1,547.04,0.0,0,0
2025-03-19,6,0,0,12,6116.57,0.0,0,0
2025-03-19,7,186,159,3,2557.74,0.0,0,0
2025-03-20,1,519,422,11,6835.07,0.0,0,0
2025-03-20,2,96,75,2,1015.18,308.92,3857,162
2025-03-20,3,137,108,1,755.52,0.0,0,0
2025-03-20,4,89,74,3,1759.77,0.0,0,0
2025-03-20,5,50,40,1,723.36,0.0,0,0
2025-03-20,6,0,0,9,6680.22,0.0,0,0
2025-03-20,7,15,12,0,0.0,0.0,0,0
2025-03-21,1,441,362,8,6151.1,0.0,0,0
2025-03-21,2,344,283,9,5850.95,235.63,2952,124
2025-03-21,3,12,9,0,0.0,0.0,0,0
2025-03-21,4,90,73,3,1122.42,0.0,0,0
2025-03-21,5,45,38,1,263.91,0.0,0,0
2025-03-21,6,0,0,5,2531.46,0.0,0,0
2025-03-21,7,127,109,2,1233.62,0.0,0,0
2025-03-22,1,429,338,11,6243.5,0.0,0,0
2025-03-22,2,159,125,4,2575.07,435.01,5428,228
2025-03-22,3,864,690,6,3485.04,0.0,0,0
2025-03-22,4,47,37,1,197.02,0.0,0,0
2025-03-22,5,77,66,2,889.85,0.0,0,0
2025-03-22,6,0,0,6,3007.15,0.0,0,0
2025-03-22,7,193,159,3,1637.68,0.0,0,0
2025-03-23,1,559,439,13,7492.29,0.0,0,0
2025-03-23,2,97,81,2,816.15,374.82,4690,197
2025-03-23,3,135,107,1,506.82,0.0,0,0
2025-03-23,4,44,36,1,547.7,0.0,0,0
2025-03-23,5,101,84,3,1610.54,0.0,0,0
2025-03-23,6,0,0,10,4750.4,0.0,0,0
2025-03-23,7,182,155,3,862.96,0.0,0,0
2025-03-24,1,489,397,11,6837.94,0.0,0,0
2025-03-24,2,96,76,2,1522.08,344.39,4309,181
2025-03-24,3,133,111,1,993.2,0.0,0,0
2025-03-24,4,45,35,1,462.52,0.0,0,0
2025-03-24,5,49,41,1,173.74,0.0,0,0
2025-03-24,6,0,0,9,4518.16,0.0,0,0
2025-03-24,7,78,61,1,242.1,0.0,0,0
2025-03-25,1,524,448,11,6507.99,0.0,0,0
2025-03-25,2,205,170,6,2979.33,271.7,3404,143
2025-03-25,3,261,206,2,1563.75,0.0,0,0
2025-03-25,4,24,19,0,0.0,0.0,0,0
2025-03-25,5,48,40,1,948.08,0.0,0,0
2025-03-25,6,0,0,10,3438.99,0.0,0,0
2025-03-25,7,71,56,1,908.46,0.0,0,0
2025-03-26,1,155,125,2,1534.53,0.0,0,0
2025-03-26,2,160,127,4,2828.34,352.99,4404,185
2025-03-26,3,262,214,2,1287.17,0.0,0,0
2025-03-26,4,126,107,5,2903.32,0.0,0,0
2025-03-26,5,100,79,3,833.97,0.0,0,0
2025-03-26,6,0,0,11,5007.97,0.0,0,0
2025-03-26,7,124,101,2,761.99,0.0,0,0
2025-03-27,1,507,430,12,8946.01,0.0,0,0
2025-03-27,2,72,57,1,219.86,363.59,4547,191
2025-03-27,3,130,107,1,784.71,0.0,0,0
2025-03-27,4,105,86,4,1988.82,0.0,0,0
2025-03-27,5,98,81,3,1264.04,0.0,0,0
2025-03-27,6,0,0,10,4788.79,0.0,0,0
2025-03-27,7,16,12,0,0.0,0.0,0,0
2025-03-28,1,372,291,7,3374.09,0.0,0,0
2025-03-28,2,194,157,5,1643.25,286.33,3571,150
2025-03-28,3,445,353,4,2020.63,0.0,0,0
2025-03-28,4,65,53,2,1846.08,0.0,0,0
2025-03-28,5,95,81,3,3198.2,0.0,0,0
2025-03-28,6,0,0,8,5547.96,0.0,0,0
2025-03-28,7,129,109,2,1397.76,0.0,0,0
2025-03-29,1,309,263,6,3740.01,0.0,0,0
2025-03-29,2,201,166,6,3896.17,376.77,4714,198
2025-03-29,3,147,116,1,492.66,0.0,0,0
2025-03-29,4,137,112,5,2219.64,0.0,0,0
2025-03-29,5,116,91,4,1794.12,0.0,0,0
2025-03-29,6,0,0,5,2968.4,0.0,0,0
2025-03-29,7,130,109,2,1135.69,0.0,0,0
2025-03-30,1,306,255,6,5214.05,0.0,0,0
2025-03-30,2,286,236,7,5332.8,245.35,3071,129
2025-03-30,3,137,108,1,713.16,0.0,0,0
2025-03-30,4,65,53,2,1218.96,0.0,0,0
2025-03-30,5,47,39,1,284.21,0.0,0,0
2025-03-30,6,0,0,11,4675.53,0.0,0,0
2025-03-30,7,16,13,0,0.0,0.0,0,0
2025-03-31,1,263,211,5,4305.37,0.0,0,0
2025-03-31,2,234,183,6,3906.6,253.49,3166,133
2025-03-31,3,365,285,3,1165.9,0.0,0,0
2025-03-31,4,68,53,2,1206.87,0.0,0,0
2025-03-31,5,156,125,5,3084.16,0.0,0,0
2025-03-31,6,0,0,8,4859.95,0.0,0,0
2025-03-31,7,73,61,1,1289.28,0.0,0,0
2025-04-01,1,338,283,6,2392.08,0.0,0,0
2025-04-01,2,179,151,4,2071.5,319.06,3976,167
2025-04-01,3,132,108,1,380.96,0.0,0,0
2025-04-01,4,49,41,1,351.29,0.0,0,0
2025-04-01,5,79,63,2,1397.86,0.0,0,0
2025-04-01,6,0,0,14,11238.97,0.0,0,0
2025-04-01,7,303,260,6,3630.98,0.0,0,0
2025-04-02,1,520,412,11,9027.78,0.0,0,0
2025-04-02,2,100,83,2,477.87,203.76,2547,107
2025-04-02,3,14,11,0,0.0,0.0,0,0
2025-04-02,4,66,52,2,2954.36,0.0,0,0
2025-04-02,5,75,59,2,1012.26,0.0,0,0
2025-04-02,6,0,0,7,4864.69,0.0,0,0
2025-04-02,7,16,12,0,0.0,0.0,0,0
2025-04-03,1,363,291,8,5663.19,0.0,0,0
2025-04-03,2,124,99,3,1546.52,248.7,3095,130
2025-04-03,3,267,212,2,521.42,0.0,0,0
2025-04-03,4,119,94,4,1868.24,0.0,0,0
2025-04-03,5,20,16,0,0.0,0.0,0,0
2025-04-03,6,0,0,13,7518.44,0.0,0,0
2025-04-03,7,77,61,1,967.47,0.0,0,0
2025-04-04,1,386,311,8,3836.06,0.0,0,0
2025-04-04,2,277,231,7,3879.79,344.69,4309,181
2025-04-04,3,145,120,1,1153.84,0.0,0,0
2025-04-04,4,100,82,3,2744.42,0.0,0,0
2025-04-04,5,49,38,1,258.0,0.0,0,0
2025-04-04,6,0,0,8,5827.97,0.0,0,0
2025-04-04,7,73,60,1,759.69,0.0,0,0
2025-04-05,1,508,410,10,7283.9,0.0,0,0
2025-04-05,2,279,219,7,3392.4,348.49,4357,183
2025-04-05,3,14,11,0,0.0,0.0,0,0
2025-04-05,4,86,73,3,2083.53,0.0,0,0
2025-04-05,5,107,87,3,2401.8,0.0,0,0
2025-04-05,6,0,0,17,10402.44,0.0,0,0
2025-04-05,7,161,138,2,585.03,0.0,0,0
2025-04-06,1,479,406,10,5603.25,0.0,0,0
2025-04-06,2,266,228,7,5800.72,287.35,3595,151
2025-04-06,3,237,192,2,565.4,0.0,0,0
2025-04-06,4,181,148,7,3714.94,0.0,0,0
2025-04-06,5,133,111,5,3526.59,0.0,0,0
2025-04-06,6,0,0,17,10796.27,0.0,0,0
2025-04-06,7,17,14,0,0.0,0.0,0,0
2025-04-07,1,492,383,10,9765.42,0.0,0,0
2025-04-07,2,213,170,5,2829.73,335.41,4190,176
2025-04-07,3,228,192,2,2662.01,0.0,0,0
2025-04-07,4,69,56,2,2430.18,0.0,0,0
2025-04-07,5,48,39,1,316.42,0.0,0,0
2025-04-07,6,0,0,9,4221.35,0.0,0,0
2025-04-07,7,308,249,5,3113.15,0.0,0,0
2025-04-08,1,455,379,9,4699.91,0.0,0,0
2025-04-08,2,271,230,7,6552.31,322.59,4023,169
2025-04-08,3,141,113,1,547.5,0.0,0,0
2025-04-08,4,67,54,2,574.99,0.0,0,0
2025-04-08,5,78,62,2,1379.02,0.0,0,0
2025-04-08,6,0,0,10,6190.4,0.0,0,0
2025-04-08,7,196,153,3,1367.5,0.0,0,0
2025-04-09,1,723,591,15,13918.62,0.0,0,0
2025-04-09,2,207,170,5,2812.74,404.18,5047,212
2025-04-09,3,266,214,2,1346.61,0.0,0,0
2025-04-09,4,85,70,3,2336.26,0.0,0,0
2025-04-09,5,80,68,2,1254.16,0.0,0,0
2025-04-09,6,0,0,10,6319.47,0.0,0,0
2025-04-09,7,225,177,4,3394.54,0.0,0,0
2025-04-10,1,558,474,12,8629.38,0.0,0,0
2025-04-10,2,340,267,8,3958.17,258.09,3214,135
2025-04-10,3,253,215,2,501.76,0.0,0,0
2025-04-10,4,117,95,4,2910.24,0.0,0,0
2025-04-10,5,113,96,3,2693.83,0.0,0,0
2025-04-10,6,0,0,4,1461.57,0.0,0,0
2025-04-10,7,144,114,2,1496.92,0.0,0,0
2025-04-11,1,262,207,4,2648.28,0.0,0,0
2025-04-11,2,170,141,4,1699.75,364.81,4571,192
2025-04-11,3,396,312,3,2980.18,0.0,0,0
2025-04-11,4,51,43,1,1145.56,0.0,0,0
2025-04-11,5,143,112,5,3340.59,0.0,0,0
2025-04-11,6,0,0,13,6107.35,0.0,0,0
2025-04-11,7,221,176,3,1219.58,0.0,0,0
2025-04-12,1,395,335,7,5386.96,0.0,0,0
2025-04-12,2,132,111,3,1826.06,335.73,4190,176
2025-04-12,3,516,419,4,1720.24,0.0,0,0
2025-04-12,4,92,75,3,1092.82,0.0,0,0
2025-04-12,5,70,58,2,505.64,0.0,0,0
2025-04-12,6,0,0,9,8538.46,0.0,0,0
2025-04-12,7,142,112,2,925.4,0.0,0,0
2025-04-13,1,278,216,5,3182.76,0.0,0,0
2025-04-13,2,253,211,7,6017.48,326.05,4071,171
2025-04-13,3,281,223,2,2134.72,0.0,0,0
2025-04-13,4,48,37,1,545.46,0.0,0,0
2025-04-13,5,50,40,1,343.44,0.0,0,0
2025-04-13,6,0,0,8,5128.84,0.0,0,0
2025-04-13,7,132,111,2,1497.69,0.0,0,0
2025-04-14,1,440,351,9,5311.32,0.0,0,0
2025-04-14,2,396,337,10,4362.85,240.05,3000,126
2025-04-14,3,147,116,1,622.32,0.0,0,0
2025-04-14,4,107,85,4,3293.74,0.0,0,0
2025-04-14,5,112,91,3,1470.35,0.0,0,0
2025-04-14,6,0,0,11,8947.74,0.0,0,0
2025-04-14,7,180,141,3,1180.99,0.0,0,0
2025-04-15,1,472,376,10,7653.29,0.0,0,0
2025-04-15,2,108,91,2,1842.34,313.77,3928,165
2025-04-15,3,15,12,0,0.0,0.0,0,0
2025-04-15,4,119,97,4,1022.36,0.0,0,0
2025-04-15,5,78,61,2,1206.52,0.0,0,0
2025-04-15,6,0,0,12,5346.68,0.0,0,0
2025-04-15,7,175,136,3,2302.38,0.0,0,0
2025-04-16,1,405,333,7,5864.22,0.0,0,0
2025-04-16,2,99,80,2,1111.54,266.32,3333,140
2025-04-16,3,359,296,3,1361.45,0.0,0,0
2025-04-16,4,50,40,1,727.77,0.0,0,0
2025-04-16,5,160,128,5,3922.26,0.0,0,0
2025-04-16,6,0,0,8,7323.53,0.0,0,0
2025-04-16,7,133,104,2,1214.98,0.0,0,0
2025-04-17,1,525,418,10,5850.81,0.0,0,0
2025-04-17,2,178,148,4,2244.38,246.07,3071,129
2025-04-17,3,430,351,3,1776.43,0.0,0,0
2025-04-17,4,177,140,7,6508.07,0.0,0,0
2025-04-17,5,130,105,4,2221.02,0.0,0,0
2025-04-17,6,0,0,13,10601.72,0.0,0,0
2025-04-17,7,212,180,3,904.62,0.0,0,0
2025-04-18,1,537,422,10,4489.58,0.0,0,0
2025-04-18,2,294,232,7,3114.45,360.21,4500,189
2025-04-18,3,376,311,3,1910.74,0.0,0,0
2025-04-18,4,115,89,4,2559.5,0.0,0,0
2025-04-18,5,130,110,4,3390.61,0.0,0,0
2025-04-18,6,0,0,17,8282.39,0.0,0,0
2025-04-18,7,76,61,1,1270.88,0.0,0,0
2025-04-19,1,351,281,6,4612.25,0.0,0,0
2025-04-19,2,342,268,9,4935.95,392.77,4904,206
2025-04-19,3,270,231,2,2115.79,0.0,0,0
2025-04-19,4,52,44,1,335.92,0.0,0,0
2025-04-19,5,77,64,2,1517.01,0.0,0,0
2025-04-19,6,0,0,10,4948.51,0.0,0,0
2025-04-19,7,79,64,1,1366.64,0.0,0,0
2025-04-20,1,403,333,7,6514.13,0.0,0,0
2025-04-20,2,267,229,7,3519.27,285.58,3571,150
2025-04-20,3,381,300,3,886.09,0.0,0,0
2025-04-20,4,51,40,1,265.9,0.0,0,0
2025-04-20,5,119,97,4,2024.24,0.0,0,0
2025-04-20,6,0,0,10,7172.48,0.0,0,0
2025-04-20,7,18,15,0,0.0,0.0,0,0
2025-04-21,1,489,383,9,4795.86,0.0,0,0
2025-04-21,2,223,174,5,3253.39,0.0,0,0
2025-04-21,3,15,12,0,0.0,0.0,0,0
2025-04-21,4,114,96,4,5140.45,0.0,0,0
2025-04-21,5,220,175,7,5613.18,0.0,0,0
2025-04-21,6,0,0,9,6773.38,0.0,0,0
2025-04-21,7,129,109,2,858.18,0.0,0,0
2025-04-22,1,384,314,7,6397.45,0.0,0,0
2025-04-22,2,150,117,3,1264.19,0.0,0,0
2025-04-22,3,534,458,5,3389.95,0.0,0,0
2025-04-22,4,85,72,3,1538.29,0.0,0,0
2025-04-22,5,100,83,3,2054.08,0.0,0,0
2025-04-22,6,0,0,9,3657.37,0.0,0,0
2025-04-22,7,113,92,2,922.03,0.0,0,0
2025-04-23,1,437,356,8,5591.28,0.0,0,0
2025-04-23,2,145,119,3,1942.31,0.0,0,0
2025-04-23,3,400,326,3,3978.03,0.0,0,0
2025-04-23,4,151,121,6,2879.93,0.0,0,0
2025-04-23,5,120,99,3,1863.03,0.0,0,0
2025-04-23,6,0,0,9,4709.08,0.0,0,0
2025-04-23,7,77,65,1,278.04,0.0,0,0
2025-04-24,1,386,331,8,5418.46,0.0,0,0
2025-04-24,2,212,182,5,4053.02,0.0,0,0
2025-04-24,3,501,394,4,3260.2,0.0,0,0
2025-04-24,4,68,53,2,1670.94,0.0,0,0
2025-04-24,5,50,41,1,1039.44,0.0,0,0
2025-04-24,6,0,0,10,6457.16,0.0,0,0
2025-04-24,7,73,58,1,303.52,0.0,0,0
2025-04-25,1,699,546,13,7942.67,0.0,0,0
2025-04-25,2,108,91,2,951.14,0.0,0,0
2025-04-25,3,626,521,5,2365.82,0.0,0,0
2025-04-25,4,155,122,6,4735.91,0.0,0,0
2025-04-25,5,81,69,2,1502.98,0.0,0,0
2025-04-25,6,0,0,9,4586.97,0.0,0,0
2025-04-25,7,197,155,3,1423.7,0.0,0,0
2025-04-26,1,311,249,6,3826.55,0.0,0,0
2025-04-26,2,209,174,5,1876.7,0.0,0,0
2025-04-26,3,478,386,4,4901.87,0.0,0,0
2025-04-26,4,121,100,4,2720.22,0.0,0,0
2025-04-26,5,79,67,2,1304.24,0.0,0,0
2025-04-26,6,0,0,7,2435.03,0.0,0,0
2025-04-26,7,199,158,3,1849.34,0.0,0,0
2025-04-27,1,338,274,6,3294.74,0.0,0,0
2025-04-27,2,264,215,7,5705.53,0.0,0,0
2025-04-27,3,16,13,0,0.0,0.0,0,0
2025-04-27,4,91,72,3,4297.46,0.0,0,0
2025-04-27,5,79,63,2,1330.05,0.0,0,0
2025-04-27,6,0,0,8,6752.61,0.0,0,0
2025-04-27,7,129,105,2,1009.94,0.0,0,0
2025-04-28,1,393,312,8,4509.67,0.0,0,0
2025-04-28,2,247,204,6,3676.59,0.0,0,0
2025-04-28,3,136,115,1,314.36,0.0,0,0
2025-04-28,4,74,60,2,975.43,0.0,0,0
2025-04-28,5,23,19,0,0.0,0.0,0,0
2025-04-28,6,0,0,10,4143.69,0.0,0,0
2025-04-28,7,79,66,1,316.13,0.0,0,0
2025-04-29,1,460,390,8,7205.95,0.0,0,0
2025-04-29,2,299,251,8,6773.15,0.0,0,0
2025-04-29,3,16,12,0,0.0,0.0,0,0
2025-04-29,4,76,63,2,2417.8,0.0,0,0
2025-04-29,5,23,19,0,0.0,0.0,0,0
2025-04-29,6,0,0,12,10331.95,0.0,0,0
2025-04-29,7,258,208,4,2456.43,0.0,0,0
2025-04-30,1,305,249,5,5504.1,0.0,0,0
2025-04-30,2,113,89,2,1226.33,0.0,0,0
2025-04-30,3,472,380,4,1848.82,0.0,0,0
2025-04-30,4,74,61,2,1012.69,0.0,0,0
2025-04-30,5,48,40,1,296.6,0.0,0,0
2025-04-30,6,0,0,10,5981.66,0.0,0,0
2025-04-30,7,248,195,4,1882.44,0.0,0,0
2025-05-01,1,639,529,12,7499.15,0.0,0,0
2025-05-01,2,164,139,4,3513.74,0.0,0,0
2025-05-01,3,255,218,2,1252.72,0.0,0,0
2025-05-01,4,94,77,3,1314.94,0.0,0,0
2025-05-01,5,78,65,2,676.91,0.0,0,0
2025-05-01,6,0,0,8,5727.73,0.0,0,0
2025-05-01,7,75,58,1,363.33,0.0,0,0
2025-05-02,1,501,414,10,6861.75,0.0,0,0
2025-05-02,2,180,150,4,2274.97,0.0,0,0
2025-05-02,3,138,114,1,626.28,0.0,0,0
2025-05-02,4,108,90,4,2279.5,0.0,0,0
2025-05-02,5,128,105,4,1720.11,0.0,0,0
2025-05-02,6,0,0,5,3945.33,0.0,0,0
2025-05-02,7,235,187,4,1640.73,0.0,0,0
2025-05-03,1,431,347,8,5073.35,0.0,0,0
2025-05-03,2,227,194,6,7483.07,0.0,0,0
2025-05-03,3,135,108,1,286.82,0.0,0,0
2025-05-03,4,70,58,2,1700.39,0.0,0,0
2025-05-03,5,111,90,3,2648.68,0.0,0,0
2025-05-03,6,0,0,5,3675.64,0.0,0,0
2025-05-03,7,132,108,2,1470.88,0.0,0,0
2025-05-04,1,264,213,5,3369.71,0.0,0,0
2025-05-04,2,197,165,5,2311.31,0.0,0,0
2025-05-04,3,246,195,2,1375.14,0.0,0,0
2025-05-04,4,123,97,4,3659.15,0.0,0,0
2025-05-04,5,77,64,2,915.68,0.0,0,0
2025-05-04,6,0,0,11,9817.54,0.0,0,0
2025-05-04,7,71,56,1,517.62,0.0,0,0
2025-05-05,1,466,383,9,6280.39,0.0,0,0
2025-05-05,2,223,177,5,3361.87,0.0,0,0
2025-05-05,3,530,451,5,2242.66,0.0,0,0
2025-05-05,4,78,64,2,1447.62,0.0,0,0
2025-05-05,5,106,86,3,2249.0,0.0,0,0
2025-05-05,6,0,0,10,8512.41,0.0,0,0
2025-05-05,7,255,214,4,3645.39,0.0,0,0
2025-05-06,1,413,351,8,5639.77,0.0,0,0
2025-05-06,2,282,228,8,5262.77,0.0,0,0
2025-05-06,3,434,370,4,1558.4,0.0,0,0
2025-05-06,4,97,81,3,2522.88,0.0,0,0
2025-05-06,5,127,107,4,3024.63,0.0,0,0
2025-05-06,6,0,0,6,3728.09,0.0,0,0
2025-05-06,7,20,16,0,0.0,0.0,0,0
2025-05-07,1,552,460,11,7402.31,0.0,0,0
2025-05-07,2,203,170,5,2908.53,0.0,0,0
2025-05-07,3,736,582,6,5269.04,0.0,0,0
2025-05-07,4,115,92,4,1550.2,0.0,0,0
2025-05-07,5,106,84,3,1482.69,0.0,0,0
2025-05-07,6,0,0,9,7651.02,0.0,0,0
2025-05-07,7,242,200,4,4704.34,0.0,0,0
2025-05-08,1,423,344,7,5547.76,0.0,0,0
2025-05-08,2,241,204,6,4658.2,0.0,0,0
2025-05-08,3,17,14,0,0.0,0.0,0,0
2025-05-08,4,96,80,3,1696.17,0.0,0,0
2025-05-08,5,104,86,3,1987.05,0.0,0,0
2025-05-08,6,0,0,9,6300.89,0.0,0,0
2025-05-08,7,233,183,4,5859.96,0.0,0,0
2025-05-09,1,393,310,8,5360.73,0.0,0,0
2025-05-09,2,236,192,6,1915.83,0.0,0,0
2025-05-09,3,419,350,3,1910.73,0.0,0,0
2025-05-09,4,87,69,3,955.4,0.0,0,0
2025-05-09,5,55,45,1,575.56,0.0,0,0
2025-05-09,6,0,0,8,4859.92,0.0,0,0
2025-05-09,7,123,102,2,943.24,0.0,0,0
2025-05-10,1,520,428,10,8005.63,0.0,0,0
2025-05-10,2,312,258,8,3563.48,0.0,0,0
2025-05-10,3,139,114,1,328.72,0.0,0,0
2025-05-10,4,114,90,4,2012.79,0.0,0,0
2025-05-10,5,77,65,2,1994.06,0.0,0,0
2025-05-10,6,0,0,9,5036.66,0.0,0,0
2025-05-10,7,135,113,2,2924.88,0.0,0,0
2025-05-11,1,388,316,7,4064.38,0.0,0,0
2025-05-11,2,200,158,5,3219.99,0.0,0,0
2025-05-11,3,406,340,3,1218.41,0.0,0,0
2025-05-11,4,80,62,2,588.81,0.0,0,0
2025-05-11,5,25,21,0,0.0,0.0,0,0
2025-05-11,6,0,0,6,4827.49,0.0,0,0
2025-05-11,7,81,68,1,398.44,0.0,0,0
2025-05-12,1,369,307,6,4338.52,0.0,0,0
2025-05-12,2,222,182,6,3557.16,0.0,0,0
2025-05-12,3,146,118,1,1294.6,229.64,37909,417
2025-05-12,4,52,44,1,539.68,0.0,0,0
2025-05-12,5,115,92,3,1505.94,0.0,0,0
2025-05-12,6,0,0,7,3881.58,0.0,0,0
2025-05-12,7,225,179,3,2704.04,0.0,0,0
2025-05-13,1,285,230,5,3172.33,0.0,0,0
2025-05-13,2,151,120,3,2219.87,0.0,0,0
2025-05-13,3,147,123,1,302.45,200.74,33090,364
2025-05-13,4,167,134,7,3789.34,0.0,0,0
2025-05-13,5,25,21,0,0.0,0.0,0,0
2025-05-13,6,0,0,13,9034.54,0.0,0,0
2025-05-13,7,118,96,2,903.65,0.0,0,0
2025-05-14,1,515,403,13,6992.2,0.0,0,0
2025-05-14,2,169,144,4,2961.69,0.0,0,0
2025-05-14,3,255,209,2,2172.95,210.29,34727,382
2025-05-14,4,75,61,2,954.67,0.0,0,0
2025-05-14,5,25,20,0,0.0,0.0,0,0
2025-05-14,6,0,0,8,4758.52,0.0,0,0
2025-05-14,7,141,118,2,710.85,0.0,0,0
2025-05-15,1,528,443,11,6229.47,0.0,0,0
2025-05-15,2,276,229,7,5072.26,0.0,0,0
2025-05-15,3,372,311,3,911.54,230.74,38090,419
2025-05-15,4,91,72,3,3056.77,0.0,0,0
2025-05-15,5,79,67,2,1547.22,0.0,0,0
2025-05-15,6,0,0,10,5591.23,0.0,0,0
2025-05-15,7,196,168,3,1373.64,0.0,0,0
2025-05-16,1,442,357,8,7034.72,0.0,0,0
2025-05-16,2,175,144,4,3004.3,0.0,0,0
2025-05-16,3,147,124,1,858.3,226.95,37454,412
2025-05-16,4,54,43,1,955.95,0.0,0,0
2025-05-16,5,84,70,2,1236.18,0.0,0,0
2025-05-16,6,0,0,6,4594.13,0.0,0,0
2025-05-16,7,130,102,2,1494.48,0.0,0,0
2025-05-17,1,692,565,15,9766.23,0.0,0,0
2025-05-17,2,269,218,7,7095.99,0.0,0,0
2025-05-17,3,326,255,3,1543.23,239.28,39545,435
2025-05-17,4,117,99,4,4440.4,0.0,0,0
2025-05-17,5,113,90,3,1695.49,0.0,0,0
2025-05-17,6,0,0,10,5195.01,0.0,0,0
2025-05-17,7,80,64,1,1736.28,0.0,0,0
2025-05-18,1,669,530,12,9132.64,0.0,0,0
2025-05-18,2,175,150,4,3678.79,0.0,0,0
2025-05-18,3,496,416,4,2658.93,248.74,41090,452
2025-05-18,4,98,80,3,2834.16,0.0,0,0
2025-05-18,5,81,67,2,1718.29,0.0,0,0
2025-05-18,6,0,0,12,9010.82,0.0,0,0
2025-05-18,7,21,17,0,0.0,0.0,0,0
2025-05-19,1,443,368,9,7968.41,0.0,0,0
2025-05-19,2,149,126,3,2276.18,0.0,0,0
2025-05-19,3,279,223,2,1544.84,190.03,31363,345
2025-05-19,4,55,46,1,276.68,0.0,0,0
2025-05-19,5,50,40,1,672.32,0.0,0,0
2025-05-19,6,0,0,15,9919.05,0.0,0,0
2025-05-19,7,75,64,1,316.98,0.0,0,0
2025-05-20,1,516,403,10,5264.98,0.0,0,0
2025-05-20,2,389,326,10,8998.09,0.0,0,0
2025-05-20,3,536,454,4,2855.9,221.76,36636,403
2025-05-20,4,75,63,2,1289.85,0.0,0,0
2025-05-20,5,55,42,1,346.55,0.0,0,0
2025-05-20,6,0,0,10,7759.12,0.0,0,0
2025-05-20,7,21,17,0,0.0,0.0,0,0
2025-05-21,1,508,399,11,5796.67,0.0,0,0
2025-05-21,2,256,216,6,3232.74,0.0,0,0
2025-05-21,3,137,116,1,545.3,168.46,27818,306
2025-05-21,4,97,79,3,1136.69,0.0,0,0
2025-05-21,5,74,62,2,2352.83,0.0,0,0
2025-05-21,6,0,0,9,5425.38,0.0,0,0
2025-05-21,7,21,16,0,0.0,0.0,0,0
2025-05-22,1,419,329,8,8099.46,0.0,0,0
2025-05-22,2,144,120,3,1711.59,0.0,0,0
2025-05-22,3,153,122,1,1724.94,311.53,51454,566
2025-05-22,4,122,103,4,4516.82,0.0,0,0
2025-05-22,5,99,78,3,2199.16,0.0,0,0
2025-05-22,6,0,0,8,7972.6,0.0,0,0
2025-05-22,7,132,104,2,2003.76,0.0,0,0
2025-05-23,1,376,296,7,6315.22,0.0,0,0
2025-05-23,2,246,201,6,5363.32,0.0,0,0
2025-05-23,3,17,13,0,0.0,202.13,33363,367
2025-05-23,4,74,60,2,1674.26,0.0,0,0
2025-05-23,5,26,21,0,0.0,0.0,0,0
2025-05-23,6,0,0,11,4556.3,0.0,0,0
2025-05-23,7,87,68,1,1203.8,0.0,0,0
2025-05-24,1,636,521,12,11847.0,0.0,0,0
2025-05-24,2,170,132,4,3177.01,0.0,0,0
2025-05-24,3,270,224,2,1530.83,219.66,36272,399
2025-05-24,4,81,66,2,2587.44,0.0,0,0
2025-05-24,5,111,90,3,1841.32,0.0,0,0
2025-05-24,6,0,0,4,2463.05,0.0,0,0
2025-05-24,7,131,109,2,1182.58,0.0,0,0
2025-05-25,1,590,500,12,9096.2,0.0,0,0
2025-05-25,2,283,237,7,6034.33,0.0,0,0
2025-05-25,3,406,317,3,1021.36,215.21,35545,391
2025-05-25,4,132,112,5,3548.33,0.0,0,0
2025-05-25,5,26,20,0,0.0,0.0,0,0
2025-05-25,6,0,0,9,9135.56,0.0,0,0
2025-05-25,7,137,108,2,2361.72,0.0,0,0
2025-05-26,1,476,375,9,5957.87,0.0,0,0
2025-05-26,2,303,254,8,2736.92,188.83,2357,99
2025-05-26,3,18,14,0,0.0,145.3,24000,264
2025-05-26,4,34,27,0,0.0,0.0,0,0
2025-05-26,5,55,45,1,760.5,0.0,0,0
2025-05-26,6,0,0,14,10984.74,0.0,0,0
2025-05-26,7,436,341,7,5662.22,0.0,0,0
2025-05-27,1,465,395,9,6231.01,0.0,0,0
2025-05-27,2,273,227,7,3586.74,158.67,1976,83
2025-05-27,3,253,201,2,922.56,245.98,40636,447
2025-05-27,4,105,86,3,2251.67,0.0,0,0
2025-05-27,5,55,44,1,300.77,0.0,0,0
2025-05-27,6,0,0,8,4505.77,0.0,0,0
2025-05-27,7,361,307,6,4879.54,0.0,0,0
2025-05-28,1,454,363,8,8647.24,0.0,0,0
2025-05-28,2,289,235,7,6092.79,184.68,2309,97
2025-05-28,3,18,14,0,0.0,249.54,41181,453
2025-05-28,4,74,60,2,597.26,0.0,0,0
2025-05-28,5,105,85,3,2220.66,0.0,0,0
2025-05-28,6,0,0,10,5415.09,0.0,0,0
2025-05-28,7,199,166,3,1892.71,0.0,0,0
2025-05-29,1,500,421,9,7949.91,0.0,0,0
2025-05-29,2,258,208,7,5489.51,147.98,1833,77
2025-05-29,3,281,229,2,1028.49,212.24,35000,385
2025-05-29,4,82,65,2,899.11,0.0,0,0
2025-05-29,5,83,70,2,1752.36,0.0,0,0
2025-05-29,6,0,0,6,4236.17,0.0,0,0
2025-05-29,7,71,55,1,701.58,0.0,0,0
2025-05-30,1,404,325,7,3817.11,0.0,0,0
2025-05-30,2,159,127,3,2896.23,125.17,1547,65
2025-05-30,3,136,116,1,357.64,212.45,35090,386
2025-05-30,4,71,57,2,827.61,0.0,0,0
2025-05-30,5,26,20,0,0.0,0.0,0,0
2025-05-30,6,0,0,6,3351.97,0.0,0,0
2025-05-30,7,145,119,2,939.25,0.0,0,0
2025-05-31,1,331,267,5,2345.44,0.0,0,0
2025-05-31,2,269,222,7,5020.85,157.5,1952,82
2025-05-31,3,434,351,3,1221.55,275.49,45454,500
2025-05-31,4,77,64,2,2086.96,0.0,0,0
2025-05-31,5,154,129,4,2835.87,0.0,0,0
2025-05-31,6,0,0,11,5771.84,0.0,0,0
2025-05-31,7,81,68,1,289.42,0.0,0,0
2025-06-01,1,406,319,7,4458.75,0.0,0,0
2025-06-01,2,190,161,4,2625.86,187.48,2333,98
2025-06-01,3,160,128,1,344.66,213.06,35181,387
2025-06-01,4,128,106,4,1594.84,0.0,0,0
2025-06-01,5,86,67,2,831.26,0.0,0,0
2025-06-01,6,0,0,8,7397.3,0.0,0,0
2025-06-01,7,71,57,1,657.12,0.0,0,0
2025-06-02,1,404,315,7,5795.62,0.0,0,0
2025-06-02,2,173,146,4,2712.65,159.64,1999,84
2025-06-02,3,136,112,1,335.35,233.39,38545,424
2025-06-02,4,56,47,1,289.47,0.0,0,0
2025-06-02,5,82,69,2,3552.52,0.0,0,0
2025-06-02,6,0,0,8,5800.93,0.0,0,0
2025-06-02,7,78,63,1,717.42,0.0,0,0
2025-06-03,1,501,404,9,7056.11,0.0,0,0
2025-06-03,2,158,124,3,2783.53,209.73,2619,110
2025-06-03,3,415,352,3,2187.17,215.25,35545,391
2025-06-03,4,102,82,3,2954.38,0.0,0,0
2025-06-03,5,79,64,2,1537.51,0.0,0,0
2025-06-03,6,0,0,12,8453.18,0.0,0,0
2025-06-03,7,137,109,2,1017.44,0.0,0,0
2025-06-04,1,560,449,11,6256.43,0.0,0,0
2025-06-04,2,235,200,6,4024.0,178.66,2238,94
2025-06-04,3,286,242,2,934.66,205.42,33909,373
2025-06-04,4,72,60,2,953.43,0.0,0,0
2025-06-04,5,88,69,2,1955.22,0.0,0,0
2025-06-04,6,0,0,5,1719.74,0.0,0,0
2025-06-04,7,127,108,2,855.4,0.0,0,0
2025-06-05,1,566,477,11,10738.42,0.0,0,0
2025-06-05,2,230,183,5,3338.02,137.11,1714,72
2025-06-05,3,133,104,1,1292.45,201.23,33181,365
2025-06-05,4,143,115,5,2955.59,0.0,0,0
2025-06-05,5,109,87,3,1485.51,0.0,0,0
2025-06-05,6,0,0,9,3763.21,0.0,0,0
2025-06-05,7,22,17,0,0.0,0.0,0,0
2025-06-06,1,416,356,9,5060.55,0.0,0,0
2025-06-06,2,263,216,7,4686.45,185.29,2309,97
2025-06-06,3,406,326,3,2684.07,267.72,44181,486
2025-06-06,4,73,58,2,1268.55,0.0,0,0
2025-06-06,5,83,70,2,1007.78,0.0,0,0
2025-06-06,6,0,0,8,3841.7,0.0,0,0
2025-06-06,7,192,153,3,2049.71,0.0,0,0
2025-06-07,1,578,452,12,8747.72,0.0,0,0
2025-06-07,2,257,205,6,2741.27,211.93,2642,111
2025-06-07,3,124,106,1,345.15,223.25,36818,405
2025-06-07,4,99,83,3,2209.4,0.0,0,0
2025-06-07,5,180,142,6,3884.88,0.0,0,0
2025-06-07,6,0,0,16,8518.18,0.0,0,0
2025-06-07,7,137,112,2,1284.95,0.0,0,0
2025-06-08,1,393,323,7,4301.5,0.0,0,0
2025-06-08,2,239,190,6,2835.61,149.56,1857,78
2025-06-08,3,293,245,2,1804.26,220.0,36272,399
2025-06-08,4,124,100,5,6127.36,0.0,0,0
2025-06-08,5,27,21,0,0.0,0.0,0,0
2025-06-08,6,0,0,8,7813.91,0.0,0,0
2025-06-08,7,22,17,0,0.0,0.0,0,0
2025-06-09,1,657,534,12,8198.4,0.0,0,0
2025-06-09,2,312,254,8,5812.39,160.6,1999,84
2025-06-09,3,18,14,0,0.0,188.61,31090,342
2025-06-09,4,99,78,3,1267.79,0.0,0,0
2025-06-09,5,134,110,4,3813.92,0.0,0,0
2025-06-09,6,0,0,8,6468.22,0.0,0,0
2025-06-09,7,80,66,1,285.95,0.0,0,0
2025-06-10,1,377,323,7,3917.54,0.0,0,0
2025-06-10,2,265,224,7,6067.29,148.72,1857,78
2025-06-10,3,143,113,1,592.94,219.46,36272,399
2025-06-10,4,56,47,1,346.21,0.0,0,0
2025-06-10,5,92,78,2,629.64,0.0,0,0
2025-06-10,6,0,0,9,6806.69,0.0,0,0
2025-06-10,7,200,157,3,1304.34,0.0,0,0
2025-06-11,1,588,496,12,8619.55,0.0,0,0
2025-06-11,2,293,235,8,6085.83,141.05,1761,74
2025-06-11,3,18,15,0,0.0,118.05,19454,214
2025-06-11,4,59,49,1,1581.45,0.0,0,0
2025-06-11,5,53,43,1,284.16,0.0,0,0
2025-06-11,6,0,0,12,9398.25,0.0,0,0
2025-06-11,7,71,58,1,541.92,0.0,0,0
2025-06-12,1,473,406,9,6381.19,0.0,0,0
2025-06-12,2,124,104,2,688.4,159.59,1976,83
2025-06-12,3,229,182,2,3112.16,281.53,46454,511
2025-06-12,4,120,102,4,3905.25,0.0,0,0
2025-06-12,5,81,69,2,2417.76,0.0,0,0
2025-06-12,6,0,0,5,3046.82,0.0,0,0
2025-06-12,7,131,111,2,1728.07,0.0,0,0
2025-06-13,1,531,441,10,6378.07,0.0,0,0
2025-06-13,2,234,200,5,1929.43,125.8,1571,66
2025-06-13,3,234,189,2,578.83,199.92,33000,363
2025-06-13,4,76,59,2,1012.91,0.0,0,0
2025-06-13,5,157,123,5,2238.84,0.0,0,0
2025-06-13,6,0,0,9,6011.83,0.0,0,0
2025-06-13,7,22,18,0,0.0,0.0,0,0
2025-06-14,1,275,227,4,4218.5,0.0,0,0
2025-06-14,2,112,94,2,553.22,189.1,2357,99
2025-06-14,3,142,111,1,281.68,234.64,38727,426
2025-06-14,4,57,48,1,349.36,0.0,0,0
2025-06-14,5,172,137,5,2913.68,0.0,0,0
2025-06-14,6,0,0,10,7464.57,0.0,0,0
2025-06-14,7,76,63,1,997.5,0.0,0,0
2025-06-15,1,472,399,10,7566.63,0.0,0,0
2025-06-15,2,273,215,7,4247.16,153.92,1928,81
2025-06-15,3,543,456,4,2157.94,206.42,34090,375
2025-06-15,4,142,119,4,2090.71,0.0,0,0
2025-06-15,5,75,60,2,2022.69,0.0,0,0
2025-06-15,6,0,0,6,2800.45,0.0,0,0
2025-06-15,7,185,157,3,1571.69,0.0,0,0
2025-06-16,1,440,376,8,4161.71,0.0,0,0
2025-06-16,2,165,132,3,1699.46,144.22,1785,75
2025-06-16,3,138,115,1,971.91,165.21,27272,300
2025-06-16,4,122,97,4,2339.11,0.0,0,0
2025-06-16,5,56,47,1,327.43,0.0,0,0
2025-06-16,6,0,0,10,7112.44,0.0,0,0
2025-06-16,7,22,18,0,0.0,0.0,0,0
2025-06-17,1,460,366,8,3558.71,0.0,0,0
2025-06-17,2,150,126,3,1306.15,214.9,2690,113
2025-06-17,3,264,218,2,2389.2,246.59,40727,448
2025-06-17,4,102,85,3,1605.08,0.0,0,0
2025-06-17,5,103,84,3,2964.97,0.0,0,0
2025-06-17,6,0,0,9,7368.3,0.0,0,0
2025-06-17,7,22,17,0,0.0,0.0,0,0
2025-06-18,1,373,307,7,5421.93,0.0,0,0
2025-06-18,2,144,119,3,1225.81,135.1,1690,71
2025-06-18,3,261,214,2,1858.32,257.29,42454,467
2025-06-18,4,140,119,5,3725.06,0.0,0,0
2025-06-18,5,82,69,2,915.8,0.0,0,0
2025-06-18,6,0,0,10,4629.61,0.0,0,0
2025-06-18,7,134,111,2,3610.52,0.0,0,0
2025-06-19,1,774,660,15,9232.67,0.0,0,0
2025-06-19,2,116,93,2,2037.12,188.15,2357,99
2025-06-19,3,18,14,0,0.0,160.28,26454,291
2025-06-19,4,84,69,2,1753.69,0.0,0,0
2025-06-19,5,114,92,3,1803.41,0.0,0,0
2025-06-19,6,0,0,11,6566.54,0.0,0,0
2025-06-19,7,22,17,0,0.0,0.0,0,0
2025-06-20,1,511,427,9,9050.1,0.0,0,0
2025-06-20,2,255,215,6,3813.94,176.57,2190,92
2025-06-20,3,18,14,0,0.0,198.54,32727,360
2025-06-20,4,179,141,7,6267.49,0.0,0,0
2025-06-20,5,27,22,0,0.0,0.0,0,0
2025-06-20,6,0,0,16,10640.92,0.0,0,0
2025-06-20,7,130,110,2,903.67,0.0,0,0
2025-06-21,1,478,399,11,9833.33,0.0,0,0
2025-06-21,2,217,177,5,2097.44,139.45,1738,73
2025-06-21,3,599,514,4,2848.98,212.87,35181,387
2025-06-21,4,71,60,2,803.14,0.0,0,0
2025-06-21,5,129,105,4,1502.06,0.0,0,0
2025-06-21,6,0,0,7,4726.79,0.0,0,0
2025-06-21,7,76,62,1,315.0,0.0,0,0
2025-06-22,1,189,159,2,1027.08,0.0,0,0
2025-06-22,2,199,165,5,3286.06,174.93,2190,92
2025-06-22,3,508,422,4,4115.07,210.97,34818,383
2025-06-22,4,73,61,2,1080.18,0.0,0,0
2025-06-22,5,81,64,2,1896.92,0.0,0,0
2025-06-22,6,0,0,5,2857.97,0.0,0,0
2025-06-22,7,239,201,4,3791.74,0.0,0,0
2025-06-23,1,222,184,3,1257.94,0.0,0,0
2025-06-23,2,200,161,5,2762.94,159.15,1976,83
2025-06-23,3,257,214,2,1908.46,315.39,52090,573
2025-06-23,4,139,117,5,2915.38,0.0,0,0
2025-06-23,5,83,70,2,995.82,0.0,0,0
2025-06-23,6,0,0,8,3958.92,0.0,0,0
2025-06-23,7,77,60,1,292.23,0.0,0,0
2025-06-24,1,713,579,14,13395.35,0.0,0,0
2025-06-24,2,112,90,2,863.27,197.69,2476,104
2025-06-24,3,420,329,3,1216.94,219.65,36272,399
2025-06-24,4,78,63,2,975.1,0.0,0,0
2025-06-24,5,88,72,2,2861.08,0.0,0,0
2025-06-24,6,0,0,8,4478.84,0.0,0,0
2025-06-24,7,251,214,4,3072.5,0.0,0,0
2025-06-25,1,631,497,11,6283.87,0.0,0,0
2025-06-25,2,118,97,2,1253.38,184.74,2309,97
2025-06-25,3,608,485,4,5536.8,196.3,32363,356
2025-06-25,4,58,49,1,658.52,0.0,0,0
2025-06-25,5,86,68,2,1475.83,0.0,0,0
2025-06-25,6,0,0,12,7023.63,0.0,0,0
2025-06-25,7,141,115,2,935.45,0.0,0,0
2025-06-26,1,618,487,13,11493.24,0.0,0,0
2025-06-26,2,118,101,2,1803.42,201.82,2523,106
2025-06-26,3,18,14,0,0.0,216.5,35727,393
2025-06-26,4,98,82,3,2625.1,0.0,0,0
2025-06-26,5,86,70,2,1063.52,0.0,0,0
2025-06-26,6,0,0,10,7397.13,0.0,0,0
2025-06-26,7,131,111,2,996.27,0.0,0,0
2025-06-27,1,379,303,7,6400.56,0.0,0,0
2025-06-27,2,123,98,2,1462.83,184.57,2309,97
2025-06-27,3,385,311,3,2155.85,156.09,25727,283
2025-06-27,4,102,83,3,2371.61,0.0,0,0
2025-06-27,5,57,47,1,1293.04,0.0,0,0
2025-06-27,6,0,0,9,4303.9,0.0,0,0
2025-06-27,7,76,64,1,943.53,0.0,0,0
2025-06-28,1,567,455,10,6536.33,0.0,0,0
2025-06-28,2,262,212,6,5627.74,188.9,2357,99
2025-06-28,3,226,189,2,1609.84,245.98,40636,447
2025-06-28,4,81,68,2,1807.12,0.0,0,0
2025-06-28,5,83,69,2,2870.2,0.0,0,0
2025-06-28,6,0,0,9,5633.43,0.0,0,0
2025-06-28,7,136,108,2,1004.34,0.0,0,0
2025-06-29,1,324,267,5,3183.89,0.0,0,0
2025-06-29,2,207,172,5,5088.08,197.01,2452,103
2025-06-29,3,19,15,0,0.0,251.95,41636,458
2025-06-29,4,92,73,3,942.49,0.0,0,0
2025-06-29,5,105,85,3,1221.83,0.0,0,0
2025-06-29,6,0,0,11,8628.62,0.0,0,0
2025-06-29,7,140,117,2,652.94,0.0,0,0
2025-06-30,1,343,290,6,8275.55,0.0,0,0
2025-06-30,2,321,268,9,5418.26,155.0,1928,81
2025-06-30,3,19,15,0,0.0,198.54,32727,360
2025-06-30,4,152,125,5,3133.37,0.0,0,0
2025-06-30,5,152,123,4,2829.69,0.0,0,0
2025-06-30,6,0,0,5,2265.98,0.0,0,0
2025-06-30,7,22,17,0,0.0,0.0,0,0
2025-07-01,1,466,370,8,8270.19,0.0,0,0
2025-07-01,2,194,153,4,2961.76,208.75,2595,109
2025-07-01,3,698,568,5,3545.47,258.41,42636,469
2025-07-01,4,156,125,6,3679.62,0.0,0,0
2025-07-01,5,122,95,4,3906.9,0.0,0,0
2025-07-01,6,0,0,13,5488.86,0.0,0,0
2025-07-01,7,74,62,1,960.96,0.0,0,0
2025-07-02,1,497,389,9,8158.91,0.0,0,0
2025-07-02,2,322,265,9,4540.88,158.41,1976,83
2025-07-02,3,249,200,2,2400.3,281.05,46454,511
2025-07-02,4,36,30,0,0.0,0.0,0,0
2025-07-02,5,86,72,2,833.39,0.0,0,0
2025-07-02,6,0,0,8,6315.88,0.0,0,0
2025-07-02,7,77,64,1,308.39,0.0,0,0
2025-07-03,1,229,195,3,1643.42,0.0,0,0
2025-07-03,2,187,156,5,2700.75,175.19,2190,92
2025-07-03,3,19,15,0,0.0,203.17,33545,369
2025-07-03,4,156,123,6,5258.06,0.0,0,0
2025-07-03,5,87,68,2,639.74,0.0,0,0
2025-07-03,6,0,0,13,6093.93,0.0,0,0
2025-07-03,7,128,106,2,971.42,0.0,0,0
2025-07-04,1,503,417,9,7222.72,0.0,0,0
2025-07-04,2,179,146,4,2433.22,164.35,2047,86
2025-07-04,3,422,340,3,2381.46,187.92,31000,341
2025-07-04,4,120,95,4,2553.03,0.0,0,0
2025-07-04,5,124,99,3,1837.54,0.0,0,0
2025-07-04,6,0,0,4,2377.87,0.0,0,0
2025-07-04,7,22,17,0,0.0,0.0,0,0
2025-07-05,1,305,245,5,2265.22,0.0,0,0
2025-07-05,2,267,213,6,3970.7,189.98,2357,99
2025-07-05,3,264,218,2,557.73,272.71,45000,495
2025-07-05,4,75,60,2,1008.52,0.0,0,0
2025-07-05,5,58,45,1,331.67,0.0,0,0
2025-07-05,6,0,0,10,5449.02,0.0,0,0
2025-07-05,7,22,18,0,0.0,0.0,0,0
2025-07-06,1,519,424,9,8104.43,0.0,0,0
2025-07-06,2,172,135,4,2440.49,182.58,2285,96
2025-07-06,3,139,113,1,1178.12,254.24,42000,462
2025-07-06,4,56,45,1,980.82,0.0,0,0
2025-07-06,5,56,47,1,538.56,0.0,0,0
2025-07-06,6,0,0,12,9140.72,0.0,0,0
2025-07-06,7,188,148,3,3530.92,0.0,0,0
2025-07-07,1,415,347,7,2960.13,0.0,0,0
2025-07-07,2,290,248,7,3748.21,199.79,2500,105
2025-07-07,3,19,15,0,0.0,233.1,38454,423
2025-07-07,4,119,98,4,2256.05,0.0,0,0
2025-07-07,5,58,49,1,336.27,0.0,0,0
2025-07-07,6,0,0,11,9074.5,0.0,0,0
2025-07-07,7,72,61,1,657.76,0.0,0,0
2025-07-08,1,430,337,8,6730.07,0.0,0,0
2025-07-08,2,212,181,5,5238.25,183.4,2285,96
2025-07-08,3,156,124,1,959.25,234.25,38636,425
2025-07-08,4,93,75,3,1290.17,0.0,0,0
2025-07-08,5,56,46,1,957.63,0.0,0,0
2025-07-08,6,0,0,6,3225.35,0.0,0,0
2025-07-08,7,23,19,0,0.0,0.0,0,0
2025-07-09,1,336,272,6,5744.92,0.0,0,0
2025-07-09,2,218,181,5,4196.36,221.04,2761,116
2025-07-09,3,228,185,2,618.23,155.48,25636,282
2025-07-09,4,56,47,1,1284.68,0.0,0,0
2025-07-09,5,81,66,2,1625.31,0.0,0,0
2025-07-09,6,0,0,12,7731.31,0.0,0,0
2025-07-09,7,86,73,1,599.34,0.0,0,0
2025-07-10,1,531,428,10,6876.49,0.0,0,0
2025-07-10,2,146,121,3,2555.15,157.08,1952,82
2025-07-10,3,249,209,2,1993.26,186.77,30818,339
2025-07-10,4,120,97,4,3694.54,0.0,0,0
2025-07-10,5,110,86,3,1935.74,0.0,0,0
2025-07-10,6,0,0,12,7263.01,0.0,0,0
2025-07-10,7,124,100,2,984.56,0.0,0,0
2025-07-11,1,430,345,7,6194.08,0.0,0,0
2025-07-11,2,330,271,8,4990.5,151.4,1880,79
2025-07-11,3,292,244,2,560.36,254.21,42000,462
2025-07-11,4,76,63,2,1422.79,0.0,0,0
2025-07-11,5,195,165,7,5108.89,0.0,0,0
2025-07-11,6,0,0,11,6907.24,0.0,0,0
2025-07-11,7,76,62,1,579.38,0.0,0,0
2025-07-12,1,274,220,4,2660.76,0.0,0,0
2025-07-12,2,250,199,6,5110.69,147.73,1833,77
2025-07-12,3,520,414,4,3499.97,242.67,40090,441
2025-07-12,4,77,65,2,572.01,0.0,0,0
2025-07-12,5,28,23,0,0.0,0.0,0,0
2025-07-12,6,0,0,11,6413.98,0.0,0,0
2025-07-12,7,188,157,3,3121.38,0.0,0,0
2025-07-13,1,555,440,10,7861.16,0.0,0,0
2025-07-13,2,154,123,3,1738.94,149.73,1857,78
2025-07-13,3,143,114,1,342.69,219.55,36272,399
2025-07-13,4,75,59,2,922.8,0.0,0,0
2025-07-13,5,55,47,1,957.6,0.0,0,0
2025-07-13,6,0,0,8,6567.64,0.0,0,0
2025-07-13,7,80,64,1,545.1,0.0,0,0
2025-07-14,1,547,466,11,8295.49,0.0,0,0
2025-07-14,2,151,129,3,915.05,196.66,2452,103
2025-07-14,3,292,234,2,1782.68,237.01,39090,430
2025-07-14,4,58,49,1,546.7,0.0,0,0
2025-07-14,5,119,97,3,3400.05,0.0,0,0
2025-07-14,6,0,0,9,5486.7,0.0,0,0
2025-07-14,7,79,65,1,1067.52,0.0,0,0
2025-07-15,1,218,173,3,1610.41,0.0,0,0
2025-07-15,2,157,122,3,2695.46,193.05,2404,101
2025-07-15,3,266,226,2,1163.8,193.92,32000,352
2025-07-15,4,77,62,2,2047.85,0.0,0,0
2025-07-15,5,101,79,3,3003.45,0.0,0,0
2025-07-15,6,0,0,4,1540.82,0.0,0,0
2025-07-15,7,134,113,2,1752.48,0.0,0,0
2025-07-16,1,339,273,6,2645.06,0.0,0,0
2025-07-16,2,150,122,3,3103.34,166.18,2071,87
2025-07-16,3,125,99,1,310.95,217.17,35818,394
2025-07-16,4,76,61,2,649.92,0.0,0,0
2025-07-16,5,28,23,0,0.0,0.0,0,0
2025-07-16,6,0,0,8,5211.74,0.0,0,0
2025-07-16,7,79,64,1,351.64,0.0,0,0
2025-07-17,1,190,160,2,1012.79,0.0,0,0
2025-07-17,2,192,153,4,2211.17,220.26,2738,115
2025-07-17,3,19,15,0,0.0,176.27,29090,320
2025-07-17,4,75,60,2,1513.31,0.0,0,0
2025-07-17,5,83,65,2,1343.08,0.0,0,0
2025-07-17,6,0,0,7,5128.69,0.0,0,0
2025-07-17,7,132,103,2,832.01,0.0,0,0
2025-07-18,1,428,365,9,5907.19,0.0,0,0
2025-07-18,2,166,133,4,3043.17,167.3,2095,88
2025-07-18,3,413,334,3,2837.47,191.86,31636,348
2025-07-18,4,113,96,4,3251.22,0.0,0,0
2025-07-18,5,57,44,1,1901.34,0.0,0,0
2025-07-18,6,0,0,5,3805.01,0.0,0,0
2025-07-18,7,23,18,0,0.0,0.0,0,0
2025-07-19,1,369,313,6,2948.56,0.0,0,0
2025-07-19,2,260,220,7,3187.92,176.13,2190,92
2025-07-19,3,415,326,3,3346.15,139.67,23000,253
2025-07-19,4,81,67,2,2303.94,0.0,0,0
2025-07-19,5,82,64,2,2377.02,0.0,0,0
2025-07-19,6,0,0,7,5311.28,0.0,0,0
2025-07-19,7,194,164,3,4141.71,0.0,0,0
2025-07-20,1,483,381,8,9011.85,0.0,0,0
2025-07-20,2,222,178,5,3659.51,171.92,2142,90
2025-07-20,3,19,15,0,0.0,264.63,43727,481
2025-07-20,4,79,63,2,1344.73,0.0,0,0
2025-07-20,5,135,108,4,2336.71,0.0,0,0
2025-07-20,6,0,0,7,7459.52,0.0,0,0
2025-07-20,7,23,19,0,0.0,0.0,0,0
2025-07-21,1,393,333,7,4535.44,0.0,0,0
2025-07-21,2,238,199,6,5744.59,199.45,2476,104
2025-07-21,3,268,228,2,1716.41,203.02,33545,369
2025-07-21,4,59,48,1,675.52,0.0,0,0
2025-07-21,5,28,22,0,0.0,0.0,0,0
2025-07-21,6,0,0,11,7827.57,0.0,0,0
2025-07-21,7,78,63,1,310.13,0.0,0,0
2025-07-22,1,481,382,10,5173.19,0.0,0,0
2025-07-22,2,154,128,3,1555.35,148.83,1857,78
2025-07-22,3,255,213,2,1529.17,201.42,33272,366
2025-07-22,4,81,63,2,1114.94,0.0,0,0
2025-07-22,5,85,68,2,1208.8,0.0,0,0
2025-07-22,6,0,0,10,4464.09,0.0,0,0
2025-07-22,7,149,117,2,952.79,0.0,0,0
2025-07-23,1,328,257,5,4515.06,0.0,0,0
2025-07-23,2,86,72,1,933.3,147.1,1833,77
2025-07-23,3,292,235,2,1422.92,237.69,39272,432
2025-07-23,4,127,108,4,4074.97,0.0,0,0
2025-07-23,5,55,44,1,287.31,0.0,0,0
2025-07-23,6,0,0,11,10271.28,0.0,0,0
2025-07-23,7,23,19,0,0.0,0.0,0,0
2025-07-24,1,389,323,6,3983.86,0.0,0,0
2025-07-24,2,199,165,4,3132.49,134.31,1666,70
2025-07-24,3,19,15,0,0.0,275.68,45545,501
2025-07-24,4,58,49,1,868.41,0.0,0,0
2025-07-24,5,89,74,2,1613.65,0.0,0,0
2025-07-24,6,0,0,8,8161.29,0.0,0,0
2025-07-24,7,208,170,3,2679.9,0.0,0,0
2025-07-25,1,151,123,1,2645.84,0.0,0,0
2025-07-25,2,279,221,7,7258.7,170.5,2119,89
2025-07-25,3,132,109,1,585.56,229.35,37818,416
2025-07-25,4,58,48,1,1017.45,0.0,0,0
2025-07-25,5,54,45,1,360.54,0.0,0,0
2025-07-25,6,0,0,12,8512.23,0.0,0,0
2025-07-25,7,129,103,2,855.76,0.0,0,0
2025-07-26,1,401,320,8,4101.51,0.0,0,0
2025-07-26,2,204,167,5,1792.04,121.67,1523,64
2025-07-26,3,19,14,0,0.0,262.91,43454,478
2025-07-26,4,124,98,4,4668.0,0.0,0,0
2025-07-26,5,142,120,4,2902.66,0.0,0,0
2025-07-26,6,0,0,5,4295.86,0.0,0,0
2025-07-26,7,84,67,1,301.66,0.0,0,0
2025-07-27,1,431,358,9,5869.93,0.0,0,0
2025-07-27,2,151,124,3,1265.3,217.6,2714,114
2025-07-27,3,265,223,2,628.9,192.16,31727,349
2025-07-27,4,165,138,6,2180.2,0.0,0,0
2025-07-27,5,57,47,1,680.08,0.0,0,0
2025-07-27,6,0,0,6,7281.86,0.0,0,0
2025-07-27,7,23,18,0,0.0,0.0,0,0
2025-07-28,1,313,256,5,4979.45,0.0,0,0
2025-07-28,2,266,228,6,4611.59,138.38,1714,72
2025-07-28,3,140,112,1,346.9,257.5,42545,468
2025-07-28,4,122,97,4,3097.16,0.0,0,0
2025-07-28,5,115,93,3,2405.98,0.0,0,0
2025-07-28,6,0,0,7,4151.09,0.0,0,0
2025-07-28,7,23,19,0,0.0,0.0,0,0
2025-07-29,1,366,302,7,7261.6,0.0,0,0
2025-07-29,2,306,250,9,6428.86,152.23,1904,80
2025-07-29,3,19,15,0,0.0,213.32,35181,387
2025-07-29,4,77,64,2,1326.18,0.0,0,0
2025-07-29,5,83,65,2,984.14,0.0,0,0
2025-07-29,6,0,0,5,4983.34,0.0,0,0
2025-07-29,7,150,124,2,1471.87,0.0,0,0
2025-07-30,1,393,308,8,5704.23,0.0,0,0
2025-07-30,2,160,134,3,3761.41,169.61,2119,89
2025-07-30,3,262,214,2,1772.06,237.79,39272,432
2025-07-30,4,102,80,3,1475.52,0.0,0,0
2025-07-30,5,28,21,0,0.0,0.0,0,0
2025-07-30,6,0,0,7,3373.4,0.0,0,0
2025-07-30,7,80,63,1,1614.6,0.0,0,0
2025-07-31,1,217,178,3,2560.88,0.0,0,0
2025-07-31,2,210,171,4,3709.96,140.56,1738,73
2025-07-31,3,19,15,0,0.0,251.36,41545,457
2025-07-31,4,151,118,5,2462.44,0.0,0,0
2025-07-31,5,138,114,4,3689.95,0.0,0,0
2025-07-31,6,0,0,9,7031.98,0.0,0,0
2025-07-31,7,266,226,4,2957.84,0.0,0,0
2025-08-01,1,396,308,7,2948.21,0.0,0,0
2025-08-01,2,152,126,3,1499.12,204.82,2547,107
2025-08-01,3,141,120,1,291.14,197.96,32636,359
2025-08-01,4,118,101,4,5462.64,0.0,0,0
2025-08-01,5,55,43,1,299.73,0.0,0,0
2025-08-01,6,0,0,8,4546.52,0.0,0,0
2025-08-01,7,83,67,1,326.81,0.0,0,0
2025-08-02,1,389,309,6,3471.85,0.0,0,0
2025-08-02,2,163,138,3,2649.56,186.6,2333,98
2025-08-02,3,257,202,2,533.79,206.58,34090,375
2025-08-02,4,130,103,4,1912.94,0.0,0,0
2025-08-02,5,97,82,3,2753.77,0.0,0,0
2025-08-02,6,0,0,8,5189.31,0.0,0,0
2025-08-02,7,23,18,0,0.0,0.0,0,0
2025-08-03,1,333,261,6,4763.55,0.0,0,0
2025-08-03,2,268,217,7,4968.88,192.3,2404,101
2025-08-03,3,19,14,0,0.0,184.93,30545,336
2025-08-03,4,100,80,3,3708.08,0.0,0,0
2025-08-03,5,115,97,3,1699.04,0.0,0,0
2025-08-03,6,0,0,7,4674.03,0.0,0,0
2025-08-03,7,73,62,1,288.32,0.0,0,0
2025-08-04,1,501,421,10,7516.57,0.0,0,0
2025-08-04,2,143,114,3,1281.81,162.77,2023,85
2025-08-04,3,19,15,0,0.0,182.29,30090,331
2025-08-04,4,223,185,8,4645.93,0.0,0,0
2025-08-04,5,28,23,0,0.0,0.0,0,0
2025-08-04,6,0,0,9,5732.24,0.0,0,0
2025-08-04,7,23,19,0,0.0,0.0,0,0
2025-08-05,1,331,276,5,4889.4,0.0,0,0
2025-08-05,2,215,175,5,2714.22,135.98,1690,71
2025-08-05,3,19,15,0,0.0,191.29,31545,347
2025-08-05,4,94,79,3,1760.52,0.0,0,0
2025-08-05,5,79,63,2,1215.42,0.0,0,0
2025-08-05,6,0,0,7,5022.83,0.0,0,0
2025-08-05,7,128,105,2,1595.51,0.0,0,0
2025-08-06,1,369,302,6,5826.99,0.0,0,0
2025-08-06,2,283,236,7,5805.13,185.7,2309,97
2025-08-06,3,150,118,1,319.11,194.51,32090,353
2025-08-06,4,79,65,2,1226.22,0.0,0,0
2025-08-06,5,58,45,1,649.52,0.0,0,0
2025-08-06,6,0,0,4,2562.0,0.0,0,0
2025-08-06,7,71,58,1,279.82,0.0,0,0
2025-08-07,1,322,266,5,7514.6,0.0,0,0
2025-08-07,2,204,160,5,4052.49,160.83,1999,84
2025-08-07,3,19,15,0,0.0,211.14,34818,383
2025-08-07,4,121,101,4,2261.79,0.0,0,0
2025-08-07,5,83,70,2,1451.16,0.0,0,0
2025-08-07,6,0,0,13,9246.99,0.0,0,0
2025-08-07,7,129,101,2,1857.75,0.0,0,0
2025-08-08,1,321,267,6,4136.76,0.0,0,0
2025-08-08,2,86,69,1,2576.88,188.36,2357,99
2025-08-08,3,254,205,2,642.58,251.44,41545,457
2025-08-08,4,123,97,4,4431.04,0.0,0,0
2025-08-08,5,54,42,1,848.07,0.0,0,0
2025-08-08,6,0,0,10,5366.58,0.0,0,0
2025-08-08,7,74,59,1,316.7,0.0,0,0
2025-08-09,1,368,300,6,3072.85,0.0,0,0
2025-08-09,2,88,73,1,389.43,200.38,2500,105
2025-08-09,3,19,16,0,0.0,158.3,26090,287
2025-08-09,4,141,110,5,4605.63,0.0,0,0
2025-08-09,5,58,49,1,291.42,0.0,0,0
2025-08-09,6,0,0,10,6106.84,0.0,0,0
2025-08-09,7,79,62,1,1027.32,0.0,0,0
2025-08-10,1,554,474,10,8722.63,0.0,0,0
2025-08-10,2,241,202,5,1501.17,176.65,2190,92
2025-08-10,3,154,125,1,285.84,213.0,35181,387
2025-08-10,4,37,30,0,0.0,0.0,0,0
2025-08-10,5,115,95,3,1697.7,0.0,0,0
2025-08-10,6,0,0,3,2982.69,0.0,0,0
2025-08-10,7,69,55,1,333.91,0.0,0,0
2025-08-11,1,315,255,5,4752.26,0.0,0,0
2025-08-11,2,86,67,1,280.82,0.0,0,0
2025-08-11,3,19,16,0,0.0,255.45,42181,464
2025-08-11,4,78,63,2,1054.21,0.0,0,0
2025-08-11,5,85,66,2,1613.87,0.0,0,0
2025-08-11,6,0,0,4,4620.02,0.0,0,0
2025-08-11,7,136,111,2,1971.43,0.0,0,0
2025-08-12,1,460,360,8,5966.34,0.0,0,0
2025-08-12,2,88,73,1,649.92,0.0,0,0
2025-08-12,3,139,110,1,639.92,192.45,31727,349
2025-08-12,4,55,43,1,561.66,0.0,0,0
2025-08-12,5,53,45,1,658.48,0.0,0,0
2025-08-12,6,0,0,6,4500.3,0.0,0,0
2025-08-12,7,83,66,1,359.3,0.0,0,0
2025-08-13,1,349,283,6,5571.23,0.0,0,0
2025-08-13,2,121,96,2,571.3,0.0,0,0
2025-08-13,3,260,218,2,597.72,256.95,42454,467
2025-08-13,4,56,46,1,318.97,0.0,0,0
2025-08-13,5,61,51,1,270.0,0.0,0,0
2025-08-13,6,0,0,10,7776.81,0.0,0,0
2025-08-13,7,138,110,2,1488.74,0.0,0,0
2025-08-14,1,571,451,10,5924.25,0.0,0,0
2025-08-14,2,366,287,10,6281.28,0.0,0,0
2025-08-14,3,19,15,0,0.0,255.51,42181,464
2025-08-14,4,114,94,4,1843.51,0.0,0,0
2025-08-14,5,84,71,2,601.05,0.0,0,0
2025-08-14,6,0,0,11,7996.85,0.0,0,0
2025-08-14,7,175,144,3,1691.53,0.0,0,0
2025-08-15,1,393,317,7,6555.62,0.0,0,0
2025-08-15,2,167,130,4,4024.98,0.0,0,0
2025-08-15,3,126,107,1,308.3,190.13,31363,345
2025-08-15,4,98,76,3,3662.89,0.0,0,0
2025-08-15,5,87,72,2,1601.37,0.0,0,0
2025-08-15,6,0,0,5,1499.6,0.0,0,0
2025-08-15,7,80,65,1,276.27,0.0,0,0
2025-08-16,1,438,345,8,6082.88,0.0,0,0
2025-08-16,2,293,245,7,5591.46,0.0,0,0
2025-08-16,3,264,211,2,1518.52,173.52,28636,315
2025-08-16,4,55,45,1,1907.76,0.0,0,0
2025-08-16,5,82,66,2,635.16,0.0,0,0
2025-08-16,6,0,0,9,7387.01,0.0,0,0
2025-08-16,7,23,18,0,0.0,0.0,0,0
2025-08-17,1,396,338,7,4878.74,0.0,0,0
2025-08-17,2,89,73,1,684.34,0.0,0,0
2025-08-17,3,19,16,0,0.0,261.53,43181,475
2025-08-17,4,36,28,0,0.0,0.0,0,0
2025-08-17,5,55,46,1,313.44,0.0,0,0
2025-08-17,6,0,0,8,4124.32,0.0,0,0
2025-08-17,7,77,61,1,695.42,0.0,0,0
2025-08-18,1,344,269,6,2887.54,0.0,0,0
2025-08-18,2,257,218,7,2916.67,0.0,0,0
2025-08-18,3,142,113,1,284.6,0.0,0,0
2025-08-18,4,36,28,0,0.0,0.0,1145,275
2025-08-18,5,59,46,1,622.42,0.0,0,0
2025-08-18,6,0,0,6,3468.71,0.0,0,0
2025-08-18,7,70,55,1,1045.14,0.0,0,0
2025-08-19,1,511,426,9,5112.11,0.0,0,0
2025-08-19,2,138,110,3,1808.19,0.0,0,0
2025-08-19,3,19,16,0,0.0,0.0,0,0
2025-08-19,4,101,82,3,1682.82,0.0,1229,295
2025-08-19,5,89,75,2,1332.72,0.0,0,0
2025-08-19,6,0,0,9,4810.34,0.0,0,0
2025-08-19,7,87,70,1,312.97,0.0,0,0
2025-08-20,1,476,376,8,4359.79,0.0,0,0
2025-08-20,2,126,104,2,1799.94,0.0,0,0
2025-08-20,3,19,15,0,0.0,0.0,0,0
2025-08-20,4,69,56,2,847.44,0.0,945,227
2025-08-20,5,56,46,1,627.7,0.0,0,0
2025-08-20,6,0,0,8,4417.73,0.0,0,0
2025-08-20,7,23,18,0,0.0,0.0,0,0
2025-08-21,1,498,403,8,6815.34,0.0,0,0
2025-08-21,2,84,65,1,1471.84,0.0,0,0
2025-08-21,3,19,15,0,0.0,0.0,0,0
2025-08-21,4,131,108,4,1517.47,0.0,1358,326
2025-08-21,5,28,23,0,0.0,0.0,0,0
2025-08-21,6,0,0,9,7057.21,0.0,0,0
2025-08-21,7,82,64,1,466.72,0.0,0,0
2025-08-22,1,396,328,7,4036.46,0.0,0,0
2025-08-22,2,183,151,4,4046.76,0.0,0,0
2025-08-22,3,128,100,1,283.94,0.0,0,0
2025-08-22,4,76,59,2,886.7,0.0,1500,360
2025-08-22,5,170,141,5,2890.05,0.0,0,0
2025-08-22,6,0,0,5,2883.36,0.0,0,0
2025-08-22,7,151,121,2,941.43,0.0,0,0
2025-08-23,1,319,262,5,4601.55,0.0,0,0
2025-08-23,2,267,221,6,5431.41,0.0,0,0
2025-08-23,3,133,110,1,692.42,0.0,0,0
2025-08-23,4,101,86,3,2852.73,0.0,1308,314
2025-08-23,5,57,48,1,309.66,0.0,0,0
2025-08-23,6,0,0,9,5012.32,0.0,0,0
2025-08-23,7,80,63,1,294.53,0.0,0,0
2025-08-24,1,289,246,4,2250.78,0.0,0,0
2025-08-24,2,112,95,2,2569.36,0.0,0,0
2025-08-24,3,385,329,3,1968.72,0.0,0,0
2025-08-24,4,77,60,2,992.18,0.0,1233,296
2025-08-24,5,55,43,1,263.75,0.0,0,0
2025-08-24,6,0,0,6,3655.32,0.0,0,0
2025-08-24,7,75,64,1,915.66,0.0,0,0
2025-08-25,1,521,416,9,6845.43,0.0,0,0
2025-08-25,2,137,116,3,3347.5,0.0,0,0
2025-08-25,3,271,222,2,1367.79,0.0,0,0
2025-08-25,4,99,78,3,2089.49,0.0,1400,336
2025-08-25,5,84,70,2,1055.44,0.0,0,0
2025-08-25,6,0,0,9,3938.16,0.0,0,0
2025-08-25,7,85,69,1,304.2,0.0,0,0
2025-08-26,1,412,345,7,5118.47,0.0,0,0
2025-08-26,2,188,152,4,3873.58,0.0,0,0
2025-08-26,3,133,114,1,602.46,0.0,0,0
2025-08-26,4,149,118,5,3048.12,0.0,1154,277
2025-08-26,5,117,92,3,936.96,0.0,0,0
2025-08-26,6,0,0,6,2833.95,0.0,0,0
2025-08-26,7,79,66,1,329.85,0.0,0,0
2025-08-27,1,630,500,12,7600.34,0.0,0,0
2025-08-27,2,119,99,2,1622.6,0.0,0,0
2025-08-27,3,252,203,2,2131.61,0.0,0,0
2025-08-27,4,36,28,0,0.0,0.0,1491,358
2025-08-27,5,178,143,5,1748.89,0.0,0,0
2025-08-27,6,0,0,6,3458.25,0.0,0,0
2025-08-27,7,79,64,1,335.26,0.0,0,0
2025-08-28,1,178,144,2,1009.67,0.0,0,0
2025-08-28,2,205,165,5,2796.24,0.0,0,0
2025-08-28,3,161,128,1,834.33,0.0,0,0
2025-08-28,4,99,81,3,3270.11,0.0,1270,305
2025-08-28,5,28,22,0,0.0,0.0,0,0
2025-08-28,6,0,0,12,5561.86,0.0,0,0
2025-08-28,7,74,61,1,1431.92,0.0,0,0
2025-08-29,1,391,327,7,4212.39,0.0,0,0
2025-08-29,2,135,115,3,1120.57,0.0,0,0
2025-08-29,3,149,123,1,696.94,0.0,0,0
2025-08-29,4,58,48,1,242.87,0.0,1279,307
2025-08-29,5,80,65,2,1468.01,0.0,0,0
2025-08-29,6,0,0,8,3004.93,0.0,0,0
2025-08-29,7,193,157,3,1272.28,0.0,0,0
2025-08-30,1,571,456,12,11722.8,0.0,0,0
2025-08-30,2,262,207,6,4648.01,0.0,0,0
2025-08-30,3,303,240,2,902.86,0.0,0,0
2025-08-30,4,102,86,3,1096.7,0.0,1454,349
2025-08-30,5,122,104,4,3084.4,0.0,0,0
2025-08-30,6,0,0,8,4551.69,0.0,0,0
2025-08-30,7,200,159,3,2065.38,0.0,0,0
2025-08-31,1,337,284,7,3577.79,0.0,0,0
2025-08-31,2,148,121,3,1672.14,0.0,0,0
2025-08-31,3,19,16,0,0.0,0.0,0,0
2025-08-31,4,83,67,2,863.18,0.0,1454,349
2025-08-31,5,86,68,2,985.6,0.0,0,0
2025-08-31,6,0,0,8,5497.79,0.0,0,0
2025-08-31,7,22,17,0,0.0,0.0,0,0
2025-09-01,1,403,314,7,4478.9,0.0,0,0
2025-09-01,2,184,146,4,1734.5,0.0,0,0
2025-09-01,3,18,14,0,0.0,0.0,0,0
2025-09-01,4,155,126,5,2672.98,0.0,0,0
2025-09-01,5,108,90,3,1924.92,0.0,0,0
2025-09-01,6,0,0,8,6577.61,0.0,0,0
2025-09-01,7,79,67,1,567.4,0.0,0,0
2025-09-02,1,256,219,4,3076.42,0.0,0,0
2025-09-02,2,144,115,3,1481.01,0.0,0,0
2025-09-02,3,155,127,1,284.06,0.0,0,0
2025-09-02,4,56,45,1,915.84,0.0,0,0
2025-09-02,5,88,73,2,2107.23,0.0,0,0
2025-09-02,6,0,0,14,10476.93,0.0,0,0
2025-09-02,7,173,137,3,2308.3,0.0,0,0
2025-09-03,1,459,383,7,4920.39,0.0,0,0
2025-09-03,2,111,91,2,1116.32,0.0,0,0
2025-09-03,3,289,246,2,833.91,0.0,0,0
2025-09-03,4,119,102,4,1718.26,0.0,0,0
2025-09-03,5,103,83,3,899.2,0.0,0,0
2025-09-03,6,0,0,7,4622.63,0.0,0,0
2025-09-03,7,167,136,3,3294.48,0.0,0,0
2025-09-04,1,485,382,9,5937.54,0.0,0,0
2025-09-04,2,189,151,4,2027.9,0.0,0,0
2025-09-04,3,251,215,2,2044.4,0.0,0,0
2025-09-04,4,148,118,5,2311.6,0.0,0,0
2025-09-04,5,57,46,1,309.58,0.0,0,0
2025-09-04,6,0,0,11,7101.07,0.0,0,0
2025-09-04,7,167,131,3,1904.97,0.0,0,0
2025-09-05,1,521,438,10,5875.34,0.0,0,0
2025-09-05,2,153,120,3,1884.26,0.0,0,0
2025-09-05,3,18,15,0,0.0,0.0,0,0
2025-09-05,4,36,29,0,0.0,0.0,0,0
2025-09-05,5,122,95,3,1925.19,0.0,0,0
2025-09-05,6,0,0,9,5571.15,0.0,0,0
2025-09-05,7,144,119,2,1879.02,0.0,0,0
2025-09-06,1,401,313,7,4561.86,0.0,0,0
2025-09-06,2,153,121,3,2662.23,0.0,0,0
2025-09-06,3,135,107,1,1142.6,0.0,0,0
2025-09-06,4,94,79,3,2161.61,0.0,0,0
2025-09-06,5,27,22,0,0.0,0.0,0,0
2025-09-06,6,0,0,12,8827.0,0.0,0,0
2025-09-06,7,221,188,4,2891.8,0.0,0,0
2025-09-07,1,463,395,9,5398.75,0.0,0,0
2025-09-07,2,178,151,4,2468.83,0.0,0,0
2025-09-07,3,140,115,1,494.68,0.0,0,0
2025-09-07,4,58,48,1,270.56,0.0,0,0
2025-09-07,5,56,43,1,480.14,0.0,0,0
2025-09-07,6,0,0,7,3288.19,0.0,0,0
2025-09-07,7,77,62,1,877.53,0.0,0,0
2025-09-08,1,379,304,7,3039.75,0.0,0,0
2025-09-08,2,275,228,7,4041.54,233.48,2904,122
2025-09-08,3,278,229,2,499.2,0.0,0,0
2025-09-08,4,85,72,2,901.8,0.0,0,0
2025-09-08,5,143,113,4,1247.84,0.0,0,0
2025-09-08,6,0,0,8,5518.11,0.0,0,0
2025-09-08,7,79,67,1,651.2,0.0,0,0
2025-09-09,1,367,300,6,4989.75,0.0,0,0
2025-09-09,2,160,137,3,2025.84,384.06,4809,202
2025-09-09,3,147,117,1,184.34,0.0,0,0
2025-09-09,4,95,81,3,3418.44,0.0,0,0
2025-09-09,5,87,68,2,627.1,0.0,0,0
2025-09-09,6,0,0,10,8324.48,0.0,0,0
2025-09-09,7,77,63,1,272.86,0.0,0,0
2025-09-10,1,520,424,10,7463.31,0.0,0,0
2025-09-10,2,86,71,1,324.95,346.72,4333,182
2025-09-10,3,136,108,1,552.54,0.0,0,0
2025-09-10,4,107,89,4,2768.84,0.0,0,0
2025-09-10,5,27,21,0,0.0,0.0,0,0
2025-09-10,6,0,0,5,2799.96,0.0,0,0
2025-09-10,7,215,180,4,1818.57,0.0,0,0
2025-09-11,1,271,222,4,3472.21,0.0,0,0
2025-09-11,2,263,212,6,4191.08,318.88,3976,167
2025-09-11,3,143,113,1,587.34,0.0,0,0
2025-09-11,4,81,64,2,1431.08,0.0,0,0
2025-09-11,5,53,44,1,285.84,0.0,0,0
2025-09-11,6,0,0,10,6959.01,0.0,0,0
2025-09-11,7,193,160,3,2227.91,0.0,0,0
2025-09-12,1,498,421,10,5147.1,0.0,0,0
2025-09-12,2,182,149,4,2395.95,218.66,2738,115
2025-09-12,3,142,117,1,2122.47,0.0,0,0
2025-09-12,4,54,44,1,328.06,0.0,0,0
2025-09-12,5,85,68,2,1345.23,0.0,0,0
2025-09-12,6,0,0,9,4368.73,0.0,0,0
2025-09-12,7,22,17,0,0.0,0.0,0,0
2025-09-13,1,290,245,5,4194.87,0.0,0,0
2025-09-13,2,86,69,1,290.55,284.61,3547,149
2025-09-13,3,312,267,3,1128.6,0.0,0,0
2025-09-13,4,74,62,2,646.99,0.0,0,0
2025-09-13,5,27,22,0,0.0,0.0,0,0
2025-09-13,6,0,0,4,1453.48,0.0,0,0
2025-09-13,7,81,65,1,1290.56,0.0,0,0
2025-09-14,1,603,500,11,7986.02,0.0,0,0
2025-09-14,2,197,153,5,2219.59,237.28,2952,124
2025-09-14,3,276,224,2,771.14,0.0,0,0
2025-09-14,4,75,59,2,583.1,0.0,0,0
2025-09-14,5,102,83,3,792.62,0.0,0,0
2025-09-14,6,0,0,11,10940.42,0.0,0,0
2025-09-14,7,75,63,1,282.85,0.0,0,0
2025-09-15,1,318,272,5,1965.34,0.0,0,0
2025-09-15,2,219,179,5,2434.21,240.21,3000,126
2025-09-15,3,240,196,2,920.58,0.0,0,0
2025-09-15,4,80,68,2,792.89,0.0,0,0
2025-09-15,5,154,121,5,3041.79,0.0,0,0
2025-09-15,6,0,0,5,2870.85,0.0,0,0
2025-09-15,7,146,119,2,632.19,0.0,0,0
2025-09-16,1,259,217,4,3270.54,0.0,0,0
2025-09-16,2,350,293,8,4630.52,330.46,4119,173
2025-09-16,3,293,240,2,2416.96,0.0,0,0
2025-09-16,4,99,80,3,880.81,0.0,0,0
2025-09-16,5,81,63,2,999.35,0.0,0,0
2025-09-16,6,0,0,9,4595.21,0.0,0,0
2025-09-16,7,144,115,2,1372.61,0.0,0,0
2025-09-17,1,178,145,2,3012.67,0.0,0,0
2025-09-17,2,116,91,2,594.27,260.25,3238,136
2025-09-17,3,18,15,0,0.0,0.0,0,0
2025-09-17,4,77,60,2,2931.65,0.0,0,0
2025-09-17,5,55,42,1,332.07,0.0,0,0
2025-09-17,6,0,0,9,4946.99,0.0,0,0
2025-09-17,7,145,116,2,833.95,0.0,0,0
2025-09-18,1,267,225,4,2186.3,0.0,0,0
2025-09-18,2,145,122,3,1601.21,362.91,4547,191
2025-09-18,3,128,104,1,320.4,0.0,0,0
2025-09-18,4,73,61,2,2350.31,0.0,0,0
2025-09-18,5,114,94,3,1803.99,0.0,0,0
2025-09-18,6,0,0,9,7901.28,0.0,0,0
2025-09-18,7,75,58,1,1026.21,0.0,0,0
2025-09-19,1,375,294,7,3564.87,0.0,0,0
2025-09-19,2,263,212,6,2895.26,361.95,4523,190
2025-09-19,3,18,14,0,0.0,0.0,0,0
2025-09-19,4,76,63,2,575.49,0.0,0,0
2025-09-19,5,26,21,0,0.0,0.0,0,0
2025-09-19,6,0,0,10,6697.95,0.0,0,0
2025-09-19,7,69,55,1,502.98,0.0,0,0
2025-09-20,1,372,309,6,3418.61,0.0,0,0
2025-09-20,2,229,194,6,3998.01,338.41,4238,178
2025-09-20,3,586,496,4,2437.58,0.0,0,0
2025-09-20,4,58,49,1,238.91,0.0,0,0
2025-09-20,5,53,43,1,257.5,0.0,0,0
2025-09-20,6,0,0,12,8697.67,0.0,0,0
2025-09-20,7,131,105,2,1042.76,0.0,0,0
2025-09-21,1,498,420,9,6250.0,0.0,0,0
2025-09-21,2,274,232,7,5648.84,294.45,3666,154
2025-09-21,3,369,291,3,916.36,0.0,0,0
2025-09-21,4,81,68,2,519.54,0.0,0,0
2025-09-21,5,26,21,0,0.0,0.0,0,0
2025-09-21,6,0,0,10,7829.52,0.0,0,0
2025-09-21,7,207,176,3,2338.55,0.0,0,0
2025-09-22,1,587,496,11,7129.79,0.0,0,0
2025-09-22,2,117,92,2,789.04,296.24,3690,155
2025-09-22,3,145,115,1,1331.9,0.0,0,0
2025-09-22,4,103,86,3,3196.38,0.0,0,0
2025-09-22,5,26,21,0,0.0,0.0,0,0
2025-09-22,6,0,0,13,9416.06,0.0,0,0
2025-09-22,7,123,100,2,971.3,0.0,0,0
2025-09-23,1,483,408,9,5550.67,0.0,0,0
2025-09-23,2,390,331,11,5657.4,352.35,4404,185
2025-09-23,3,120,100,1,521.36,0.0,0,0
2025-09-23,4,73,60,2,516.09,0.0,0,0
2025-09-23,5,80,67,2,592.48,0.0,0,0
2025-09-23,6,0,0,15,6860.74,0.0,0,0
2025-09-23,7,240,195,4,2766.8,0.0,0,0
2025-09-24,1,238,192,4,1947.49,0.0,0,0
2025-09-24,2,152,126,3,1537.3,343.5,4285,180
2025-09-24,3,17,14,0,0.0,0.0,0,0
2025-09-24,4,34,29,0,0.0,0.0,0,0
2025-09-24,5,54,43,1,607.0,0.0,0,0
2025-09-24,6,0,0,9,4065.65,0.0,0,0
2025-09-24,7,21,17,0,0.0,0.0,0,0
2025-09-25,1,643,528,12,6349.93,0.0,0,0
2025-09-25,2,196,162,5,2672.26,324.42,4047,170
2025-09-25,3,164,134,1,1163.0,0.0,0,0
2025-09-25,4,120,95,4,1820.27,0.0,0,0
2025-09-25,5,52,42,1,277.83,0.0,0,0
2025-09-25,6,0,0,7,4512.62,0.0,0,0
2025-09-25,7,76,63,1,535.92,0.0,0,0
2025-09-26,1,518,420,10,4698.03,0.0,0,0
2025-09-26,2,175,148,4,1773.19,354.83,4428,186
2025-09-26,3,138,116,1,251.59,0.0,0,0
2025-09-26,4,72,58,2,754.61,0.0,0,0
2025-09-26,5,80,63,2,1049.62,0.0,0,0
2025-09-26,6,0,0,9,6157.56,0.0,0,0
2025-09-26,7,71,59,1,1032.81,0.0,0,0
2025-09-27,1,373,308,7,4100.05,0.0,0,0
2025-09-27,2,173,135,4,1605.94,369.01,4619,194
2025-09-27,3,17,13,0,0.0,0.0,0,0
2025-09-27,4,57,48,1,303.69,0.0,0,0
2025-09-27,5,26,21,0,0.0,0.0,0,0
2025-09-27,6,0,0,7,4802.57,0.0,0,0
2025-09-27,7,200,162,3,2266.0,0.0,0,0
2025-09-28,1,286,239,5,2708.34,0.0,0,0
2025-09-28,2,210,178,5,4763.22,297.04,3714,156
2025-09-28,3,160,132,1,1236.35,0.0,0,0
2025-09-28,4,120,101,4,3616.81,0.0,0,0
2025-09-28,5,76,60,2,1192.1,0.0,0,0
2025-09-28,6,0,0,8,4597.41,0.0,0,0
2025-09-28,7,21,16,0,0.0,0.0,0,0
2025-09-29,1,303,255,6,3696.98,0.0,0,0
2025-09-29,2,255,201,6,3523.59,394.12,4928,207
2025-09-29,3,263,208,2,806.17,0.0,0,0
2025-09-29,4,54,43,1,273.17,0.0,0,0
2025-09-29,5,25,21,0,0.0,0.0,0,0
2025-09-29,6,0,0,8,4754.01,0.0,0,0
2025-09-29,7,72,60,1,2091.04,0.0,0,0
2025-09-30,1,271,230,4,2425.31,0.0,0,0
2025-09-30,2,109,91,2,924.78,361.85,4523,190
2025-09-30,3,17,14,0,0.0,0.0,0,0
2025-09-30,4,71,55,2,1931.81,0.0,0,0
2025-09-30,5,57,44,1,238.56,0.0,0,0
2025-09-30,6,0,0,5,3174.89,0.0,0,0
2025-09-30,7,130,108,2,790.54,0.0,0,0
2025-10-01,1,387,331,7,6642.52,0.0,0,0
2025-10-01,2,116,94,2,1502.28,286.14,3571,150
2025-10-01,3,246,209,2,749.35,0.0,0,0
2025-10-01,4,56,43,1,205.84,0.0,0,0
2025-10-01,5,109,90,3,1414.79,0.0,0,0
2025-10-01,6,0,0,9,6187.62,0.0,0,0
2025-10-01,7,86,68,1,596.61,0.0,0,0
2025-10-02,1,379,305,7,4504.31,0.0,0,0
2025-10-02,2,78,63,1,312.4,355.92,4452,187
2025-10-02,3,273,225,2,534.84,0.0,0,0
2025-10-02,4,97,77,3,2604.04,0.0,0,0
2025-10-02,5,55,44,1,268.67,0.0,0,0
2025-10-02,6,0,0,6,2566.62,0.0,0,0
2025-10-02,7,274,231,4,2028.09,0.0,0,0
2025-10-03,1,417,332,8,4822.9,0.0,0,0
2025-10-03,2,306,258,8,6589.92,343.92,4309,181
2025-10-03,3,439,360,4,2552.37,0.0,0,0
2025-10-03,4,71,55,2,1443.22,0.0,0,0
2025-10-03,5,25,20,0,0.0,0.0,0,0
2025-10-03,6,0,0,7,2501.57,0.0,0,0
2025-10-03,7,76,65,1,572.66,0.0,0,0
2025-10-04,1,437,370,8,3290.9,0.0,0,0
2025-10-04,2,207,171,5,3368.23,343.27,4285,180
2025-10-04,3,17,14,0,0.0,0.0,0,0
2025-10-04,4,89,75,3,1098.59,0.0,0,0
2025-10-04,5,56,45,1,210.85,0.0,0,0
2025-10-04,6,0,0,10,5190.39,0.0,0,0
2025-10-04,7,20,16,0,0.0,0.0,0,0
2025-10-05,1,252,210,4,2322.55,0.0,0,0
2025-10-05,2,261,214,7,2083.9,267.96,3357,141
2025-10-05,3,16,13,0,0.0,0.0,0,0
2025-10-05,4,54,44,1,840.72,0.0,0,0
2025-10-05,5,114,91,3,807.61,0.0,0,0
2025-10-05,6,0,0,3,1608.22,0.0,0,0
2025-10-05,7,72,61,1,299.41,0.0,0,0
2025-10-06,1,181,146,2,820.55,0.0,0,0
2025-10-06,2,144,114,3,1091.5,281.49,3523,148
2025-10-06,3,151,129,1,236.51,0.0,0,0
2025-10-06,4,95,76,3,758.18,0.0,0,0
2025-10-06,5,137,110,4,1253.0,0.0,0,0
2025-10-06,6,0,0,9,5565.0,0.0,0,0
2025-10-06,7,20,15,0,0.0,0.0,0,0
2025-10-07,1,391,328,7,4340.66,0.0,0,0
2025-10-07,2,179,143,5,2988.61,255.83,3190,134
2025-10-07,3,271,232,2,1181.59,0.0,0,0
2025-10-07,4,55,46,1,892.84,0.0,0,0
2025-10-07,5,99,81,3,1399.08,0.0,0,0
2025-10-07,6,0,0,4,1805.6,0.0,0,0
2025-10-07,7,184,151,3,1850.29,0.0,0,0
2025-10-08,1,359,286,7,4240.42,0.0,0,0
2025-10-08,2,185,149,4,2892.54,303.21,3785,159
2025-10-08,3,16,13,0,0.0,0.0,0,0
2025-10-08,4,78,60,2,1369.12,0.0,0,0
2025-10-08,5,51,40,1,204.14,0.0,0,0
2025-10-08,6,0,0,9,4967.08,0.0,0,0
2025-10-08,7,129,108,2,494.57,0.0,0,0
2025-10-09,1,260,211,4,2767.82,0.0,0,0
2025-10-09,2,113,90,2,1848.84,221.2,2761,116
2025-10-09,3,134,111,1,943.88,0.0,0,0
2025-10-09,4,72,56,2,1753.92,0.0,0,0
2025-10-09,5,48,40,1,569.8,0.0,0,0
2025-10-09,6,0,0,4,2788.28,0.0,0,0
2025-10-09,7,248,201,4,1950.57,0.0,0,0
2025-10-10,1,305,238,5,2096.27,0.0,0,0
2025-10-10,2,240,187,6,2289.88,197.49,2452,103
2025-10-10,3,244,199,2,1367.14,0.0,0,0
2025-10-10,4,51,42,1,288.22,0.0,0,0
2025-10-10,5,52,42,1,268.31,0.0,0,0
2025-10-10,6,0,0,9,4721.05,0.0,0,0
2025-10-10,7,139,115,2,743.24,0.0,0,0
2025-10-11,1,356,295,6,2967.41,0.0,0,0
2025-10-11,2,142,116,3,1029.44,354.24,4428,186
2025-10-11,3,288,245,2,2687.72,0.0,0,0
2025-10-11,4,78,62,2,1670.16,0.0,0,0
2025-10-11,5,81,69,2,1177.78,0.0,0,0
2025-10-11,6,0,0,6,3646.69,0.0,0,0
2025-10-11,7,120,95,2,727.72,0.0,0,0
2025-10-12,1,366,290,6,2445.6,0.0,0,0
2025-10-12,2,266,223,7,5801.43,311.82,3904,164
2025-10-12,3,246,208,2,2006.74,0.0,0,0
2025-10-12,4,91,75,3,1766.34,0.0,0,0
2025-10-12,5,24,19,0,0.0,0.0,0,0
2025-10-12,6,0,0,11,4955.51,0.0,0,0
2025-10-12,7,133,109,2,1601.28,0.0,0,0
2025-10-13,1,172,142,2,827.12,0.0,0,0
2025-10-13,2,148,123,3,1368.7,318.82,3976,167
2025-10-13,3,152,128,1,224.99,0.0,0,0
2025-10-13,4,31,24,0,0.0,0.0,0,0
2025-10-13,5,87,69,2,2147.22,0.0,0,0
2025-10-13,6,0,0,7,6041.81,0.0,0,0
2025-10-13,7,70,58,1,258.85,0.0,0,0
2025-10-14,1,420,337,7,3277.05,0.0,0,0
2025-10-14,2,110,86,2,2860.81,267.32,3333,140
2025-10-14,3,135,105,1,249.84,0.0,0,0
2025-10-14,4,53,41,1,264.32,0.0,0,0
2025-10-14,5,71,55,2,1131.55,0.0,0,0
2025-10-14,6,0,0,7,3431.93,0.0,0,0
2025-10-14,7,19,15,0,0.0,0.0,0,0
2025-10-15,1,350,298,6,3143.71,0.0,0,0
2025-10-15,2,144,121,3,2234.22,274.01,3428,144
2025-10-15,3,136,114,1,732.9,0.0,0,0
2025-10-15,4,53,42,1,181.7,0.0,0,0
2025-10-15,5,112,96,3,1586.32,0.0,0,0
2025-10-15,6,0,0,8,3207.88,0.0,0,0
2025-10-15,7,19,15,0,0.0,0.0,0,0
2025-10-16,1,211,174,3,1496.54,0.0,0,0
2025-10-16,2,77,61,1,446.46,266.92,3333,140
2025-10-16,3,271,216,2,847.9,0.0,0,0
2025-10-16,4,100,78,3,1772.81,0.0,0,0
2025-10-16,5,51,41,1,1102.68,0.0,0,0
2025-10-16,6,0,0,1,716.37,0.0,0,0
2025-10-16,7,78,66,1,408.38,0.0,0,0
2025-10-17,1,336,282,6,2748.5,0.0,0,0
2025-10-17,2,136,108,3,1360.3,354.08,4428,186
2025-10-17,3,237,190,2,721.65,0.0,0,0
2025-10-17,4,50,40,1,371.14,0.0,0,0
2025-10-17,5,52,41,1,1571.46,0.0,0,0
2025-10-17,6,0,0,11,6740.83,0.0,0,0
2025-10-17,7,78,64,1,513.82,0.0,0,0
2025-10-18,1,509,425,10,7768.37,0.0,0,0
2025-10-18,2,271,217,7,4460.48,358.24,4476,188
2025-10-18,3,142,112,1,768.69,0.0,0,0
2025-10-18,4,91,74,3,1047.32,0.0,0,0
2025-10-18,5,100,85,3,1663.36,0.0,0,0
2025-10-18,6,0,0,7,3885.04,0.0,0,0
2025-10-18,7,75,63,1,937.4,0.0,0,0
2025-10-19,1,287,228,6,3239.61,0.0,0,0
2025-10-19,2,165,137,4,2197.66,300.22,3761,158
2025-10-19,3,15,12,0,0.0,0.0,0,0
2025-10-19,4,50,41,1,226.46,0.0,0,0
2025-10-19,5,45,36,1,263.87,0.0,0,0
2025-10-19,6,0,0,3,2244.31,0.0,0,0
2025-10-19,7,18,14,0,0.0,0.0,0,0
2025-10-20,1,593,462,12,6666.12,0.0,0,0
2025-10-20,2,180,145,4,1835.06,249.9,3119,131
2025-10-20,3,159,135,1,204.97,0.0,0,0
2025-10-20,4,52,43,1,1698.66,0.0,0,0
2025-10-20,5,73,60,2,564.89,0.0,0,0
2025-10-20,6,0,0,3,1722.86,0.0,0,0
2025-10-20,7,122,96,2,534.27,0.0,0,0
2025-10-21,1,408,327,8,2919.46,0.0,0,0
2025-10-21,2,104,88,2,753.93,407.82,5095,214
2025-10-21,3,276,223,2,843.0,0.0,0,0
2025-10-21,4,77,63,2,979.35,0.0,0,0
2025-10-21,5,53,44,1,1174.08,0.0,0,0
2025-10-21,6,0,0,6,2259.59,0.0,0,0
2025-10-21,7,18,14,0,0.0,0.0,0,0
2025-10-22,1,308,261,6,2631.94,0.0,0,0
2025-10-22,2,79,63,1,212.74,337.03,4214,177
2025-10-22,3,153,127,1,608.22,0.0,0,0
2025-10-22,4,50,41,1,469.84,0.0,0,0
2025-10-22,5,22,18,0,0.0,0.0,0,0
2025-10-22,6,0,0,6,3888.96,0.0,0,0
2025-10-22,7,18,14,0,0.0,0.0,0,0
2025-10-23,1,505,407,11,4373.98,0.0,0,0
2025-10-23,2,188,155,5,3627.73,368.58,4595,193
2025-10-23,3,282,231,2,1414.72,0.0,0,0
2025-10-23,4,29,24,0,0.0,0.0,0,0
2025-10-23,5,71,60,2,653.38,0.0,0,0
2025-10-23,6,0,0,10,4786.05,0.0,0,0
2025-10-23,7,67,53,1,252.71,0.0,0,0
2025-10-24,1,402,330,7,4998.36,0.0,0,0
2025-10-24,2,134,114,3,1138.29,302.7,3785,159
2025-10-24,3,15,11,0,0.0,0.0,0,0
2025-10-24,4,105,89,4,2221.64,0.0,0,0
2025-10-24,5,51,39,1,860.91,0.0,0,0
2025-10-24,6,0,0,10,5552.41,0.0,0,0
2025-10-24,7,63,53,1,550.52,0.0,0,0
2025-10-25,1,292,230,5,4957.21,0.0,0,0
2025-10-25,2,198,160,5,4150.54,316.69,3952,166
2025-10-25,3,155,125,1,488.18,0.0,0,0
2025-10-25,4,48,38,1,234.79,0.0,0,0
2025-10-25,5,104,89,3,724.95,0.0,0,0
2025-10-25,6,0,0,9,3657.72,0.0,0,0
2025-10-25,7,17,14,0,0.0,0.0,0,0
2025-10-26,1,417,350,7,3497.16,0.0,0,0
2025-10-26,2,139,117,3,696.95,323.99,4047,170
2025-10-26,3,14,11,0,0.0,0.0,0,0
2025-10-26,4,96,80,3,2278.54,0.0,0,0
2025-10-26,5,50,41,1,290.26,0.0,0,0
2025-10-26,6,0,0,7,3579.99,0.0,0,0
2025-10-26,7,17,14,0,0.0,0.0,0,0
2025-10-27,1,315,256,6,2811.03,0.0,0,0
2025-10-27,2,108,88,2,418.35,285.53,3571,150
2025-10-27,3,134,112,1,526.44,0.0,0,0
2025-10-27,4,48,40,1,502.22,0.0,0,0
2025-10-27,5,106,88,3,1930.59,0.0,0,0
2025-10-27,6,0,0,10,3429.42,0.0,0,0
2025-10-27,7,17,13,0,0.0,0.0,0,0
2025-10-28,1,323,260,6,1499.11,0.0,0,0
2025-10-28,2,168,140,4,1966.02,278.44,3476,146
2025-10-28,3,14,11,0,0.0,0.0,0,0
2025-10-28,4,28,22,0,0.0,0.0,0,0
2025-10-28,5,70,58,2,572.66,0.0,0,0
2025-10-28,6,0,0,2,649.64,0.0,0,0
2025-10-28,7,17,14,0,0.0,0.0,0,0
2025-10-29,1,208,175,3,2265.12,0.0,0,0
2025-10-29,2,100,82,2,1727.76,273.59,3404,143
2025-10-29,3,14,12,0,0.0,0.0,0,0
2025-10-29,4,89,72,3,1088.08,0.0,0,0
2025-10-29,5,21,17,0,0.0,0.0,0,0
2025-10-29,6,0,0,6,4549.2,0.0,0,0
2025-10-29,7,17,13,0,0.0,0.0,0,0
2025-10-30,1,298,240,5,2833.13,0.0,0,0
2025-10-30,2,68,53,1,908.52,412.98,5166,217
2025-10-30,3,14,11,0,0.0,0.0,0,0
2025-10-30,4,80,65,2,814.15,0.0,0,0
2025-10-30,5,21,16,0,0.0,0.0,0,0
2025-10-30,6,0,0,6,2824.28,0.0,0,0
2025-10-30,7,17,14,0,0.0,0.0,0,0
2025-10-31,1,396,317,7,5284.03,0.0,0,0
2025-10-31,2,158,131,4,2719.28,196.2,2452,103
2025-10-31,3,319,251,3,1603.55,0.0,0,0
2025-10-31,4,50,42,1,1550.94,0.0,0,0
2025-10-31,5,47,39,1,446.58,0.0,0,0
2025-10-31,6,0,0,4,2118.2,0.0,0,0
2025-10-31,7,78,65,1,496.0,0.0,0,0
2025-11-01,1,211,172,3,721.84,0.0,0,0
2025-11-01,2,110,94,2,1215.15,284.47,3547,149
2025-11-01,3,237,200,2,413.45,0.0,0,0
2025-11-01,4,46,37,1,236.31,0.0,0,0
2025-11-01,5,49,41,1,326.89,0.0,0,0
2025-11-01,6,0,0,6,3054.3,0.0,0,0
2025-11-01,7,132,109,2,1602.7,0.0,0,0
2025-11-02,1,544,457,12,6326.66,0.0,0,0
2025-11-02,2,131,109,3,1377.68,404.14,5047,212
2025-11-02,3,150,126,1,404.36,0.0,0,0
2025-11-02,4,92,77,3,847.8,0.0,0,0
2025-11-02,5,47,39,1,176.7,0.0,0,0
2025-11-02,6,0,0,3,661.78,0.0,0,0
2025-11-02,7,16,12,0,0.0,0.0,0,0
2025-11-03,1,240,202,4,1662.15,0.0,0,0
2025-11-03,2,205,173,5,2997.76,0.0,0,0
2025-11-03,3,13,10,0,0.0,0.0,0,0
2025-11-03,4,45,38,1,950.68,0.0,0,0
2025-11-03,5,20,16,0,0.0,0.0,0,0
2025-11-03,6,0,0,7,1683.22,0.0,0,0
2025-11-03,7,62,48,1,730.53,0.0,0,0
2025-11-04,1,116,97,1,273.73,0.0,0,0
2025-11-04,2,364,311,11,5020.2,0.0,0,0
2025-11-04,3,13,10,0,0.0,0.0,0,0
2025-11-04,4,72,58,2,1210.58,0.0,0,0
2025-11-04,5,49,41,1,196.69,0.0,0,0
2025-11-04,6,0,0,7,2090.08,0.0,0,0
2025-11-04,7,70,57,1,1108.44,0.0,0,0
2025-11-05,1,154,129,2,456.15,0.0,0,0
2025-11-05,2,206,173,5,2053.86,0.0,0,0
2025-11-05,3,13,10,0,0.0,0.0,0,0
2025-11-05,4,26,20,0,0.0,0.0,0,0
2025-11-05,5,47,36,1,137.38,0.0,0,0
2025-11-05,6,0,0,6,2576.35,0.0,0,0
2025-11-05,7,69,56,1,868.64,0.0,0,0
2025-11-06,1,196,157,3,2068.52,0.0,0,0
2025-11-06,2,150,119,3,1041.07,0.0,0,0
2025-11-06,3,238,188,2,2183.6,0.0,0,0
2025-11-06,4,65,52,2,1751.68,0.0,0,0
2025-11-06,5,20,16,0,0.0,0.0,0,0
2025-11-06,6,0,0,5,3055.46,0.0,0,0
2025-11-06,7,176,145,3,612.12,0.0,0,0
2025-11-07,1,285,239,5,1872.99,0.0,0,0
2025-11-07,2,123,102,3,903.43,0.0,0,0
2025-11-07,3,386,322,3,1333.23,0.0,0,0
2025-11-07,4,70,58,2,1003.43,0.0,0,0
2025-11-07,5,20,15,0,0.0,0.0,0,0
2025-11-07,6,0,0,4,1158.37,0.0,0,0
2025-11-07,7,16,13,0,0.0,0.0,0,0
2025-11-08,1,293,240,5,2048.97,0.0,0,0
2025-11-08,2,108,88,2,2293.39,0.0,0,0
2025-11-08,3,13,10,0,0.0,0.0,0,0
2025-11-08,4,46,38,1,179.71,0.0,0,0
2025-11-08,5,68,57,2,663.09,0.0,0,0
2025-11-08,6,0,0,6,3412.55,0.0,0,0
2025-11-08,7,114,91,2,870.84,0.0,0,0
2025-11-09,1,153,119,2,1134.78,0.0,0,0
2025-11-09,2,132,110,3,1375.75,0.0,0,0
2025-11-09,3,115,92,1,226.71,0.0,0,0
2025-11-09,4,83,67,3,1131.77,0.0,0,0
2025-11-09,5,107,89,3,938.23,0.0,0,0
2025-11-09,6,0,0,11,4801.96,0.0,0,0
2025-11-09,7,176,148,3,2833.5,0.0,0,0
2025-11-10,1,290,248,5,955.51,0.0,0,0
2025-11-10,2,149,119,4,2430.19,0.0,0,0
2025-11-10,3,13,10,0,0.0,0.0,0,0
2025-11-10,4,25,20,0,0.0,0.0,0,0
2025-11-10,5,47,37,1,256.78,0.0,0,0
2025-11-10,6,0,0,6,2678.6,0.0,0,0
2025-11-10,7,72,60,1,235.77,0.0,0,0
2025-11-11,1,385,316,8,3118.94,0.0,0,0
2025-11-11,2,159,130,4,1718.54,0.0,0,0
2025-11-11,3,13,10,0,0.0,0.0,0,0
2025-11-11,4,116,95,4,1054.88,0.0,0,0
2025-11-11,5,95,75,3,1155.31,0.0,0,0
2025-11-11,6,0,0,5,1862.31,0.0,0,0
2025-11-11,7,15,11,0,0.0,0.0,0,0
2025-11-12,1,204,169,3,1428.9,0.0,0,0
2025-11-12,2,139,109,4,1171.05,0.0,0,0
2025-11-12,3,145,122,1,179.23,0.0,0,0
2025-11-12,4,48,39,1,119.0,0.0,0,0
2025-11-12,5,74,63,2,1085.44,0.0,0,0
2025-11-12,6,0,0,8,2535.85,0.0,0,0
2025-11-12,7,130,105,2,814.22,0.0,0,0
2025-11-13,1,440,348,9,4164.79,0.0,0,0
2025-11-13,2,128,102,3,876.94,0.0,0,0
2025-11-13,3,12,10,0,0.0,0.0,0,0
2025-11-13,4,24,20,0,0.0,0.0,0,0
2025-11-13,5,44,37,1,171.88,0.0,0,0
2025-11-13,6,0,0,6,3958.21,0.0,0,0
2025-11-13,7,15,12,0,0.0,0.0,0,0
2025-11-14,1,484,387,8,4730.95,0.0,0,0
2025-11-14,2,65,54,1,981.64,0.0,0,0
2025-11-14,3,137,107,1,435.32,220.18,36363,400
2025-11-14,4,24,19,0,0.0,0.0,0,0
2025-11-14,5,18,15,0,0.0,0.0,0,0
2025-11-14,6,0,0,7,2121.18,0.0,0,0
2025-11-14,7,15,12,0,0.0,0.0,0,0
2025-11-15,1,236,197,4,1325.08,0.0,0,0
2025-11-15,2,150,119,4,3320.92,0.0,0,0
2025-11-15,3,264,217,2,411.23,188.17,31090,342
2025-11-15,4,24,18,0,0.0,0.0,0,0
2025-11-15,5,18,14,0,0.0,0.0,0,0
2025-11-15,6,0,0,4,2453.85,0.0,0,0
2025-11-15,7,61,49,1,986.4,0.0,0,0
2025-11-16,1,152,125,2,350.79,0.0,0,0
2025-11-16,2,95,81,2,831.42,0.0,0,0
2025-11-16,3,141,115,1,180.22,248.11,41000,451
2025-11-16,4,24,19,0,0.0,0.0,0,0
2025-11-16,5,18,15,0,0.0,0.0,0,0
2025-11-16,6,0,0,6,3470.0,0.0,0,0
2025-11-16,7,73,61,1,221.28,0.0,0,0
2025-11-17,1,289,245,6,2388.37,0.0,0,0
2025-11-17,2,137,114,3,1137.4,0.0,0,0
2025-11-17,3,401,319,3,650.38,239.43,39545,435
2025-11-17,4,69,54,2,568.26,0.0,0,0
2025-11-17,5,48,40,1,240.5,0.0,0,0
2025-11-17,6,0,0,8,3091.67,0.0,0,0
2025-11-17,7,70,59,1,1127.28,0.0,0,0
2025-11-18,1,257,204,5,1403.22,0.0,0,0
2025-11-18,2,172,137,4,750.75,0.0,0,0
2025-11-18,3,300,251,2,872.8,167.27,27636,304
2025-11-18,4,60,46,2,748.1,0.0,0,0
2025-11-18,5,96,82,3,891.47,0.0,0,0
2025-11-18,6,0,0,5,2119.45,0.0,0,0
2025-11-18,7,66,53,1,210.21,0.0,0,0
2025-11-19,1,329,256,6,3828.44,0.0,0,0
2025-11-19,2,67,54,1,357.0,0.0,0,0
2025-11-19,3,138,113,1,197.67,292.64,48363,532
2025-11-19,4,23,18,0,0.0,0.0,0,0
2025-11-19,5,102,83,3,1787.95,0.0,0,0
2025-11-19,6,0,0,5,3045.68,0.0,0,0
2025-11-19,7,14,11,0,0.0,0.0,0,0
2025-11-20,1,189,152,3,654.64,0.0,0,0
2025-11-20,2,65,54,1,434.1,0.0,0,0
2025-11-20,3,276,223,2,1301.95,262.14,43272,476
2025-11-20,4,70,59,2,860.37,0.0,0,0
2025-11-20,5,46,36,1,352.08,0.0,0,0
2025-11-20,6,0,0,6,2176.74,0.0,0,0
2025-11-20,7,70,58,1,803.0,0.0,0,0
2025-11-21,1,342,274,6,2988.24,0.0,0,0
2025-11-21,2,94,73,2,1265.12,0.0,0,0
2025-11-21,3,11,9,0,0.0,205.9,34000,374
2025-11-21,4,23,18,0,0.0,0.0,0,0
2025-11-21,5,17,14,0,0.0,0.0,0,0
2025-11-21,6,0,0,6,1759.77,0.0,0,0
2025-11-21,7,73,58,1,144.05,0.0,0,0
2025-11-22,1,345,271,7,1699.88,0.0,0,0
2025-11-22,2,158,125,4,1311.83,0.0,0,0
2025-11-22,3,501,395,4,2695.93,316.14,52181,574
2025-11-22,4,42,34,1,223.96,0.0,0,0
2025-11-22,5,50,42,1,732.44,0.0,0,0
2025-11-22,6,0,0,3,984.17,0.0,0,0
2025-11-22,7,74,63,1,434.34,0.0,0,0
2025-11-23,1,267,214,5,2754.11,0.0,0,0
2025-11-23,2,66,55,1,552.66,0.0,0,0
2025-11-23,3,240,206,2,782.97,283.42,46818,515
2025-11-23,4,42,34,1,485.64,0.0,0,0
2025-11-23,5,49,41,1,890.32,0.0,0,0
2025-11-23,6,0,0,7,3389.56,0.0,0,0
2025-11-23,7,68,54,1,204.8,0.0,0,0
2025-11-24,1,473,404,9,2572.86,0.0,0,0
2025-11-24,2,95,77,2,348.33,0.0,0,0
2025-11-24,3,11,8,0,0.0,228.02,37636,414
2025-11-24,4,88,75,3,1693.66,0.0,0,0
2025-11-24,5,44,35,1,195.04,0.0,0,0
2025-11-24,6,0,0,7,2673.64,0.0,0,0
2025-11-24,7,13,10,0,0.0,0.0,0,0
2025-11-25,1,345,279,7,3644.92,0.0,0,0
2025-11-25,2,99,84,2,328.9,0.0,0,0
2025-11-25,3,129,102,1,840.8,302.63,50000,550
2025-11-25,4,83,67,3,647.28,0.0,0,0
2025-11-25,5,42,33,1,551.25,0.0,0,0
2025-11-25,6,0,0,3,1140.25,0.0,0,0
2025-11-25,7,117,94,2,988.32,0.0,0,0
2025-11-26,1,347,278,7,3027.89,0.0,0,0
2025-11-26,2,87,69,2,1554.44,0.0,0,0
2025-11-26,3,11,8,0,0.0,275.26,45454,500
2025-11-26,4,39,32,1,225.51,0.0,0,0
2025-11-26,5,66,54,2,1041.31,0.0,0,0
2025-11-26,6,0,0,3,1157.97,0.0,0,0
2025-11-26,7,119,94,2,438.91,0.0,0,0
2025-11-27,1,294,230,6,3610.08,0.0,0,0
2025-11-27,2,114,91,3,1206.88,0.0,0,0
2025-11-27,3,123,97,1,215.75,284.04,46909,516
2025-11-27,4,68,55,2,339.77,0.0,0,0
2025-11-27,5,76,65,2,1421.65,0.0,0,0
2025-11-27,6,0,0,3,699.12,0.0,0,0
2025-11-27,7,64,54,1,642.6,0.0,0,0
2025-11-28,1,334,286,6,2569.51,0.0,0,0
2025-11-28,2,62,49,1,146.02,0.0,0,0
2025-11-28,3,11,9,0,0.0,277.29,45818,504
2025-11-28,4,131,110,5,1755.44,0.0,0,0
2025-11-28,5,68,53,2,828.85,0.0,0,0
2025-11-28,6,0,0,4,1913.26,0.0,0,0
2025-11-28,7,13,10,0,0.0,0.0,0,0
2025-11-29,1,194,160,3,796.49,0.0,0,0
2025-11-29,2,61,51,1,372.56,0.0,0,0
2025-11-29,3,163,138,1,214.52,269.07,44454,489
2025-11-29,4,63,53,2,849.05,0.0,0,0
2025-11-29,5,130,101,4,2374.28,0.0,0,0
2025-11-29,6,0,0,5,2632.21,0.0,0,0
2025-11-29,7,13,10,0,0.0,0.0,0,0
2025-11-30,1,186,145,3,1156.78,0.0,0,0
2025-11-30,2,129,103,3,1088.17,0.0,0,0
2025-11-30,3,165,140,1,164.91,315.93,52181,574
2025-11-30,4,68,56,2,379.18,0.0,0,0
2025-11-30,5,16,13,0,0.0,0.0,0,0
2025-11-30,6,0,0,4,2039.24,0.0,0,0
2025-11-30,7,73,58,1,341.98,0.0,0,0
2025-12-01,1,232,196,4,1575.44,0.0,0,0
2025-12-01,2,129,105,3,1160.62,0.0,0,0
2025-12-01,3,127,100,1,156.05,287.67,47545,523
2025-12-01,4,88,69,3,1011.33,0.0,0,0
2025-12-01,5,44,35,1,316.1,0.0,0,0
2025-12-01,6,0,0,6,2715.79,0.0,0,0
2025-12-01,7,12,10,0,0.0,0.0,0,0
2025-12-02,1,236,197,4,1795.51,0.0,0,0
2025-12-02,2,100,81,2,515.61,0.0,0,0
2025-12-02,3,516,411,4,859.02,217.63,35909,395
2025-12-02,4,82,65,3,1528.94,0.0,0,0
2025-12-02,5,15,12,0,0.0,0.0,0,0
2025-12-02,6,0,0,3,1984.47,0.0,0,0
2025-12-02,7,62,48,1,206.94,0.0,0,0
2025-12-03,1,244,192,4,1746.48,0.0,0,0
2025-12-03,2,122,103,3,587.94,0.0,0,0
2025-12-03,3,141,118,1,535.4,199.45,32909,362
2025-12-03,4,87,72,3,894.9,0.0,0,0
2025-12-03,5,44,35,1,1064.4,0.0,0,0
2025-12-03,6,0,0,2,428.09,0.0,0,0
2025-12-03,7,67,56,1,743.4,0.0,0,0
2025-12-04,1,169,141,3,1112.16,0.0,0,0
2025-12-04,2,62,51,1,341.92,0.0,0,0
2025-12-04,3,10,8,0,0.0,324.02,53545,589
2025-12-04,4,44,35,1,344.66,0.0,0,0
2025-12-04,5,15,11,0,0.0,0.0,0,0
2025-12-04,6,0,0,4,1356.25,0.0,0,0
2025-12-04,7,140,113,2,1751.24,0.0,0,0
2025-12-05,1,393,324,8,3757.44,0.0,0,0
2025-12-05,2,57,46,1,195.5,0.0,0,0
2025-12-05,3,10,8,0,0.0,270.86,44727,492
2025-12-05,4,60,47,2,1102.61,0.0,0,0
2025-12-05,5,15,12,0,0.0,0.0,0,0
2025-12-05,6,0,0,6,1556.75,0.0,0,0
2025-12-05,7,68,55,1,409.12,0.0,0,0
2025-12-06,1,217,177,4,1309.32,0.0,0,0
2025-12-06,2,90,74,2,997.22,0.0,0,0
2025-12-06,3,10,8,0,0.0,235.11,38818,427
2025-12-06,4,63,50,2,533.8,0.0,0,0
2025-12-06,5,50,40,1,168.93,0.0,0,0
2025-12-06,6,0,0,3,969.51,0.0,0,0
2025-12-06,7,12,9,0,0.0,0.0,0,0
2025-12-07,1,316,248,6,1882.99,0.0,0,0
2025-12-07,2,58,49,1,327.82,0.0,0,0
2025-12-07,3,152,120,1,184.35,205.72,34000,374
2025-12-07,4,62,51,2,928.81,0.0,0,0
2025-12-07,5,42,35,1,180.75,0.0,0,0
2025-12-07,6,0,0,1,168.39,0.0,0,0
2025-12-07,7,174,145,3,709.45,0.0,0,0
2025-12-08,1,222,177,4,1935.07,0.0,0,0
2025-12-08,2,126,103,3,1926.2,0.0,0,0
2025-12-08,3,138,117,1,1558.26,319.52,52727,580
2025-12-08,4,40,33,1,376.38,0.0,0,0
2025-12-08,5,43,33,1,326.54,0.0,0,0
2025-12-08,6,0,0,4,1963.8,0.0,0,0
2025-12-08,7,163,132,3,1331.44,0.0,0,0
2025-12-09,1,165,140,3,938.92,0.0,0,0
2025-12-09,2,57,44,1,456.42,0.0,0,0
2025-12-09,3,136,108,1,357.0,236.82,39090,430
2025-12-09,4,65,54,2,437.27,0.0,0,0
2025-12-09,5,65,52,2,1235.85,0.0,0,0
2025-12-09,6,0,0,3,758.09,0.0,0,0
2025-12-09,7,76,64,1,181.95,0.0,0,0
2025-12-10,1,100,80,1,784.0,0.0,0,0
2025-12-10,2,178,148,5,2512.33,0.0,0,0
2025-12-10,3,9,7,0,0.0,332.98,55000,605
2025-12-10,4,44,37,1,330.9,0.0,0,0
2025-12-10,5,100,78,3,1532.97,0.0,0,0
2025-12-10,6,0,0,6,4249.62,0.0,0,0
2025-12-10,7,65,52,1,224.29,0.0,0,0
2025-12-11,1,274,233,5,1217.22,0.0,0,0
2025-12-11,2,116,95,3,856.81,0.0,0,0
2025-12-11,3,9,7,0,0.0,293.99,48545,534
2025-12-11,4,40,34,1,590.46,0.0,0,0
2025-12-11,5,14,11,0,0.0,0.0,0,0
2025-12-11,6,0,0,2,948.28,0.0,0,0
2025-12-11,7,176,147,3,545.48,0.0,0,0
2025-12-12,1,297,240,5,3286.25,0.0,0,0
2025-12-12,2,94,73,2,884.0,0.0,0,0
2025-12-12,3,132,106,1,171.85,206.68,34090,375
2025-12-12,4,67,53,2,782.46,0.0,0,0
2025-12-12,5,42,33,1,492.12,0.0,0,0
2025-12-12,6,0,0,3,964.81,0.0,0,0
2025-12-12,7,112,91,2,352.41,0.0,0,0
2025-12-13,1,135,111,2,693.94,0.0,0,0
2025-12-13,2,59,47,1,346.68,0.0,0,0
2025-12-13,3,123,98,1,138.39,258.24,42636,469
2025-12-13,4,114,89,4,1586.97,0.0,0,0
2025-12-13,5,44,35,1,156.78,0.0,0,0
2025-12-13,6,0,0,10,2999.83,0.0,0,0
2025-12-13,7,11,9,0,0.0,0.0,0,0
2025-12-14,1,352,300,7,4905.53,0.0,0,0
2025-12-14,2,144,123,4,1908.9,0.0,0,0
2025-12-14,3,146,125,1,351.98,286.09,47272,520
2025-12-14,4,18,14,0,0.0,0.0,0,0
2025-12-14,5,69,54,2,406.13,0.0,0,0
2025-12-14,6,0,0,10,3349.73,0.0,0,0
2025-12-14,7,11,9,0,0.0,0.0,0,0
2025-12-15,1,390,329,7,4089.65,0.0,0,0
2025-12-15,2,60,50,1,122.58,0.0,0,0
2025-12-15,3,141,110,1,193.9,236.87,39090,430
2025-12-15,4,40,33,1,160.08,0.0,0,0
2025-12-15,5,39,31,1,191.83,0.0,0,0
2025-12-15,6,0,0,2,493.32,0.0,0,0
2025-12-15,7,11,9,0,0.0,0.0,0,0
2025-12-16,1,139,109,2,1010.54,0.0,0,0
2025-12-16,2,120,97,3,822.23,0.0,0,0
2025-12-16,3,157,132,1,372.48,317.36,52454,577
2025-12-16,4,37,31,1,554.58,0.0,0,0
2025-12-16,5,42,32,1,196.46,0.0,0,0
2025-12-16,6,0,0,1,527.13,0.0,0,0
2025-12-16,7,185,153,3,1115.82,0.0,0,0
2025-12-17,1,255,217,5,2550.54,0.0,0,0
2025-12-17,2,117,98,3,1034.59,0.0,0,0
2025-12-17,3,351,280,3,2452.53,227.23,37545,413
2025-12-17,4,52,42,2,905.01,0.0,0,0
2025-12-17,5,14,11,0,0.0,0.0,0,0
2025-12-17,6,0,0,4,1351.57,0.0,0,0
2025-12-17,7,71,57,1,155.27,0.0,0,0
2025-12-18,1,137,117,2,1631.72,0.0,0,0
2025-12-18,2,58,47,1,178.51,0.0,0,0
2025-12-18,3,9,7,0,0.0,224.84,37090,408
2025-12-18,4,84,66,3,1367.79,0.0,0,0
2025-12-18,5,45,38,1,767.6,0.0,0,0
2025-12-18,6,0,0,5,1472.81,0.0,0,0
2025-12-18,7,63,51,1,396.94,0.0,0,0
2025-12-19,1,265,214,5,1365.92,0.0,0,0
2025-12-19,2,55,45,1,321.02,0.0,0,0
2025-12-19,3,9,7,0,0.0,251.88,41545,457
2025-12-19,4,40,31,1,514.59,0.0,0,0
2025-12-19,5,76,60,2,1084.25,0.0,0,0
2025-12-19,6,0,0,2,956.35,0.0,0,0
2025-12-19,7,64,52,1,182.04,0.0,0,0
2025-12-20,1,360,287,7,2684.39,0.0,0,0
2025-12-20,2,84,66,2,346.48,0.0,0,0
2025-12-20,3,250,196,2,820.27,261.48,43181,475
2025-12-20,4,39,32,1,255.0,0.0,0,0
2025-12-20,5,71,56,2,1647.28,0.0,0,0
2025-12-20,6,0,0,1,188.02,0.0,0,0
2025-12-20,7,10,8,0,0.0,0.0,0,0
2025-12-21,1,322,253,6,2570.04,0.0,0,0
2025-12-21,2,54,44,1,280.9,0.0,0,0
2025-12-21,3,9,7,0,0.0,289.91,47909,527
2025-12-21,4,17,13,0,0.0,0.0,0,0
2025-12-21,5,61,51,2,495.05,0.0,0,0
2025-12-21,6,0,0,4,1004.17,0.0,0,0
2025-12-21,7,122,99,2,582.69,0.0,0,0
2025-12-22,1,251,207,4,1302.78,0.0,0,0
2025-12-22,2,167,133,4,1642.02,0.0,0,0
2025-12-22,3,258,204,2,560.65,291.15,48090,529
2025-12-22,4,86,70,3,948.13,0.0,0,0
2025-12-22,5,13,10,0,0.0,0.0,0,0
2025-12-22,6,0,0,2,396.8,0.0,0,0
2025-12-22,7,10,7,0,0.0,0.0,0,0
2025-12-23,1,228,186,4,2575.35,0.0,0,0
2025-12-23,2,90,75,2,336.32,0.0,0,0
2025-12-23,3,8,6,0,0.0,298.48,49272,542
2025-12-23,4,37,29,1,927.6,0.0,0,0
2025-12-23,5,64,54,2,835.17,0.0,0,0
2025-12-23,6,0,0,3,2549.06,0.0,0,0
2025-12-23,7,10,8,0,0.0,0.0,0,0
2025-12-24,1,217,170,4,1185.12,0.0,0,0
2025-12-24,2,96,81,2,352.0,0.0,0,0
2025-12-24,3,233,190,2,1044.17,227.03,37454,412
2025-12-24,4,61,47,2,2320.68,0.0,0,0
2025-12-24,5,95,80,3,1116.66,0.0,0,0
2025-12-24,6,0,0,3,940.52,0.0,0,0
2025-12-24,7,10,8,0,0.0,0.0,0,0
2025-12-25,1,175,148,3,1637.47,0.0,0,0
2025-12-25,2,57,46,1,150.22,0.0,0,0
2025-12-25,3,8,6,0,0.0,220.5,36363,400
2025-12-25,4,17,13,0,0.0,0.0,0,0
2025-12-25,5,40,31,1,364.68,0.0,0,0
2025-12-25,6,0,0,3,812.61,0.0,0,0
2025-12-25,7,10,7,0,0.0,0.0,0,0
2025-12-26,1,178,140,3,919.09,0.0,0,0
2025-12-26,2,125,102,3,866.2,0.0,0,0
2025-12-26,3,240,199,2,479.99,141.58,23363,257
2025-12-26,4,41,34,1,1641.9,0.0,0,0
2025-12-26,5,40,31,1,155.84,0.0,0,0
2025-12-26,6,0,0,4,925.25,0.0,0,0
2025-12-26,7,67,55,1,162.62,0.0,0,0
2025-12-27,1,125,98,2,420.7,0.0,0,0
2025-12-27,2,56,45,1,901.08,0.0,0,0
2025-12-27,3,392,320,3,1274.31,179.74,29636,326
2025-12-27,4,17,14,0,0.0,0.0,0,0
2025-12-27,5,101,86,3,718.04,0.0,0,0
2025-12-27,6,0,0,7,3537.68,0.0,0,0
2025-12-27,7,62,50,1,138.27,0.0,0,0
2025-12-28,1,285,231,6,2289.41,0.0,0,0
2025-12-28,2,53,42,1,196.89,0.0,0,0
2025-12-28,3,8,6,0,0.0,0.0,0,0
2025-12-28,4,87,71,3,711.39,0.0,0,0
2025-12-28,5,65,55,2,353.01,0.0,0,0
2025-12-28,6,0,0,6,1249.73,0.0,0,0
2025-12-28,7,10,8,0,0.0,0.0,0,0
2025-12-29,1,294,250,5,1829.82,0.0,0,0
2025-12-29,2,120,96,3,1259.53,0.0,0,0
2025-12-29,3,8,6,0,0.0,0.0,0,0
2025-12-29,4,39,32,1,169.55,0.0,0,0
2025-12-29,5,43,35,1,736.62,0.0,0,0
2025-12-29,6,0,0,3,1000.42,0.0,0,0
2025-12-29,7,66,51,1,199.09,0.0,0,0
2025-12-30,1,138,114,2,348.21,0.0,0,0
2025-12-30,2,92,73,2,959.45,0.0,0,0
2025-12-30,3,257,206,2,1580.64,0.0,0,0
2025-12-30,4,16,12,0,0.0,0.0,0,0
2025-12-30,5,13,11,0,0.0,0.0,0,0
2025-12-30,6,0,0,4,1996.78,0.0,0,0
2025-12-30,7,111,90,2,820.49,0.0,0,0
2025-12-31,1,412,337,8,3066.52,0.0,0,0
2025-12-31,2,88,69,2,1374.12,0.0,0,0
2025-12-31,3,8,6,0,0.0,0.0,0,0
2025-12-31,4,56,45,2,570.48,0.0,0,0
2025-12-31,5,12,10,0,0.0,0.0,0,0
2025-12-31,6,0,0,5,1097.07,0.0,0,0
2025-12-31,7,67,54,1,177.84,0.0,0,0
2026-01-01,1,264,223,5,1949.49,0.0,0,0
2026-01-01,2,55,43,1,367.22,0.0,0,0
2026-01-01,3,8,6,0,0.0,0.0,0,0
2026-01-01,4,59,47,2,647.97,0.0,0,0
2026-01-01,5,12,9,0,0.0,0.0,0,0
2026-01-01,6,0,0,6,2408.27,0.0,0,0
2026-01-01,7,10,8,0,0.0,0.0,0,0
2026-01-02,1,191,150,4,2028.05,0.0,0,0
2026-01-02,2,53,43,1,720.27,0.0,0,0
2026-01-02,3,249,197,2,684.7,0.0,0,0
2026-01-02,4,37,29,1,165.55,0.0,0,0
2026-01-02,5,12,9,0,0.0,0.0,0,0
2026-01-02,6,0,0,4,1015.27,0.0,0,0
2026-01-02,7,123,99,2,710.16,0.0,0,0
2026-01-03,1,273,232,6,2929.76,0.0,0,0
2026-01-03,2,54,44,1,202.65,0.0,0,0
2026-01-03,3,238,190,2,695.55,0.0,0,0
2026-01-03,4,39,32,1,608.22,0.0,0,0
2026-01-03,5,41,34,1,218.9,0.0,0,0
2026-01-03,6,0,0,1,169.97,0.0,0,0
2026-01-03,7,10,8,0,0.0,0.0,0,0
2026-01-04,1,233,192,4,1300.86,0.0,0,0
2026-01-04,2,90,70,2,507.72,0.0,0,0
2026-01-04,3,157,122,1,380.96,0.0,0,0
2026-01-04,4,57,45,2,791.76,0.0,0,0
2026-01-04,5,40,31,1,291.52,0.0,0,0
2026-01-04,6,0,0,3,809.46,0.0,0,0
2026-01-04,7,66,53,1,293.1,0.0,0,0
2026-01-05,1,126,105,2,1302.27,0.0,0,0
2026-01-05,2,23,19,0,0.0,0.0,0,0
2026-01-05,3,113,96,1,502.44,0.0,0,0
2026-01-05,4,16,12,0,0.0,0.0,0,0
2026-01-05,5,124,105,4,1805.17,273.66,4509,248
2026-01-05,6,0,0,4,926.95,0.0,0,0
2026-01-05,7,171,133,3,783.82,0.0,0,0
2026-01-06,1,185,152,3,2167.25,0.0,0,0
2026-01-06,2,23,19,0,0.0,0.0,0,0
2026-01-06,3,8,6,0,0.0,0.0,0,0
2026-01-06,4,37,29,1,366.46,0.0,0,0
2026-01-06,5,40,31,1,721.02,260.04,4290,236
2026-01-06,6,0,0,3,1592.7,0.0,0,0
2026-01-06,7,190,160,3,986.87,0.0,0,0
2026-01-07,1,166,142,3,2046.12,0.0,0,0
2026-01-07,2,57,46,1,691.71,0.0,0,0
2026-01-07,3,136,114,1,155.65,0.0,0,0
2026-01-07,4,36,30,1,836.15,0.0,0,0
2026-01-07,5,102,85,3,521.25,199.01,3272,180
2026-01-07,6,0,0,1,172.22,0.0,0,0
2026-01-07,7,65,51,1,191.94,0.0,0,0
2026-01-08,1,93,78,1,699.84,0.0,0,0
2026-01-08,2,54,44,1,295.98,0.0,0,0
2026-01-08,3,8,6,0,0.0,0.0,0,0
2026-01-08,4,16,12,0,0.0,0.0,0,0
2026-01-08,5,183,148,6,1707.94,275.42,4545,250
2026-01-08,6,0,0,4,1198.64,0.0,0,0
2026-01-08,7,215,179,4,1705.54,0.0,0,0
2026-01-09,1,217,175,4,1754.09,0.0,0,0
2026-01-09,2,107,88,3,881.55,0.0,0,0
2026-01-09,3,8,6,0,0.0,0.0,0,0
2026-01-09,4,16,13,0,0.0,0.0,0,0
2026-01-09,5,12,9,0,0.0,192.88,3181,175
2026-01-09,6,0,0,7,2970.88,0.0,0,0
2026-01-09,7,66,55,1,241.24,0.0,0,0
2026-01-10,1,137,115,2,1009.9,0.0,0,0
2026-01-10,2,89,72,2,471.7,0.0,0,0
2026-01-10,3,267,227,2,1949.96,0.0,0,0
2026-01-10,4,35,29,1,1056.23,0.0,0,0
2026-01-10,5,68,53,2,1136.08,248.19,4090,225
2026-01-10,6,0,0,6,1933.18,0.0,0,0
2026-01-10,7,172,135,3,638.25,0.0,0,0
2026-01-11,1,175,148,3,804.51,0.0,0,0
2026-01-11,2,23,18,0,0.0,0.0,0,0
2026-01-11,3,8,6,0,0.0,0.0,0,0
2026-01-11,4,36,30,1,878.4,0.0,0,0
2026-01-11,5,40,32,1,374.49,224.51,3709,204
2026-01-11,6,0,0,2,1245.77,0.0,0,0
2026-01-11,7,10,8,0,0.0,0.0,0,0
2026-01-12,1,277,231,6,2156.86,0.0,0,0
2026-01-12,2,90,72,2,1668.72,0.0,0,0
2026-01-12,3,8,6,0,0.0,0.0,0,0
2026-01-12,4,38,32,1,201.73,0.0,0,0
2026-01-12,5,62,50,2,1245.84,201.79,3327,183
2026-01-12,6,0,0,2,826.78,0.0,0,0
2026-01-12,7,10,7,0,0.0,0.0,0,0
2026-01-13,1,351,276,8,3997.68,0.0,0,0
2026-01-13,2,88,71,2,817.3,0.0,0,0
2026-01-13,3,8,6,0,0.0,0.0,0,0
2026-01-13,4,16,13,0,0.0,0.0,0,0
2026-01-13,5,77,64,2,1959.99,193.62,3200,176
2026-01-13,6,0,0,4,2904.31,0.0,0,0
2026-01-13,7,10,8,0,0.0,0.0,0,0
2026-01-14,1,273,230,5,1607.15,0.0,0,0
2026-01-14,2,54,43,1,339.92,0.0,0,0
2026-01-14,3,120,98,1,368.38,0.0,0,0
2026-01-14,4,37,30,1,437.86,0.0,0,0
2026-01-14,5,66,55,2,556.88,261.8,4327,238
2026-01-14,6,0,0,6,1164.13,0.0,0,0
2026-01-14,7,10,8,0,0.0,0.0,0,0
2026-01-15,1,281,237,5,3988.0,0.0,0,0
2026-01-15,2,55,46,1,145.78,0.0,0,0
2026-01-15,3,8,6,0,0.0,0.0,0,0
2026-01-15,4,16,13,0,0.0,0.0,0,0
2026-01-15,5,12,9,0,0.0,247.75,4090,225
2026-01-15,6,0,0,2,579.13,0.0,0,0
2026-01-15,7,10,7,0,0.0,0.0,0,0
2026-01-16,1,224,190,4,1455.22,0.0,0,0
2026-01-16,2,149,121,4,2690.62,0.0,0,0
2026-01-16,3,130,111,1,187.66,0.0,0,0
2026-01-16,4,39,31,1,350.08,0.0,0,0
2026-01-16,5,84,67,3,1624.06,306.65,5054,278
2026-01-16,6,0,0,3,1599.98,0.0,0,0
2026-01-16,7,60,47,1,193.92,0.0,0,0
2026-01-17,1,168,143,3,1422.46,0.0,0,0
2026-01-17,2,142,112,4,2382.76,0.0,0,0
2026-01-17,3,136,111,1,332.2,0.0,0,0
2026-01-17,4,82,66,3,1126.94,0.0,0,0
2026-01-17,5,62,52,2,483.15,264.73,4363,240
2026-01-17,6,0,0,6,976.01,0.0,0,0
2026-01-17,7,10,8,0,0.0,0.0,0,0
2026-01-18,1,348,287,7,2768.37,0.0,0,0
2026-01-18,2,86,70,2,550.88,0.0,0,0
2026-01-18,3,281,225,2,1958.85,0.0,0,0
2026-01-18,4,39,32,1,196.9,0.0,0,0
2026-01-18,5,12,10,0,0.0,252.43,4163,229
2026-01-18,6,0,0,4,1841.65,0.0,0,0
2026-01-18,7,66,55,1,240.7,0.0,0,0
2026-01-19,1,361,307,7,3709.19,0.0,0,0
2026-01-19,2,122,98,3,1843.06,0.0,0,0
2026-01-19,3,8,6,0,0.0,0.0,0,0
2026-01-19,4,64,51,2,957.18,0.0,0,0
2026-01-19,5,12,9,0,0.0,342.31,5654,311
2026-01-19,6,0,0,5,1022.71,0.0,0,0
2026-01-19,7,111,91,2,311.28,0.0,0,0
2026-01-20,1,179,148,3,510.83,0.0,0,0
2026-01-20,2,259,215,7,2118.03,0.0,0,0
2026-01-20,3,8,6,0,0.0,0.0,0,0
2026-01-20,4,110,92,4,1099.63,0.0,0,0
2026-01-20,5,37,29,1,171.54,168.14,2763,152
2026-01-20,6,0,0,2,571.31,0.0,0,0
2026-01-20,7,63,49,1,234.79,0.0,0,0
2026-01-21,1,206,172,4,1262.46,0.0,0,0
2026-01-21,2,54,45,1,191.23,0.0,0,0
2026-01-21,3,8,6,0,0.0,0.0,0,0
2026-01-21,4,16,12,0,0.0,0.0,0,0
2026-01-21,5,74,60,2,949.99,259.17,4272,235
2026-01-21,6,0,0,3,1067.84,0.0,0,0
2026-01-21,7,10,8,0,0.0,0.0,0,0
2026-01-22,1,320,263,6,3052.91,0.0,0,0
2026-01-22,2,133,108,3,2402.4,0.0,0,0
2026-01-22,3,8,6,0,0.0,0.0,0,0
2026-01-22,4,83,71,3,978.49,0.0,0,0
2026-01-22,5,66,52,2,706.14,248.22,4090,225
2026-01-22,6,0,0,3,499.85,0.0,0,0
2026-01-22,7,180,152,3,951.12,0.0,0,0
2026-01-23,1,168,135,3,2579.72,0.0,0,0
2026-01-23,2,169,134,5,2384.76,0.0,0,0
2026-01-23,3,8,6,0,0.0,0.0,0,0
2026-01-23,4,58,45,2,524.79,0.0,0,0
2026-01-23,5,41,33,1,184.01,267.19,4400,242
2026-01-23,6,0,0,4,2039.54,0.0,0,0
2026-01-23,7,10,8,0,0.0,0.0,0,0
2026-01-24,1,171,140,3,1854.84,0.0,0,0
2026-01-24,2,53,43,1,322.14,0.0,0,0
2026-01-24,3,144,120,1,203.32,0.0,0,0
2026-01-24,4,39,30,1,564.93,0.0,0,0
2026-01-24,5,67,52,2,834.2,174.15,2872,158
2026-01-24,6,0,0,5,3761.78,0.0,0,0
2026-01-24,7,122,100,2,2278.48,0.0,0,0
2026-01-25,1,172,138,3,1289.16,0.0,0,0
2026-01-25,2,114,97,3,2079.92,0.0,0,0
2026-01-25,3,132,110,1,135.73,0.0,0,0
2026-01-25,4,38,31,1,254.94,0.0,0,0
2026-01-25,5,13,11,0,0.0,289.01,4763,262
2026-01-25,6,0,0,6,3724.38,0.0,0,0
2026-01-25,7,176,141,3,1444.05,0.0,0,0
2026-01-26,1,285,235,6,3452.89,0.0,0,0
2026-01-26,2,94,75,2,2762.1,0.0,0,0
2026-01-26,3,8,6,0,0.0,0.0,0,0
2026-01-26,4,38,30,1,691.65,0.0,0,0
2026-01-26,5,73,59,2,711.9,210.29,3472,191
2026-01-26,6,0,0,5,2487.29,0.0,0,0
2026-01-26,7,66,52,1,257.02,0.0,0,0
2026-01-27,1,92,76,1,203.8,0.0,0,0
2026-01-27,2,124,104,3,900.09,0.0,0,0
2026-01-27,3,242,205,2,1035.24,0.0,0,0
2026-01-27,4,38,31,1,539.28,0.0,0,0
2026-01-27,5,40,33,1,214.86,186.83,3072,169
2026-01-27,6,0,0,7,3509.5,0.0,0,0
2026-01-27,7,109,87,2,1798.14,0.0,0,0
2026-01-28,1,413,325,9,2617.24,0.0,0,0
2026-01-28,2,59,46,1,182.34,0.0,0,0
2026-01-28,3,167,132,1,450.02,0.0,0,0
2026-01-28,4,41,35,1,655.14,0.0,0,0
2026-01-28,5,68,54,2,398.09,222.41,3672,202
2026-01-28,6,0,0,2,531.51,0.0,0,0
2026-01-28,7,64,54,1,240.07,0.0,0,0
2026-01-29,1,177,146,3,584.62,0.0,0,0
2026-01-29,2,108,84,3,2813.77,0.0,0,0
2026-01-29,3,8,6,0,0.0,0.0,0,0
2026-01-29,4,100,83,4,1594.33,0.0,0,0
2026-01-29,5,39,31,1,403.92,190.66,3145,173
2026-01-29,6,0,0,5,1946.62,0.0,0,0
2026-01-29,7,55,44,1,752.31,0.0,0,0
2026-01-30,1,250,202,5,2848.73,0.0,0,0
2026-01-30,2,58,49,1,431.16,0.0,0,0
2026-01-30,3,136,111,1,208.99,0.0,0,0
2026-01-30,4,17,13,0,0.0,0.0,0,0
2026-01-30,5,36,29,1,490.59,155.72,2563,141
2026-01-30,6,0,0,3,1233.57,0.0,0,0
2026-01-30,7,60,50,1,269.58,0.0,0,0
2026-01-31,1,183,151,3,1861.23,0.0,0,0
2026-01-31,2,82,68,2,2324.78,0.0,0,0
2026-01-31,3,236,185,2,401.36,0.0,0,0
2026-01-31,4,39,33,1,204.93,0.0,0,0
2026-01-31,5,40,31,1,179.98,270.65,4472,246
2026-01-31,6,0,0,8,3962.9,0.0,0,0
2026-01-31,7,195,160,3,705.13,0.0,0,0
2026-02-01,1,248,195,5,2151.5,0.0,0,0
2026-02-01,2,89,73,2,2294.32,0.0,0,0
2026-02-01,3,9,7,0,0.0,0.0,0,0
2026-02-01,4,40,32,1,285.39,0.0,0,0
2026-02-01,5,37,30,1,187.51,175.26,2890,159
2026-02-01,6,0,0,3,845.81,0.0,0,0
2026-02-01,7,120,94,2,456.64,0.0,0,0
2026-02-02,1,215,180,4,2763.09,0.0,0,0
2026-02-02,2,61,51,1,349.7,0.0,0,0
2026-02-02,3,341,286,3,1705.86,0.0,0,0
2026-02-02,4,37,30,1,845.08,0.0,0,0
2026-02-02,5,41,33,1,221.91,244.46,4036,222
2026-02-02,6,0,0,4,1431.79,0.0,0,0
2026-02-02,7,74,61,1,1083.04,0.0,0,0
2026-02-03,1,204,159,4,1818.21,0.0,0,0
2026-02-03,2,56,44,1,574.41,0.0,0,0
2026-02-03,3,403,323,3,800.39,0.0,0,0
2026-02-03,4,111,88,4,1776.56,0.0,0,0
2026-02-03,5,40,31,1,528.52,205.73,3400,187
2026-02-03,6,0,0,7,4042.59,0.0,0,0
2026-02-03,7,163,127,3,821.39,0.0,0,0
2026-02-04,1,241,206,5,1267.84,0.0,0,0
2026-02-04,2,90,75,2,2247.6,0.0,0,0
2026-02-04,3,248,201,2,402.56,0.0,0,0
2026-02-04,4,39,32,1,299.57,0.0,0,0
2026-02-04,5,72,60,2,1036.48,275.38,4545,250
2026-02-04,6,0,0,9,3366.53,0.0,0,0
2026-02-04,7,188,151,3,2048.98,0.0,0,0
2026-02-05,1,471,373,10,4224.34,0.0,0,0
2026-02-05,2,58,45,1,441.54,0.0,0,0
2026-02-05,3,125,97,1,349.8,0.0,0,0
2026-02-05,4,90,73,4,2049.29,0.0,0,0
2026-02-05,5,161,130,5,2200.05,150.15,2472,136
2026-02-05,6,0,0,6,1972.5,0.0,0,0
2026-02-05,7,11,8,0,0.0,0.0,0,0
2026-02-06,1,339,280,7,3034.91,0.0,0,0
2026-02-06,2,126,101,3,2398.41,0.0,0,0
2026-02-06,3,468,397,4,2156.79,0.0,0,0
2026-02-06,4,41,33,1,608.64,0.0,0,0
2026-02-06,5,36,30,1,152.46,216.72,3581,197
2026-02-06,6,0,0,7,3740.1,0.0,0,0
2026-02-06,7,122,104,2,1193.72,0.0,0,0
2026-02-07,1,365,288,7,2328.13,0.0,0,0
2026-02-07,2,173,143,4,1148.16,0.0,0,0
2026-02-07,3,131,106,1,1029.0,0.0,0,0
2026-02-07,4,61,49,2,1143.38,0.0,0,0
2026-02-07,5,66,51,2,786.56,265.25,4381,241
2026-02-07,6,0,0,1,187.52,0.0,0,0
2026-02-07,7,172,140,3,1679.14,0.0,0,0
2026-02-08,1,132,113,2,1878.6,0.0,0,0
2026-02-08,2,265,214,8,2879.6,0.0,0,0
2026-02-08,3,163,138,1,191.82,0.0,0,0
2026-02-08,4,78,61,3,713.57,0.0,0,0
2026-02-08,5,43,34,1,464.68,135.55,2236,123
2026-02-08,6,0,0,11,4762.22,0.0,0,0
2026-02-08,7,68,56,1,619.44,0.0,0,0
2026-02-09,1,191,155,3,1480.8,0.0,0,0
2026-02-09,2,98,76,2,1350.21,0.0,0,0
2026-02-09,3,100,81,1,979.36,0.0,0,0
2026-02-09,4,39,32,1,318.72,0.0,0,0
2026-02-09,5,129,103,4,1564.66,199.02,3272,180
2026-02-09,6,0,0,7,2070.67,0.0,0,0
2026-02-09,7,72,56,1,312.38,0.0,0,0
2026-02-10,1,183,154,3,1415.64,0.0,0,0
2026-02-10,2,198,163,5,1509.34,0.0,0,0
2026-02-10,3,9,7,0,0.0,0.0,0,0
2026-02-10,4,61,50,2,963.04,0.0,0,0
2026-02-10,5,67,53,2,942.98,217.68,3581,197
2026-02-10,6,0,0,9,3329.97,0.0,0,0
2026-02-10,7,11,8,0,0.0,0.0,0,0
2026-02-11,1,346,289,6,2639.31,0.0,0,0
2026-02-11,2,129,108,3,3624.45,0.0,0,0
2026-02-11,3,309,246,2,2490.84,0.0,0,0
2026-02-11,4,42,35,1,433.26,0.0,0,0
2026-02-11,5,43,35,1,193.76,355.11,5854,322
2026-02-11,6,0,0,10,3984.47,0.0,0,0
2026-02-11,7,70,59,1,602.31,0.0,0,0
2026-02-12,1,343,277,7,5103.68,0.0,0,0
2026-02-12,2,59,48,1,424.46,0.0,0,0
2026-02-12,3,9,7,0,0.0,0.0,0,0
2026-02-12,4,19,16,0,0.0,0.0,0,0
2026-02-12,5,49,41,1,187.28,210.25,3472,191
2026-02-12,6,0,0,5,2229.72,0.0,0,0
2026-02-12,7,69,57,1,240.64,0.0,0,0
2026-02-13,1,266,227,5,2503.38,0.0,0,0
2026-02-13,2,124,101,3,955.22,0.0,0,0
2026-02-13,3,128,109,1,806.96,0.0,0,0
2026-02-13,4,68,58,2,797.96,0.0,0,0
2026-02-13,5,185,158,6,4254.55,259.22,4272,235
2026-02-13,6,0,0,1,195.33,0.0,0,0
2026-02-13,7,70,58,1,513.64,0.0,0,0
2026-02-14,1,414,348,8,4390.41,0.0,0,0
2026-02-14,2,278,236,8,5308.07,0.0,0,0
2026-02-14,3,9,7,0,0.0,0.0,0,0
2026-02-14,4,129,102,5,2154.72,0.0,0,0
2026-02-14,5,122,100,4,1592.96,201.44,3327,183
2026-02-14,6,0,0,4,1428.91,0.0,0,0
2026-02-14,7,11,8,0,0.0,0.0,0,0
2026-02-15,1,366,286,7,3937.1,0.0,0,0
2026-02-15,2,231,191,6,3155.28,0.0,0,0
2026-02-15,3,266,217,2,1778.62,0.0,0,0
2026-02-15,4,90,70,3,2144.05,0.0,0,0
2026-02-15,5,152,125,4,2342.84,181.61,3000,165
2026-02-15,6,0,0,2,593.17,0.0,0,0
2026-02-15,7,113,89,2,882.14,0.0,0,0
2026-02-16,1,233,193,4,2385.09,0.0,0,0
2026-02-16,2,361,291,10,3549.92,0.0,0,0
2026-02-16,3,10,7,0,0.0,0.0,0,0
2026-02-16,4,63,52,2,1343.67,0.0,0,0
2026-02-16,5,15,12,0,0.0,147.94,2436,134
2026-02-16,6,0,0,5,3483.39,0.0,0,0
2026-02-16,7,64,50,1,761.16,0.0,0,0
2026-02-17,1,365,289,7,3100.08,0.0,0,0
2026-02-17,2,196,155,5,2897.45,0.0,0,0
2026-02-17,3,266,216,2,1878.74,0.0,0,0
2026-02-17,4,72,61,3,3112.11,0.0,0,0
2026-02-17,5,41,32,1,291.66,176.44,2909,160
2026-02-17,6,0,0,3,583.1,0.0,0,0
2026-02-17,7,69,57,1,186.41,0.0,0,0
2026-02-18,1,217,179,4,2075.78,0.0,0,0
2026-02-18,2,158,131,4,1893.72,0.0,0,0
2026-02-18,3,644,511,5,1721.08,0.0,0,0
2026-02-18,4,78,63,3,1630.55,0.0,0,0
2026-02-18,5,15,12,0,0.0,274.57,4527,249
2026-02-18,6,0,0,6,2104.14,0.0,0,0
2026-02-18,7,12,9,0,0.0,0.0,0,0
2026-02-19,1,359,304,7,4298.68,0.0,0,0
2026-02-19,2,175,139,5,2496.98,0.0,0,0
2026-02-19,3,371,310,3,1149.59,0.0,0,0
2026-02-19,4,62,48,2,417.82,0.0,0,0
2026-02-19,5,67,53,2,562.56,191.25,3145,173
2026-02-19,6,0,0,6,2281.25,0.0,0,0
2026-02-19,7,68,56,1,449.02,0.0,0,0
2026-02-20,1,294,252,5,3754.17,0.0,0,0
2026-02-20,2,284,233,8,3498.78,0.0,0,0
2026-02-20,3,10,8,0,0.0,0.0,0,0
2026-02-20,4,40,33,1,195.75,0.0,0,0
2026-02-20,5,40,31,1,192.28,218.31,3600,198
2026-02-20,6,0,0,9,3085.22,0.0,0,0
2026-02-20,7,224,174,4,1799.32,0.0,0,0
2026-02-21,1,444,360,10,6473.45,0.0,0,0
2026-02-21,2,124,106,3,1252.54,0.0,0,0
2026-02-21,3,466,376,4,1409.28,0.0,0,0
2026-02-21,4,154,124,6,3331.21,0.0,0,0
2026-02-21,5,100,85,3,2016.48,227.79,3763,207
2026-02-21,6,0,0,7,2582.95,0.0,0,0
2026-02-21,7,71,58,1,190.73,0.0,0,0
2026-02-22,1,299,239,6,2529.73,0.0,0,0
2026-02-22,2,92,75,2,758.45,0.0,0,0
2026-02-22,3,129,110,1,164.62,0.0,0,0
2026-02-22,4,69,56,2,1203.91,0.0,0,0
2026-02-22,5,16,13,0,0.0,256.84,4236,233
2026-02-22,6,0,0,2,697.57,0.0,0,0
2026-02-22,7,185,144,3,1590.92,0.0,0,0
2026-02-23,1,361,293,7,6391.29,0.0,0,0
2026-02-23,2,130,104,3,883.48,0.0,0,0
2026-02-23,3,141,118,1,497.38,0.0,0,0
2026-02-23,4,65,54,2,1140.44,0.0,0,0
2026-02-23,5,44,37,1,726.57,194.0,3200,176
2026-02-23,6,0,0,8,4615.22,0.0,0,0
2026-02-23,7,313,255,5,1915.88,0.0,0,0
2026-02-24,1,199,169,3,1484.16,0.0,0,0
2026-02-24,2,271,228,7,3981.48,0.0,0,0
2026-02-24,3,130,106,1,497.18,0.0,0,0
2026-02-24,4,82,65,3,2887.63,0.0,0,0
2026-02-24,5,68,57,2,944.84,149.01,2454,135
2026-02-24,6,0,0,5,4643.24,0.0,0,0
2026-02-24,7,13,10,0,0.0,0.0,0,0
2026-02-25,1,108,87,1,1657.98,0.0,0,0
2026-02-25,2,94,80,2,3908.34,0.0,0,0
2026-02-25,3,335,280,3,818.62,0.0,0,0
2026-02-25,4,119,95,4,3212.01,0.0,0,0
2026-02-25,5,16,13,0,0.0,251.42,4145,228
2026-02-25,6,0,0,9,3932.08,0.0,0,0
2026-02-25,7,130,101,2,917.56,0.0,0,0
2026-02-26,1,235,196,4,2663.95,0.0,0,0
2026-02-26,2,310,254,8,4505.69,0.0,0,0
2026-02-26,3,132,105,1,436.02,0.0,0,0
2026-02-26,4,136,112,5,3513.87,0.0,0,0
2026-02-26,5,41,32,1,903.88,242.75,4000,220
2026-02-26,6,0,0,4,2348.49,0.0,0,0
2026-02-26,7,13,10,0,0.0,0.0,0,0
2026-02-27,1,325,273,6,2888.8,0.0,0,0
2026-02-27,2,228,192,6,2552.8,0.0,0,0
2026-02-27,3,289,246,2,650.36,0.0,0,0
2026-02-27,4,63,54,2,845.24,0.0,0,0
2026-02-27,5,44,36,1,610.64,178.21,2945,162
2026-02-27,6,0,0,5,3026.95,0.0,0,0
2026-02-27,7,13,10,0,0.0,0.0,0,0
2026-02-28,1,303,255,7,4429.38,0.0,0,0
2026-02-28,2,188,151,5,2829.4,0.0,0,0
2026-02-28,3,277,228,2,1377.48,0.0,0,0
2026-02-28,4,68,53,2,1250.37,0.0,0,0
2026-02-28,5,46,37,1,822.51,0.0,0,0
2026-02-28,6,0,0,4,1333.73,0.0,0,0
2026-02-28,7,222,188,4,3534.74,0.0,0,0
2026-03-01,1,199,167,3,1589.03,0.0,0,0
2026-03-01,2,331,269,9,4501.27,0.0,0,0
2026-03-01,3,245,202,2,838.21,0.0,0,0
2026-03-01,4,44,36,1,286.02,0.0,0,0
2026-03-01,5,96,79,3,1836.57,0.0,0,0
2026-03-01,6,0,0,3,1046.9,0.0,0,0
2026-03-01,7,224,188,4,1923.26,0.0,0,0
2026-03-02,1,459,362,9,5668.49,0.0,0,0
2026-03-02,2,169,134,4,2678.62,318.84,3976,167
2026-03-02,3,131,111,1,595.18,0.0,0,0
2026-03-02,4,61,51,2,1072.71,0.0,0,0
2026-03-02,5,139,110,4,2317.4,0.0,0,0
2026-03-02,6,0,0,8,2663.63,0.0,0,0
2026-03-02,7,13,11,0,0.0,0.0,0,0
2026-03-03,1,603,499,13,7091.69,0.0,0,0
2026-03-03,2,125,100,3,1730.8,350.41,4380,184
2026-03-03,3,254,201,2,1982.63,0.0,0,0
2026-03-03,4,114,95,4,1226.2,0.0,0,0
2026-03-03,5,69,58,2,878.59,0.0,0,0
2026-03-03,6,0,0,5,1630.27,0.0,0,0
2026-03-03,7,71,56,1,230.8,0.0,0,0
2026-03-04,1,288,235,5,3539.68,0.0,0,0
2026-03-04,2,166,134,4,1539.95,389.1,4857,204
2026-03-04,3,11,9,0,0.0,0.0,0,0
2026-03-04,4,88,72,3,2243.26,0.0,0,0
2026-03-04,5,98,76,3,1400.75,0.0,0,0
2026-03-04,6,0,0,7,3369.26,0.0,0,0
2026-03-04,7,14,11,0,0.0,0.0,0,0
2026-03-05,1,379,323,7,3763.65,0.0,0,0
2026-03-05,2,139,116,3,4159.34,359.58,4500,189
2026-03-05,3,136,106,1,263.9,0.0,0,0
2026-03-05,4,43,36,1,1671.93,0.0,0,0
2026-03-05,5,102,86,3,2023.05,0.0,0,0
2026-03-05,6,0,0,8,3827.32,0.0,0,0
2026-03-05,7,185,149,3,1184.14,0.0,0,0
2026-03-06,1,405,320,8,3430.25,0.0,0,0
2026-03-06,2,95,80,2,827.82,208.83,2595,109
2026-03-06,3,134,112,1,349.51,0.0,0,0
2026-03-06,4,42,34,1,745.2,0.0,0,0
2026-03-06,5,94,77,3,1122.92,0.0,0,0
2026-03-06,6,0,0,10,3206.54,0.0,0,0
2026-03-06,7,14,11,0,0.0,0.0,0,0
2026-03-07,1,325,262,6,3051.42,0.0,0,0
2026-03-07,2,141,120,3,1670.56,473.23,5928,249
2026-03-07,3,12,9,0,0.0,0.0,0,0
2026-03-07,4,44,35,1,302.15,0.0,0,0
2026-03-07,5,81,67,2,2331.86,0.0,0,0
2026-03-07,6,0,0,9,4504.41,0.0,0,0
2026-03-07,7,127,104,2,780.95,0.0,0,0
2026-03-08,1,457,367,9,5710.45,0.0,0,0
2026-03-08,2,210,171,7,2022.4,473.32,5928,249
2026-03-08,3,12,10,0,0.0,0.0,0,0
2026-03-08,4,131,109,5,3663.75,0.0,0,0
2026-03-08,5,46,36,1,1243.2,0.0,0,0
2026-03-08,6,0,0,7,2483.9,0.0,0,0
2026-03-08,7,74,63,1,293.99,0.0,0,0
2026-03-09,1,231,190,4,1628.74,0.0,0,0
2026-03-09,2,182,147,5,3691.25,453.58,5666,238
2026-03-09,3,138,117,1,324.28,0.0,0,0
2026-03-09,4,149,127,5,2434.28,0.0,0,0
2026-03-09,5,75,62,2,1687.68,0.0,0,0
2026-03-09,6,0,0,4,888.58,0.0,0,0
2026-03-09,7,69,57,1,618.18,0.0,0,0
2026-03-10,1,209,168,3,1993.54,0.0,0,0
2026-03-10,2,175,147,4,1963.21,422.06,5285,222
2026-03-10,3,131,106,1,1232.2,0.0,0,0
2026-03-10,4,45,35,1,2277.6,0.0,0,0
2026-03-10,5,19,15,0,0.0,0.0,0,0
2026-03-10,6,0,0,9,4716.88,0.0,0,0
2026-03-10,7,15,11,0,0.0,0.0,0,0
2026-03-11,1,438,348,9,4781.65,0.0,0,0
2026-03-11,2,112,94,2,536.96,498.16,6238,262
2026-03-11,3,12,10,0,0.0,0.0,0,0
2026-03-11,4,107,85,4,2713.78,0.0,0,0
2026-03-11,5,48,41,1,287.66,0.0,0,0
2026-03-11,6,0,0,3,2892.15,0.0,0,0
2026-03-11,7,66,55,1,267.35,0.0,0,0
2026-03-12,1,329,268,7,3460.17,0.0,0,0
2026-03-12,2,227,186,6,5073.28,371.46,4642,195
2026-03-12,3,369,293,3,2120.02,0.0,0,0
2026-03-12,4,130,103,5,1812.29,0.0,0,0
2026-03-12,5,108,92,3,2238.15,0.0,0,0
2026-03-12,6,0,0,5,2778.85,0.0,0,0
2026-03-12,7,63,53,1,610.64,0.0,0,0
2026-03-13,1,238,198,4,2508.31,0.0,0,0
2026-03-13,2,168,140,4,2269.8,430.63,5380,226
2026-03-13,3,261,213,2,2071.48,0.0,0,0
2026-03-13,4,165,137,6,6115.85,0.0,0,0
2026-03-13,5,19,15,0,0.0,0.0,0,0
2026-03-13,6,0,0,6,3698.32,0.0,0,0
2026-03-13,7,173,140,3,4250.17,0.0,0,0
2026-03-14,1,187,148,3,1284.08,0.0,0,0
2026-03-14,2,160,134,4,3319.91,326.79,4071,171
2026-03-14,3,12,9,0,0.0,0.0,0,0
2026-03-14,4,115,94,4,2734.65,0.0,0,0
2026-03-14,5,47,36,1,492.8,0.0,0,0
2026-03-14,6,0,0,7,4111.22,0.0,0,0
2026-03-14,7,73,57,1,241.77,0.0,0,0
2026-03-15,1,403,328,8,6273.0,0.0,0,0
2026-03-15,2,248,197,8,5765.3,442.94,5547,233
2026-03-15,3,133,105,1,565.04,0.0,0,0
2026-03-15,4,47,39,1,857.28,0.0,0,0
2026-03-15,5,157,131,5,2943.51,0.0,0,0
2026-03-15,6,0,0,6,3085.9,0.0,0,0
2026-03-15,7,74,60,1,244.56,0.0,0,0
2026-03-16,1,270,225,5,3795.98,0.0,0,0
2026-03-16,2,247,211,7,2107.96,378.2,4738,199
2026-03-16,3,13,10,0,0.0,0.0,0,0
2026-03-16,4,181,141,8,4640.35,0.0,0,0
2026-03-16,5,50,41,1,1291.5,0.0,0,0
2026-03-16,6,0,0,8,5968.59,0.0,0,0
2026-03-16,7,181,147,3,1295.64,0.0,0,0
2026-03-17,1,345,274,6,2031.76,0.0,0,0
2026-03-17,2,117,92,3,2254.97,320.06,3999,168
2026-03-17,3,392,336,3,1849.14,0.0,0,0
2026-03-17,4,49,38,1,206.37,0.0,0,0
2026-03-17,5,174,144,5,2025.84,0.0,0,0
2026-03-17,6,0,0,8,3185.13,0.0,0,0
2026-03-17,7,192,161,3,1115.35,0.0,0,0
2026-03-18,1,517,436,10,8563.89,0.0,0,0
2026-03-18,2,233,199,6,4145.28,416.1,5214,219
2026-03-18,3,343,292,3,2314.23,0.0,0,0
2026-03-18,4,120,96,4,2552.91,0.0,0,0
2026-03-18,5,132,103,4,2847.07,0.0,0,0
2026-03-18,6,0,0,4,2229.71,0.0,0,0
2026-03-18,7,128,103,2,506.29,0.0,0,0
2026-03-19,1,351,291,7,3685.27,0.0,0,0
2026-03-19,2,101,86,2,857.62,281.73,3523,148
2026-03-19,3,788,650,6,3979.3,0.0,0,0
2026-03-19,4,68,58,2,549.01,0.0,0,0
2026-03-19,5,73,58,2,1513.13,0.0,0,0
2026-03-19,6,0,0,6,3536.83,0.0,0,0
2026-03-19,7,184,149,3,2450.53,0.0,0,0
2026-03-20,1,495,424,9,7013.74,0.0,0,0
2026-03-20,2,158,126,4,3531.25,451.6,5642,237
2026-03-20,3,139,109,1,1306.92,0.0,0,0
2026-03-20,4,90,76,3,2514.56,0.0,0,0
2026-03-20,5,76,63,2,1238.43,0.0,0,0
2026-03-20,6,0,0,9,4701.8,0.0,0,0
2026-03-20,7,203,162,3,1580.09,0.0,0,0
2026-03-21,1,254,217,4,1125.41,0.0,0,0
2026-03-21,2,166,132,4,3567.35,393.15,4904,206
2026-03-21,3,154,129,1,277.9,0.0,0,0
2026-03-21,4,132,104,5,4466.7,0.0,0,0
2026-03-21,5,81,65,2,2154.93,0.0,0,0
2026-03-21,6,0,0,3,2033.81,0.0,0,0
2026-03-21,7,80,63,1,317.94,0.0,0,0
2026-03-22,1,646,523,14,8787.15,0.0,0,0
2026-03-22,2,306,252,8,5009.74,303.96,3785,159
2026-03-22,3,249,205,2,1730.55,0.0,0,0
2026-03-22,4,119,101,5,2288.31,0.0,0,0
2026-03-22,5,113,92,3,1733.83,0.0,0,0
2026-03-22,6,0,0,7,4152.75,0.0,0,0
2026-03-22,7,175,139,3,1880.68,0.0,0,0
2026-03-23,1,198,157,3,2679.02,0.0,0,0
2026-03-23,2,216,175,6,4776.91,335.42,4190,176
2026-03-23,3,247,199,2,1232.48,0.0,0,0
2026-03-23,4,72,60,2,579.38,0.0,0,0
2026-03-23,5,21,16,0,0.0,0.0,0,0
2026-03-23,6,0,0,8,6320.34,0.0,0,0
2026-03-23,7,233,181,4,3428.79,0.0,0,0
2026-03-24,1,421,354,8,7237.55,0.0,0,0
2026-03-24,2,184,158,4,3723.3,367.89,4595,193
2026-03-24,3,147,118,1,1404.7,0.0,0,0
2026-03-24,4,72,60,2,1463.86,0.0,0,0
2026-03-24,5,21,17,0,0.0,0.0,0,0
2026-03-24,6,0,0,6,3585.18,0.0,0,0
2026-03-24,7,182,144,3,1878.46,0.0,0,0
2026-03-25,1,679,560,13,7598.88,0.0,0,0
2026-03-25,2,255,214,7,4528.49,422.44,5285,222
2026-03-25,3,140,109,1,276.34,0.0,0,0
2026-03-25,4,171,146,6,2825.84,0.0,0,0
2026-03-25,5,52,42,1,513.26,0.0,0,0
2026-03-25,6,0,0,11,6351.7,0.0,0,0
2026-03-25,7,139,108,2,897.39,0.0,0,0
2026-03-26,1,483,411,10,6419.66,0.0,0,0
2026-03-26,2,309,259,9,5520.94,435.61,5452,229
2026-03-26,3,14,11,0,0.0,0.0,0,0
2026-03-26,4,48,40,1,522.14,0.0,0,0
2026-03-26,5,149,126,5,4506.28,0.0,0,0
2026-03-26,6,0,0,9,5172.54,0.0,0,0
2026-03-26,7,339,277,6,2070.97,0.0,0,0
2026-03-27,1,341,274,6,5225.15,0.0,0,0
2026-03-27,2,208,171,5,3504.59,343.01,4285,180
2026-03-27,3,282,230,2,2153.78,0.0,0,0
2026-03-27,4,218,171,8,5146.24,0.0,0,0
2026-03-27,5,72,58,2,956.99,0.0,0,0
2026-03-27,6,0,0,5,2878.18,0.0,0,0
2026-03-27,7,234,190,4,1081.59,0.0,0,0
2026-03-28,1,430,355,9,5194.11,0.0,0,0
2026-03-28,2,221,187,5,3808.29,349.15,4357,183
2026-03-28,3,358,282,3,2431.06,0.0,0,0
2026-03-28,4,119,97,4,2076.32,0.0,0,0
2026-03-28,5,141,110,4,1699.59,0.0,0,0
2026-03-28,6,0,0,6,3005.02,0.0,0,0
2026-03-28,7,194,158,3,1755.28,0.0,0,0
2026-03-29,1,530,443,11,6220.8,0.0,0,0
2026-03-29,2,146,114,3,1412.46,485.01,6071,255
2026-03-29,3,131,107,1,325.06,0.0,0,0
2026-03-29,4,90,75,3,2562.11,0.0,0,0
2026-03-29,5,67,53,2,1722.45,0.0,0,0
2026-03-29,6,0,0,12,8757.31,0.0,0,0
2026-03-29,7,17,13,0,0.0,0.0,0,0
2026-03-30,1,597,504,11,9016.51,0.0,0,0
2026-03-30,2,105,84,2,2772.72,301.01,3761,158
2026-03-30,3,144,120,1,1363.24,0.0,0,0
2026-03-30,4,145,114,5,6296.83,0.0,0,0
2026-03-30,5,53,42,1,278.15,0.0,0,0
2026-03-30,6,0,0,7,4315.14,0.0,0,0
2026-03-30,7,185,152,3,2646.17,0.0,0,0
2026-03-31,1,638,536,12,8235.5,0.0,0,0
2026-03-31,2,215,169,5,3593.65,404.06,5047,212
2026-03-31,3,14,10,0,0.0,0.0,0,0
2026-03-31,4,74,62,2,1631.41,0.0,0,0
2026-03-31,5,52,42,1,303.3,0.0,0,0
2026-03-31,6,0,0,12,7181.27,0.0,0,0
2026-03-31,7,75,58,1,1301.16,0.0,0,0
2026-04-01,1,371,316,7,4688.44,0.0,0,0
2026-04-01,2,136,111,3,2837.67,313.39,3904,164
2026-04-01,3,238,186,2,954.28,0.0,0,0
2026-04-01,4,72,56,2,539.86,0.0,0,0
2026-04-01,5,88,73,3,1490.23,0.0,0,0
2026-04-01,6,0,0,13,5831.82,0.0,0,0
2026-04-01,7,163,128,3,1564.38,0.0,0,0
2026-04-02,1,489,419,10,8178.05,0.0,0,0
2026-04-02,2,249,211,6,3575.35,262.95,3285,138
2026-04-02,3,870,736,7,5989.08,0.0,0,0
2026-04-02,4,30,24,0,0.0,0.0,0,0
2026-04-02,5,48,39,1,560.62,0.0,0,0
2026-04-02,6,0,0,6,4749.61,0.0,0,0
2026-04-02,7,183,157,3,869.55,0.0,0,0
2026-04-03,1,638,532,13,6883.51,0.0,0,0
2026-04-03,2,390,334,10,5260.56,293.35,3666,154
2026-04-03,3,124,105,1,626.54,0.0,0,0
2026-04-03,4,52,44,1,261.94,0.0,0,0
2026-04-03,5,53,44,1,305.29,0.0,0,0
2026-04-03,6,0,0,8,2869.89,0.0,0,0
2026-04-03,7,178,146,3,1998.42,0.0,0,0
2026-04-04,1,585,498,11,6361.62,0.0,0,0
2026-04-04,2,153,126,4,1870.17,395.17,4928,207
2026-04-04,3,825,670,7,3286.43,0.0,0,0
2026-04-04,4,30,23,0,0.0,0.0,0,0
2026-04-04,5,23,19,0,0.0,0.0,0,0
2026-04-04,6,0,0,9,4898.39,0.0,0,0
2026-04-04,7,314,256,5,4838.28,0.0,0,0
2026-04-05,1,393,325,8,5760.99,0.0,0,0
2026-04-05,2,128,106,3,1826.96,394.72,4928,207
2026-04-05,3,344,280,3,1339.94,0.0,0,0
2026-04-05,4,191,158,7,4849.13,0.0,0,0
2026-04-05,5,105,87,3,1757.88,0.0,0,0
2026-04-05,6,0,0,5,2520.75,0.0,0,0
2026-04-05,7,131,104,2,1725.62,0.0,0,0
2026-04-06,1,334,284,6,3048.77,0.0,0,0
2026-04-06,2,179,150,4,3032.96,409.67,5119,215
2026-04-06,3,410,348,3,1888.92,0.0,0,0
2026-04-06,4,69,55,2,568.22,0.0,0,0
2026-04-06,5,23,19,0,0.0,0.0,0,0
2026-04-06,6,0,0,10,4671.05,0.0,0,0
2026-04-06,7,170,135,3,888.28,0.0,0,0
2026-04-07,1,352,293,7,5635.2,0.0,0,0
2026-04-07,2,248,209,7,4423.92,344.67,4309,181
2026-04-07,3,660,548,5,2991.82,0.0,0,0
2026-04-07,4,67,56,2,848.28,0.0,0,0
2026-04-07,5,198,154,6,4061.18,0.0,0,0
2026-04-07,6,0,0,9,9931.43,0.0,0,0
2026-04-07,7,80,65,1,915.33,0.0,0,0
2026-04-08,1,435,368,9,4979.72,0.0,0,0
2026-04-08,2,237,198,6,2543.21,431.35,5404,227
2026-04-08,3,260,221,2,2532.3,0.0,0,0
2026-04-08,4,188,157,7,5137.22,0.0,0,0
2026-04-08,5,78,63,2,1963.03,0.0,0,0
2026-04-08,6,0,0,6,4811.16,0.0,0,0
2026-04-08,7,74,61,1,310.54,0.0,0,0
2026-04-09,1,339,275,6,4390.93,0.0,0,0
2026-04-09,2,167,136,4,1387.97,380.09,4761,200
2026-04-09,3,138,114,1,286.72,0.0,0,0
2026-04-09,4,130,101,4,1129.88,0.0,0,0
2026-04-09,5,24,19,0,0.0,0.0,0,0
2026-04-09,6,0,0,8,5389.97,0.0,0,0
2026-04-09,7,188,148,3,3221.96,0.0,0,0
2026-04-10,1,678,535,13,8462.02,0.0,0,0
2026-04-10,2,234,199,6,4371.65,317.37,3976,167
2026-04-10,3,142,115,1,299.48,0.0,0,0
2026-04-10,4,120,94,4,2113.44,0.0,0,0
2026-04-10,5,130,102,4,3832.4,0.0,0,0
2026-04-10,6,0,0,10,4764.77,0.0,0,0
2026-04-10,7,129,104,2,1020.6,0.0,0,0
2026-04-11,1,423,351,10,6375.1,0.0,0,0
2026-04-11,2,75,60,1,592.64,418.83,5238,220
2026-04-11,3,150,126,1,324.46,0.0,0,0
2026-04-11,4,52,41,1,268.92,0.0,0,0
2026-04-11,5,140,115,4,1429.33,0.0,0,0
2026-04-11,6,0,0,13,8024.73,0.0,0,0
2026-04-11,7,227,178,4,3227.68,0.0,0,0
2026-04-12,1,428,343,8,7257.28,0.0,0,0
2026-04-12,2,217,176,5,3295.62,346.58,4333,182
2026-04-12,3,146,122,1,564.66,0.0,0,0
2026-04-12,4,98,83,3,1702.55,0.0,0,0
2026-04-12,5,52,42,1,271.81,0.0,0,0
2026-04-12,6,0,0,11,10217.21,0.0,0,0
2026-04-12,7,141,112,2,1368.81,0.0,0,0
2026-04-13,1,438,373,9,5880.13,0.0,0,0
2026-04-13,2,267,218,6,3040.22,274.48,3428,144
2026-04-13,3,374,305,3,2135.9,0.0,0,0
2026-04-13,4,109,86,4,2023.62,0.0,0,0
2026-04-13,5,220,174,7,4953.45,0.0,0,0
2026-04-13,6,0,0,16,7430.06,0.0,0,0
2026-04-13,7,120,94,2,2818.59,0.0,0,0
2026-04-14,1,519,412,9,5018.58,0.0,0,0
2026-04-14,2,249,194,7,5332.02,408.77,5119,215
2026-04-14,3,702,603,6,4049.2,0.0,0,0
2026-04-14,4,102,84,3,1816.28,0.0,0,0
2026-04-14,5,77,61,2,1734.48,0.0,0,0
2026-04-14,6,0,0,9,4951.69,0.0,0,0
2026-04-14,7,19,15,0,0.0,0.0,0,0
2026-04-15,1,658,524,14,9176.69,0.0,0,0
2026-04-15,2,233,189,6,2663.51,384.08,4809,202
2026-04-15,3,16,12,0,0.0,0.0,0,0
2026-04-15,4,103,81,3,888.07,0.0,0,0
2026-04-15,5,135,107,4,3404.05,0.0,0,0
2026-04-15,6,0,0,12,5834.65,0.0,0,0
2026-04-15,7,120,102,2,1492.59,0.0,0,0
2026-04-16,1,481,381,9,7137.0,0.0,0,0
2026-04-16,2,197,157,5,3836.68,368.55,4595,193
2026-04-16,3,16,13,0,0.0,0.0,0,0
2026-04-16,4,54,44,1,328.29,0.0,0,0
2026-04-16,5,51,41,1,520.72,0.0,0,0
2026-04-16,6,0,0,8,5978.16,0.0,0,0
2026-04-16,7,368,297,7,3566.99,0.0,0,0
2026-04-17,1,931,768,18,13397.64,0.0,0,0
2026-04-17,2,138,115,3,2940.56,396.03,4952,208
2026-04-17,3,578,495,4,4375.29,0.0,0,0
2026-04-17,4,116,92,4,3934.42,0.0,0,0
2026-04-17,5,89,70,2,1903.62,0.0,0,0
2026-04-17,6,0,0,12,7263.46,0.0,0,0
2026-04-17,7,328,258,5,4056.89,0.0,0,0
2026-04-18,1,559,444,10,6643.28,0.0,0,0
2026-04-18,2,169,135,4,3024.55,448.49,5619,236
2026-04-18,3,150,120,1,1397.84,0.0,0,0
2026-04-18,4,103,81,4,2078.46,0.0,0,0
2026-04-18,5,54,45,1,255.92,0.0,0,0
2026-04-18,6,0,0,17,11287.98,0.0,0,0
2026-04-18,7,315,253,5,4368.96,0.0,0,0
2026-04-19,1,511,414,10,7135.47,0.0,0,0
2026-04-19,2,417,343,11,7942.48,384.22,4809,202
2026-04-19,3,247,198,2,918.79,0.0,0,0
2026-04-19,4,141,113,5,4687.97,0.0,0,0
2026-04-19,5,25,20,0,0.0,0.0,0,0
2026-04-19,6,0,0,9,5504.09,0.0,0,0
2026-04-19,7,128,104,2,2934.08,0.0,0,0
2026-04-20,1,412,335,8,4865.17,0.0,0,0
2026-04-20,2,260,207,7,6163.28,0.0,0,0
2026-04-20,3,383,324,3,2962.02,0.0,0,0
2026-04-20,4,126,106,4,3427.65,0.0,0,0
2026-04-20,5,167,136,5,7469.91,0.0,0,0
2026-04-20,6,0,0,9,5459.59,0.0,0,0
2026-04-20,7,135,109,2,2185.8,0.0,0,0
2026-04-21,1,238,190,3,2542.14,0.0,0,0
2026-04-21,2,373,311,9,5699.74,0.0,0,0
2026-04-21,3,138,113,1,1459.8,0.0,0,0
2026-04-21,4,57,48,1,585.02,0.0,0,0
2026-04-21,5,141,120,5,2074.25,0.0,0,0
2026-04-21,6,0,0,8,5182.34,0.0,0,0
2026-04-21,7,139,110,2,1411.32,0.0,0,0
2026-04-22,1,399,327,8,4717.4,0.0,0,0
2026-04-22,2,268,212,7,7802.5,0.0,0,0
2026-04-22,3,236,187,2,1060.66,0.0,0,0
2026-04-22,4,56,47,1,1273.64,0.0,0,0
2026-04-22,5,168,138,5,3246.0,0.0,0,0
2026-04-22,6,0,0,9,4967.6,0.0,0,0
2026-04-22,7,117,93,2,1293.77,0.0,0,0
2026-04-23,1,547,470,11,6407.81,0.0,0,0
2026-04-23,2,290,245,7,6363.65,0.0,0,0
2026-04-23,3,140,112,1,498.98,0.0,0,0
2026-04-23,4,114,96,4,1588.41,0.0,0,0
2026-04-23,5,136,114,4,3208.45,0.0,0,0
2026-04-23,6,0,0,10,9054.65,0.0,0,0
2026-04-23,7,78,62,1,2274.64,0.0,0,0
2026-04-24,1,424,361,7,3508.62,0.0,0,0
2026-04-24,2,114,91,2,1323.04,0.0,0,0
2026-04-24,3,142,114,1,1205.32,0.0,0,0
2026-04-24,4,34,27,0,0.0,0.0,0,0
2026-04-24,5,188,148,6,2173.09,0.0,0,0
2026-04-24,6,0,0,5,5455.73,0.0,0,0
2026-04-24,7,20,16,0,0.0,0.0,0,0
2026-04-25,1,614,499,13,12297.64,0.0,0,0
2026-04-25,2,430,361,11,7476.47,0.0,0,0
2026-04-25,3,366,303,3,1194.7,0.0,0,0
2026-04-25,4,149,123,5,3847.02,0.0,0,0
2026-04-25,5,53,44,1,628.06,0.0,0,0
2026-04-25,6,0,0,9,5184.02,0.0,0,0
2026-04-25,7,129,103,2,629.09,0.0,0,0
2026-04-26,1,416,336,8,5815.31,0.0,0,0
2026-04-26,2,177,143,4,2473.46,0.0,0,0
2026-04-26,3,283,233,2,1391.46,0.0,0,0
2026-04-26,4,149,125,5,4615.89,0.0,0,0
2026-04-26,5,88,70,2,580.01,0.0,0,0
2026-04-26,6,0,0,9,5117.63,0.0,0,0
2026-04-26,7,240,191,4,2497.97,0.0,0,0
2026-04-27,1,226,191,3,2661.58,0.0,0,0
2026-04-27,2,330,267,9,6879.56,0.0,0,0
2026-04-27,3,156,130,1,828.75,0.0,0,0
2026-04-27,4,101,84,3,1096.87,0.0,0,0
2026-04-27,5,87,74,2,1038.98,0.0,0,0
2026-04-27,6,0,0,6,4765.33,0.0,0,0
2026-04-27,7,126,104,2,2317.3,0.0,0,0
2026-04-28,1,555,443,10,6085.38,0.0,0,0
2026-04-28,2,295,253,8,4030.37,0.0,0,0
2026-04-28,3,878,712,7,4377.47,0.0,0,0
2026-04-28,4,106,83,3,1706.91,0.0,0,0
2026-04-28,5,215,180,6,2634.12,0.0,0,0
2026-04-28,6,0,0,8,7388.1,0.0,0,0
2026-04-28,7,21,16,0,0.0,0.0,0,0
2026-04-29,1,460,381,8,5143.78,0.0,0,0
2026-04-29,2,264,220,6,4572.53,0.0,0,0
2026-04-29,3,17,13,0,0.0,0.0,0,0
2026-04-29,4,126,100,4,3011.03,0.0,0,0
2026-04-29,5,80,67,2,698.23,0.0,0,0
2026-04-29,6,0,0,12,9590.19,0.0,0,0
2026-04-29,7,133,112,2,1748.54,0.0,0,0
2026-04-30,1,348,289,7,3506.64,0.0,0,0
2026-04-30,2,230,183,6,5293.57,0.0,0,0
2026-04-30,3,275,216,2,1035.54,0.0,0,0
2026-04-30,4,123,104,4,2728.18,0.0,0,0
2026-04-30,5,81,67,2,1474.57,0.0,0,0
2026-04-30,6,0,0,8,5303.87,0.0,0,0
2026-04-30,7,82,66,1,373.5,0.0,0,0
2026-05-01,1,571,453,11,9026.64,0.0,0,0
2026-05-01,2,182,142,4,2562.97,0.0,0,0
2026-05-01,3,142,119,1,721.28,0.0,0,0
2026-05-01,4,82,64,2,1248.2,0.0,0,0
2026-05-01,5,27,21,0,0.0,0.0,0,0
2026-05-01,6,0,0,5,2821.8,0.0,0,0
2026-05-01,7,133,105,2,592.58,0.0,0,0
2026-05-02,1,383,299,8,4271.32,0.0,0,0
2026-05-02,2,147,117,3,3323.94,0.0,0,0
2026-05-02,3,141,117,1,1022.1,0.0,0,0
2026-05-02,4,76,63,2,2058.32,0.0,0,0
2026-05-02,5,112,92,3,3494.48,0.0,0,0
2026-05-02,6,0,0,6,6753.47,0.0,0,0
2026-05-02,7,79,63,1,315.67,0.0,0,0
2026-05-03,1,312,256,6,5126.11,0.0,0,0
2026-05-03,2,240,191,6,3856.65,0.0,0,0
2026-05-03,3,133,111,1,387.62,0.0,0,0
2026-05-03,4,101,79,3,2674.8,0.0,0,0
2026-05-03,5,56,47,1,355.06,0.0,0,0
2026-05-03,6,0,0,13,7868.16,0.0,0,0
2026-05-03,7,78,61,1,269.47,0.0,0,0
2026-05-04,1,365,287,6,4275.32,0.0,0,0
2026-05-04,2,202,163,4,3689.41,0.0,0,0
2026-05-04,3,233,197,2,1835.64,0.0,0,0
2026-05-04,4,103,85,3,1958.22,0.0,0,0
2026-05-04,5,55,44,1,876.81,0.0,0,0
2026-05-04,6,0,0,6,3450.58,0.0,0,0
2026-05-04,7,82,69,1,325.44,0.0,0,0
2026-05-05,1,437,374,8,7024.71,0.0,0,0
2026-05-05,2,175,138,3,2084.04,0.0,0,0
2026-05-05,3,140,111,1,354.47,0.0,0,0
2026-05-05,4,107,84,4,3620.29,0.0,0,0
2026-05-05,5,154,129,4,2966.02,0.0,0,0
2026-05-05,6,0,0,14,7400.22,0.0,0,0
2026-05-05,7,145,117,2,608.65,0.0,0,0
2026-05-06,1,525,428,10,6264.71,0.0,0,0
2026-05-06,2,231,180,5,2639.44,0.0,0,0
2026-05-06,3,160,132,1,468.82,0.0,0,0
2026-05-06,4,211,181,8,5422.32,0.0,0,0
2026-05-06,5,54,43,1,1637.75,0.0,0,0
2026-05-06,6,0,0,8,5362.42,0.0,0,0
2026-05-06,7,22,17,0,0.0,0.0,0,0
2026-05-07,1,489,404,10,6981.29,0.0,0,0
2026-05-07,2,198,162,5,3624.15,0.0,0,0
2026-05-07,3,18,14,0,0.0,0.0,0,0
2026-05-07,4,77,64,2,602.59,0.0,0,0
2026-05-07,5,89,70,2,2789.58,0.0,0,0
2026-05-07,6,0,0,3,1868.23,0.0,0,0
2026-05-07,7,72,60,1,325.22,0.0,0,0
2026-05-08,1,753,598,14,10136.06,0.0,0,0
2026-05-08,2,252,200,6,6030.17,0.0,0,0
2026-05-08,3,120,97,1,733.9,0.0,0,0
2026-05-08,4,76,65,2,904.33,0.0,0,0
2026-05-08,5,54,44,1,694.94,0.0,0,0
2026-05-08,6,0,0,3,1724.44,0.0,0,0
2026-05-08,7,22,18,0,0.0,0.0,0,0
2026-05-09,1,269,221,4,3197.52,0.0,0,0
2026-05-09,2,136,108,3,2010.18,0.0,0,0
2026-05-09,3,416,357,3,3688.26,0.0,0,0
2026-05-09,4,59,50,1,579.56,0.0,0,0
2026-05-09,5,82,67,2,1359.01,0.0,0,0
2026-05-09,6,0,0,6,3803.86,0.0,0,0
2026-05-09,7,193,156,3,1617.9,0.0,0,0
2026-05-10,1,334,279,6,3274.53,0.0,0,0
2026-05-10,2,363,291,9,5600.08,0.0,0,0
2026-05-10,3,375,308,3,1703.56,0.0,0,0
2026-05-10,4,184,149,6,3916.97,0.0,0,0
2026-05-10,5,113,93,3,2892.2,0.0,0,0
2026-05-10,6,0,0,6,3842.85,0.0,0,0
2026-05-10,7,77,62,1,1308.68,0.0,0,0
2026-05-11,1,458,372,8,7558.92,0.0,0,0
2026-05-11,2,311,249,8,6359.96,0.0,0,0
2026-05-11,3,354,290,3,1964.81,213.42,35272,388
2026-05-11,4,60,50,1,601.92,0.0,0,0
2026-05-11,5,57,45,1,324.56,0.0,0,0
2026-05-11,6,0,0,7,5807.68,0.0,0,0
2026-05-11,7,78,63,1,1099.08,0.0,0,0
2026-05-12,1,258,211,4,4099.08,0.0,0,0
2026-05-12,2,189,161,4,2445.76,0.0,0,0
2026-05-12,3,18,15,0,0.0,253.21,41818,460
2026-05-12,4,85,67,2,1396.41,0.0,0,0
2026-05-12,5,86,72,2,1660.01,0.0,0,0
2026-05-12,6,0,0,6,6247.53,0.0,0,0
2026-05-12,7,22,17,0,0.0,0.0,0,0
2026-05-13,1,429,336,7,4189.02,0.0,0,0
2026-05-13,2,178,142,4,2685.43,0.0,0,0
2026-05-13,3,460,388,3,2480.18,289.61,47818,526
2026-05-13,4,76,64,2,637.89,0.0,0,0
2026-05-13,5,248,197,7,3769.58,0.0,0,0
2026-05-13,6,0,0,10,9277.82,0.0,0,0
2026-05-13,7,124,100,2,1054.14,0.0,0,0
2026-05-14,1,268,229,4,2260.15,0.0,0,0
2026-05-14,2,254,208,6,4884.83,0.0,0,0
2026-05-14,3,18,14,0,0.0,276.93,45727,503
2026-05-14,4,187,152,7,6509.58,0.0,0,0
2026-05-14,5,86,73,2,887.08,0.0,0,0
2026-05-14,6,0,0,5,3238.7,0.0,0,0
2026-05-14,7,189,158,3,3250.91,0.0,0,0
2026-05-15,1,537,425,11,6366.07,0.0,0,0
2026-05-15,2,260,221,6,4049.33,0.0,0,0
2026-05-15,3,145,121,1,298.33,229.24,37818,416
2026-05-15,4,93,75,3,2519.14,0.0,0,0
2026-05-15,5,92,73,2,596.98,0.0,0,0
2026-05-15,6,0,0,5,3280.96,0.0,0,0
2026-05-15,7,273,228,5,4294.67,0.0,0,0
2026-05-16,1,468,373,9,7068.57,0.0,0,0
2026-05-16,2,263,210,7,8776.69,0.0,0,0
2026-05-16,3,285,228,2,975.78,227.13,37454,412
2026-05-16,4,79,65,2,1150.36,0.0,0,0
2026-05-16,5,113,94,3,2454.28,0.0,0,0
2026-05-16,6,0,0,11,10574.02,0.0,0,0
2026-05-16,7,22,18,0,0.0,0.0,0,0
2026-05-17,1,434,344,8,4054.78,0.0,0,0
2026-05-17,2,170,144,4,3118.25,0.0,0,0
2026-05-17,3,162,130,1,264.82,269.61,44545,490
2026-05-17,4,91,78,3,2932.74,0.0,0,0
2026-05-17,5,159,128,5,3516.52,0.0,0,0
2026-05-17,6,0,0,8,5189.75,0.0,0,0
2026-05-17,7,75,59,1,651.58,0.0,0,0
2026-05-18,1,509,403,11,6737.25,0.0,0,0
2026-05-18,2,143,118,3,2896.93,0.0,0,0
2026-05-18,3,19,15,0,0.0,260.21,43000,473
2026-05-18,4,82,64,2,1063.4,0.0,0,0
2026-05-18,5,99,83,3,1285.57,0.0,0,0
2026-05-18,6,0,0,15,7087.65,0.0,0,0
2026-05-18,7,22,17,0,0.0,0.0,0,0
2026-05-19,1,463,380,8,6791.72,0.0,0,0
2026-05-19,2,251,212,6,6007.91,0.0,0,0
2026-05-19,3,424,361,3,3132.52,195.93,32363,356
2026-05-19,4,98,80,3,1583.07,0.0,0,0
2026-05-19,5,54,43,1,375.33,0.0,0,0
2026-05-19,6,0,0,11,5872.67,0.0,0,0
2026-05-19,7,70,59,1,368.39,0.0,0,0
2026-05-20,1,634,512,15,12094.41,0.0,0,0
2026-05-20,2,252,213,6,4696.36,0.0,0,0
2026-05-20,3,376,298,3,2102.04,240.48,39727,437
2026-05-20,4,152,129,5,2838.08,0.0,0,0
2026-05-20,5,152,121,4,2729.06,0.0,0,0
2026-05-20,6,0,0,8,5244.12,0.0,0,0
2026-05-20,7,243,205,4,2439.71,0.0,0,0
2026-05-21,1,313,252,5,3050.94,0.0,0,0
2026-05-21,2,257,217,6,5079.29,0.0,0,0
2026-05-21,3,154,124,1,371.55,389.22,64272,707
2026-05-21,4,136,112,4,2562.6,0.0,0,0
2026-05-21,5,57,47,1,1585.6,0.0,0,0
2026-05-21,6,0,0,13,8355.46,0.0,0,0
2026-05-21,7,137,110,2,1896.12,0.0,0,0
2026-05-22,1,407,331,7,5485.15,0.0,0,0
2026-05-22,2,291,245,7,5970.95,0.0,0,0
2026-05-22,3,411,349,3,2839.96,229.86,37909,417
2026-05-22,4,86,72,2,1641.76,0.0,0,0
2026-05-22,5,85,68,2,2548.52,0.0,0,0
2026-05-22,6,0,0,11,6266.07,0.0,0,0
2026-05-22,7,136,110,2,1263.82,0.0,0,0
2026-05-23,1,589,461,11,7339.77,0.0,0,0
2026-05-23,2,258,215,7,5766.74,0.0,0,0
2026-05-23,3,266,225,2,1744.86,265.92,43909,483
2026-05-23,4,81,66,2,1030.96,0.0,0,0
2026-05-23,5,148,121,4,1209.67,0.0,0,0
2026-05-23,6,0,0,9,6362.31,0.0,0,0
2026-05-23,7,80,62,1,313.52,0.0,0,0
2026-05-24,1,669,550,16,13058.16,0.0,0,0
2026-05-24,2,317,267,10,7226.64,0.0,0,0
2026-05-24,3,255,203,2,2554.29,260.38,43000,473
2026-05-24,4,79,62,2,1709.49,0.0,0,0
2026-05-24,5,149,117,4,2460.68,0.0,0,0
2026-05-24,6,0,0,12,8568.61,0.0,0,0
2026-05-24,7,141,116,2,1583.65,0.0,0,0
2026-05-25,1,616,485,14,9160.42,0.0,0,0
2026-05-25,2,245,193,6,3779.51,214.96,2690,113
2026-05-25,3,143,115,1,997.5,274.37,45272,498
2026-05-25,4,83,70,2,1853.9,0.0,0,0
2026-05-25,5,29,24,0,0.0,0.0,0,0
2026-05-25,6,0,0,7,3881.73,0.0,0,0
2026-05-25,7,141,120,2,990.39,0.0,0,0
2026-05-26,1,536,422,11,7604.16,0.0,0,0
2026-05-26,2,290,233,7,4143.51,197.44,2452,103
2026-05-26,3,406,320,3,1638.58,234.7,38727,426
2026-05-26,4,85,71,2,1841.94,0.0,0,0
2026-05-26,5,103,81,3,3361.17,0.0,0,0
2026-05-26,6,0,0,8,3993.75,0.0,0,0
2026-05-26,7,191,149,3,954.88,0.0,0,0
2026-05-27,1,342,283,5,4217.51,0.0,0,0
2026-05-27,2,124,98,2,2362.69,224.65,2809,118
2026-05-27,3,426,340,3,960.35,308.22,50909,560
2026-05-27,4,146,114,5,4705.45,0.0,0,0
2026-05-27,5,158,124,4,2782.15,0.0,0,0
2026-05-27,6,0,0,10,4303.08,0.0,0,0
2026-05-27,7,137,110,2,1329.88,0.0,0,0
2026-05-28,1,499,400,9,6849.51,0.0,0,0
2026-05-28,2,225,193,6,4330.1,165.75,2071,87
2026-05-28,3,19,15,0,0.0,331.29,54727,602
2026-05-28,4,105,85,3,1043.11,0.0,0,0
2026-05-28,5,109,85,3,4051.97,0.0,0,0
2026-05-28,6,0,0,7,7003.36,0.0,0,0
2026-05-28,7,145,124,2,666.99,0.0,0,0
2026-05-29,1,471,368,9,8669.55,0.0,0,0
2026-05-29,2,190,149,4,2828.31,191.43,2380,100
2026-05-29,3,154,126,1,345.82,307.02,50727,558
2026-05-29,4,79,64,2,1192.56,0.0,0,0
2026-05-29,5,83,65,2,1106.67,0.0,0,0
2026-05-29,6,0,0,14,9793.5,0.0,0,0
2026-05-29,7,121,100,2,717.15,0.0,0,0
2026-05-30,1,399,312,8,4865.73,0.0,0,0
2026-05-30,2,293,240,7,3583.07,220.14,2738,115
2026-05-30,3,140,111,1,827.31,240.97,39818,438
2026-05-30,4,119,100,4,2474.92,0.0,0,0
2026-05-30,5,30,24,0,0.0,0.0,0,0
2026-05-30,6,0,0,19,9439.46,0.0,0,0
2026-05-30,7,182,146,3,1646.22,0.0,0,0
2026-05-31,1,360,308,6,7401.7,0.0,0,0
2026-05-31,2,326,264,8,3893.23,191.53,2380,100
2026-05-31,3,19,15,0,0.0,248.68,41090,452
2026-05-31,4,101,80,3,1305.5,0.0,0,0
2026-05-31,5,135,106,4,3641.85,0.0,0,0
2026-05-31,6,0,0,7,4821.45,0.0,0,0
2026-05-31,7,81,65,1,954.96,0.0,0,0
2026-06-01,1,670,574,13,10575.03,0.0,0,0
2026-06-01,2,254,211,7,6936.04,197.89,2476,104
2026-06-01,3,407,348,3,1662.56,252.41,41636,458
2026-06-01,4,109,86,3,2494.93,0.0,0,0
2026-06-01,5,30,23,0,0.0,0.0,0,0
2026-06-01,6,0,0,9,5990.19,0.0,0,0
2026-06-01,7,73,61,1,1156.92,0.0,0,0
2026-06-02,1,386,310,6,5122.84,0.0,0,0
2026-06-02,2,260,210,6,3422.65,176.58,2190,92
2026-06-02,3,291,233,2,694.24,294.41,48636,535
2026-06-02,4,98,77,3,1386.83,0.0,0,0
2026-06-02,5,100,79,3,2360.23,0.0,0,0
2026-06-02,6,0,0,6,3733.77,0.0,0,0
2026-06-02,7,203,166,3,2377.83,0.0,0,0
2026-06-03,1,689,586,14,9957.35,0.0,0,0
2026-06-03,2,184,155,4,3084.5,174.66,2166,91
2026-06-03,3,151,119,1,786.96,310.59,51272,564
2026-06-03,4,117,99,4,3126.43,0.0,0,0
2026-06-03,5,30,24,0,0.0,0.0,0,0
2026-06-03,6,0,0,5,3217.12,0.0,0,0
2026-06-03,7,128,105,2,2569.26,0.0,0,0
2026-06-04,1,684,569,15,9273.98,0.0,0,0
2026-06-04,2,190,161,4,1608.7,172.38,2142,90
2026-06-04,3,19,15,0,0.0,225.34,37181,409
2026-06-04,4,128,101,4,1466.18,0.0,0,0
2026-06-04,5,57,46,1,1095.3,0.0,0,0
2026-06-04,6,0,0,7,3055.81,0.0,0,0
2026-06-04,7,81,68,1,651.64,0.0,0,0
2026-06-05,1,532,441,9,4832.51,0.0,0,0
2026-06-05,2,288,232,7,4062.4,136.14,1690,71
2026-06-05,3,19,15,0,0.0,224.17,37000,407
2026-06-05,4,79,67,2,647.52,0.0,0,0
2026-06-05,5,110,87,3,2149.65,0.0,0,0
2026-06-05,6,0,0,5,2389.7,0.0,0,0
2026-06-05,7,141,110,2,1849.85,0.0,0,0
2026-06-06,1,542,440,9,5963.07,0.0,0,0
2026-06-06,2,236,187,6,5489.04,210.42,2619,110
2026-06-06,3,413,341,3,2007.11,223.62,36909,406
2026-06-06,4,126,99,4,3768.07,0.0,0,0
2026-06-06,5,58,48,1,1652.05,0.0,0,0
2026-06-06,6,0,0,20,15586.09,0.0,0,0
2026-06-06,7,184,158,3,3998.2,0.0,0,0
2026-06-07,1,523,411,10,4708.19,0.0,0,0
2026-06-07,2,117,100,2,2091.0,174.64,2166,91
2026-06-07,3,266,215,2,1567.02,282.76,46727,514
2026-06-07,4,109,91,3,1485.28,0.0,0,0
2026-06-07,5,128,102,4,3692.28,0.0,0,0
2026-06-07,6,0,0,8,5124.37,0.0,0,0
2026-06-07,7,174,147,3,1787.89,0.0,0,0
2026-06-08,1,465,392,9,9219.67,0.0,0,0
2026-06-08,2,317,260,7,7142.67,117.54,1452,61
2026-06-08,3,427,358,3,1271.38,283.77,46818,515
2026-06-08,4,60,49,1,2022.24,0.0,0,0
2026-06-08,5,172,140,5,3226.67,0.0,0,0
2026-06-08,6,0,0,11,7010.08,0.0,0,0
2026-06-08,7,81,68,1,357.84,0.0,0,0
2026-06-09,1,515,434,11,7803.08,0.0,0,0
2026-06-09,2,231,191,6,1906.51,201.47,2523,106
2026-06-09,3,266,220,2,2268.6,289.92,47909,527
2026-06-09,4,194,166,7,6343.83,0.0,0,0
2026-06-09,5,86,72,2,1696.54,0.0,0,0
2026-06-09,6,0,0,13,9004.69,0.0,0,0
2026-06-09,7,137,107,2,696.76,0.0,0,0
2026-06-10,1,523,418,9,5545.15,0.0,0,0
2026-06-10,2,241,192,6,3730.24,194.49,2428,102
2026-06-10,3,20,16,0,0.0,299.0,49363,543
2026-06-10,4,104,82,3,1851.36,0.0,0,0
2026-06-10,5,85,67,2,2052.93,0.0,0,0
2026-06-10,6,0,0,9,6005.14,0.0,0,0
2026-06-10,7,194,165,3,1644.77,0.0,0,0
2026-06-11,1,642,533,11,8359.83,0.0,0,0
2026-06-11,2,161,137,3,3103.7,225.79,2809,118
2026-06-11,3,302,245,2,1787.88,290.85,48000,528
2026-06-11,4,81,67,2,999.52,0.0,0,0
2026-06-11,5,57,48,1,383.75,0.0,0,0
2026-06-11,6,0,0,14,12284.54,0.0,0,0
2026-06-11,7,24,20,0,0.0,0.0,0,0
2026-06-12,1,558,446,10,8593.43,0.0,0,0
2026-06-12,2,165,129,3,1682.41,186.41,2333,98
2026-06-12,3,268,213,2,609.54,226.21,37363,411
2026-06-12,4,202,160,7,5654.74,0.0,0,0
2026-06-12,5,31,25,0,0.0,0.0,0,0
2026-06-12,6,0,0,10,8944.86,0.0,0,0
2026-06-12,7,24,20,0,0.0,0.0,0,0
2026-06-13,1,516,443,11,8085.29,0.0,0,0
2026-06-13,2,257,203,6,7000.36,127.34,1595,67
2026-06-13,3,155,132,1,1203.56,216.57,35727,393
2026-06-13,4,93,73,3,1606.13,0.0,0,0
2026-06-13,5,184,156,5,3372.71,0.0,0,0
2026-06-13,6,0,0,8,5135.72,0.0,0,0
2026-06-13,7,80,62,1,327.94,0.0,0,0
2026-06-14,1,398,322,6,6723.08,0.0,0,0
2026-06-14,2,360,298,10,8149.41,164.95,2047,86
2026-06-14,3,504,433,4,1971.47,276.4,45636,502
2026-06-14,4,61,47,1,1264.52,0.0,0,0
2026-06-14,5,133,111,4,2634.58,0.0,0,0
2026-06-14,6,0,0,14,7613.36,0.0,0,0
2026-06-14,7,224,175,4,2268.62,0.0,0,0
2026-06-15,1,608,521,13,6440.8,0.0,0,0
2026-06-15,2,332,283,8,5437.68,195.2,2428,102
2026-06-15,3,295,243,2,1709.88,204.45,33727,371
2026-06-15,4,87,71,2,1306.6,0.0,0,0
2026-06-15,5,164,135,5,2950.17,0.0,0,0
2026-06-15,6,0,0,13,6335.52,0.0,0,0
2026-06-15,7,24,19,0,0.0,0.0,0,0
2026-06-16,1,677,551,14,13283.85,0.0,0,0
2026-06-16,2,201,162,5,2672.32,197.62,2476,104
2026-06-16,3,274,213,2,2313.71,218.6,36090,397
2026-06-16,4,130,101,4,2326.7,0.0,0,0
2026-06-16,5,204,169,6,3825.98,0.0,0,0
2026-06-16,6,0,0,7,8024.67,0.0,0,0
2026-06-16,7,311,259,4,3512.34,0.0,0,0
2026-06-17,1,539,440,10,8665.04,0.0,0,0
2026-06-17,2,294,251,7,6035.37,224.85,2809,118
2026-06-17,3,20,17,0,0.0,257.81,42545,468
2026-06-17,4,83,65,2,605.55,0.0,0,0
2026-06-17,5,114,95,3,3973.24,0.0,0,0
2026-06-17,6,0,0,10,11265.52,0.0,0,0
2026-06-17,7,254,208,4,3482.8,0.0,0,0
2026-06-18,1,489,387,8,3880.85,0.0,0,0
2026-06-18,2,503,405,12,7507.4,181.01,2261,95
2026-06-18,3,142,111,1,325.47,338.64,55909,615
2026-06-18,4,107,90,3,2402.49,0.0,0,0
2026-06-18,5,52,41,1,366.65,0.0,0,0
2026-06-18,6,0,0,9,6198.67,0.0,0,0
2026-06-18,7,178,152,3,2099.88,0.0,0,0
2026-06-19,1,688,550,14,13039.68,0.0,0,0
2026-06-19,2,202,172,5,5747.49,169.4,2119,89
2026-06-19,3,20,15,0,0.0,248.44,41000,451
2026-06-19,4,108,88,3,1723.97,0.0,0,0
2026-06-19,5,115,93,3,1897.19,0.0,0,0
2026-06-19,6,0,0,7,3084.18,0.0,0,0
2026-06-19,7,24,18,0,0.0,0.0,0,0
2026-06-20,1,388,304,6,4640.91,0.0,0,0
2026-06-20,2,84,66,1,1019.1,182.93,2285,96
2026-06-20,3,20,15,0,0.0,301.76,49818,548
2026-06-20,4,79,63,2,1361.9,0.0,0,0
2026-06-20,5,151,127,4,4429.28,0.0,0,0
2026-06-20,6,0,0,9,9720.41,0.0,0,0
2026-06-20,7,315,256,5,4976.5,0.0,0,0
2026-06-21,1,554,466,11,8734.77,0.0,0,0
2026-06-21,2,175,149,4,4980.64,196.51,2452,103
2026-06-21,3,157,128,1,329.64,223.49,36909,406
2026-06-21,4,128,109,4,5174.68,0.0,0,0
2026-06-21,5,178,144,5,3943.87,0.0,0,0
2026-06-21,6,0,0,7,1994.86,0.0,0,0
2026-06-21,7,193,152,3,1628.06,0.0,0,0
2026-06-22,1,552,447,12,8551.36,0.0,0,0
2026-06-22,2,229,187,5,2899.55,217.15,2714,114
2026-06-22,3,138,114,1,310.94,226.47,37363,411
2026-06-22,4,85,66,2,1342.26,0.0,0,0
2026-06-22,5,88,71,2,2025.24,0.0,0,0
2026-06-22,6,0,0,10,5710.46,0.0,0,0
2026-06-22,7,144,112,2,937.23,0.0,0,0
2026-06-23,1,404,332,7,5400.61,0.0,0,0
2026-06-23,2,194,163,4,2594.94,148.69,1857,78
2026-06-23,3,161,125,1,1442.28,220.76,36454,401
2026-06-23,4,131,102,4,2996.59,0.0,0,0
2026-06-23,5,110,93,3,1870.52,0.0,0,0
2026-06-23,6,0,0,10,10200.63,0.0,0,0
2026-06-23,7,154,122,2,956.84,0.0,0,0
2026-06-24,1,459,377,9,6282.2,0.0,0,0
2026-06-24,2,94,76,1,340.97,141.87,1761,74
2026-06-24,3,260,216,2,1311.54,271.55,44818,493
2026-06-24,4,130,103,4,1912.29,0.0,0,0
2026-06-24,5,129,105,3,1246.31,0.0,0,0
2026-06-24,6,0,0,6,5091.37,0.0,0,0
2026-06-24,7,76,62,1,339.68,0.0,0,0
2026-06-25,1,666,539,13,11004.05,0.0,0,0
2026-06-25,2,315,256,8,5995.62,249.17,3119,131
2026-06-25,3,400,332,3,2712.63,309.93,51181,563
2026-06-25,4,137,110,5,7617.6,0.0,0,0
2026-06-25,5,90,73,2,690.02,0.0,0,0
2026-06-25,6,0,0,10,6487.08,0.0,0,0
2026-06-25,7,131,103,2,2162.64,0.0,0,0
2026-06-26,1,564,460,10,7621.58,0.0,0,0
2026-06-26,2,165,136,3,3081.28,146.53,1833,77
2026-06-26,3,381,319,3,2167.68,203.06,33545,369
2026-06-26,4,109,87,3,2171.37,0.0,0,0
2026-06-26,5,62,52,1,660.42,0.0,0,0
2026-06-26,6,0,0,8,6326.43,0.0,0,0
2026-06-26,7,223,175,4,3630.55,0.0,0,0
2026-06-27,1,659,561,13,9842.15,0.0,0,0
2026-06-27,2,184,151,4,2279.75,138.19,1714,72
2026-06-27,3,274,227,2,669.87,331.36,54727,602
2026-06-27,4,102,83,3,1711.36,0.0,0,0
2026-06-27,5,152,122,4,3835.07,0.0,0,0
2026-06-27,6,0,0,18,13183.54,0.0,0,0
2026-06-27,7,143,112,2,628.4,0.0,0,0
2026-06-28,1,449,366,7,2754.88,0.0,0,0
2026-06-28,2,152,123,3,3940.17,216.84,2714,114
2026-06-28,3,20,16,0,0.0,351.55,58090,639
2026-06-28,4,105,85,3,1694.99,0.0,0,0
2026-06-28,5,57,45,1,342.94,0.0,0,0
2026-06-28,6,0,0,9,5938.75,0.0,0,0
2026-06-28,7,135,114,2,1801.29,0.0,0,0
2026-06-29,1,485,378,9,7181.01,0.0,0,0
2026-06-29,2,225,192,5,2313.41,158.6,1976,83
2026-06-29,3,381,300,3,2652.63,134.72,22181,244
2026-06-29,4,109,85,3,1993.6,0.0,0,0
2026-06-29,5,108,86,3,2066.76,0.0,0,0
2026-06-29,6,0,0,12,5480.3,0.0,0,0
2026-06-29,7,75,61,1,696.34,0.0,0,0
2026-06-30,1,529,438,9,6854.87,0.0,0,0
2026-06-30,2,200,168,5,1999.3,155.78,1928,81
2026-06-30,3,20,16,0,0.0,250.39,41363,455
2026-06-30,4,173,138,6,2531.82,0.0,0,0
2026-06-30,5,89,70,2,1040.39,0.0,0,0
2026-06-30,6,0,0,9,6735.08,0.0,0,0
2026-06-30,7,79,67,1,983.97,0.0,0,0
2026-07-01,1,628,530,13,14123.7,0.0,0,0
2026-07-01,2,185,146,4,3253.7,221.02,2761,116
2026-07-01,3,20,16,0,0.0,190.42,31454,346
2026-07-01,4,41,32,0,0.0,0.0,0,0
2026-07-01,5,163,134,4,3495.52,0.0,0,0
2026-07-01,6,0,0,5,3587.75,0.0,0,0
2026-07-01,7,74,61,1,1072.77,0.0,0,0
2026-07-02,1,598,498,11,8539.06,0.0,0,0
2026-07-02,2,212,175,5,3006.13,142.39,1761,74
2026-07-02,3,20,16,0,0.0,357.15,59000,649
2026-07-02,4,84,69,2,3168.92,0.0,0,0
2026-07-02,5,186,158,5,3406.56,0.0,0,0
2026-07-02,6,0,0,7,6188.08,0.0,0,0
2026-07-02,7,278,236,4,2182.45,0.0,0,0
2026-07-03,1,514,432,9,6722.04,0.0,0,0
2026-07-03,2,194,166,4,2678.33,245.7,3071,129
2026-07-03,3,20,16,0,0.0,208.54,34454,379
2026-07-03,4,108,88,3,2071.47,0.0,0,0
2026-07-03,5,84,67,2,1642.12,0.0,0,0
2026-07-03,6,0,0,9,7801.93,0.0,0,0
2026-07-03,7,174,137,3,1381.43,0.0,0,0
2026-07-04,1,477,400,9,8054.94,0.0,0,0
2026-07-04,2,221,185,5,5612.03,261.82,3261,137
2026-07-04,3,423,349,3,1901.45,304.2,50272,553
2026-07-04,4,100,78,3,2667.86,0.0,0,0
2026-07-04,5,95,74,2,922.62,0.0,0,0
2026-07-04,6,0,0,13,7259.4,0.0,0,0
2026-07-04,7,130,110,2,1019.24,0.0,0,0
2026-07-05,1,461,376,8,6187.49,0.0,0,0
2026-07-05,2,272,221,7,3849.96,151.94,1880,79
2026-07-05,3,283,224,2,678.57,237.91,39272,432
2026-07-05,4,107,91,3,2746.99,0.0,0,0
2026-07-05,5,115,90,3,1747.32,0.0,0,0
2026-07-05,6,0,0,11,6862.75,0.0,0,0
2026-07-05,7,124,97,2,604.24,0.0,0,0
2026-07-06,1,367,313,6,3693.05,0.0,0,0
2026-07-06,2,345,275,9,4542.59,146.0,1809,76
2026-07-06,3,20,15,0,0.0,299.49,49454,544
2026-07-06,4,41,34,0,0.0,0.0,0,0
2026-07-06,5,117,100,3,1266.73,0.0,0,0
2026-07-06,6,0,0,11,7870.46,0.0,0,0
2026-07-06,7,182,153,3,3778.44,0.0,0,0
2026-07-07,1,406,334,7,4671.57,0.0,0,0
2026-07-07,2,208,175,4,1615.0,198.89,2476,104
2026-07-07,3,275,223,2,1294.57,166.01,27363,301
2026-07-07,4,149,124,4,2660.58,0.0,0,0
2026-07-07,5,57,46,1,657.14,0.0,0,0
2026-07-07,6,0,0,5,2841.04,0.0,0,0
2026-07-07,7,77,65,1,1035.39,0.0,0,0
2026-07-08,1,504,415,9,5062.63,0.0,0,0
2026-07-08,2,249,207,6,4560.0,225.75,2809,118
2026-07-08,3,309,262,2,1721.48,279.05,46090,507
2026-07-08,4,144,115,5,3452.72,0.0,0,0
2026-07-08,5,59,49,1,406.76,0.0,0,0
2026-07-08,6,0,0,11,9552.64,0.0,0,0
2026-07-08,7,81,67,1,1115.79,0.0,0,0
2026-07-09,1,647,526,11,8284.51,0.0,0,0
2026-07-09,2,88,74,1,705.02,151.93,1880,79
2026-07-09,3,20,17,0,0.0,254.07,41909,461
2026-07-09,4,85,66,2,1763.01,0.0,0,0
2026-07-09,5,242,191,7,4586.71,0.0,0,0
2026-07-09,6,0,0,12,8908.39,0.0,0,0
2026-07-09,7,136,111,2,1706.0,0.0,0,0
2026-07-10,1,572,489,11,5335.37,0.0,0,0
2026-07-10,2,274,222,7,6847.11,179.27,2238,94
2026-07-10,3,20,16,0,0.0,169.42,28000,308
2026-07-10,4,86,70,2,1272.79,0.0,0,0
2026-07-10,5,207,168,6,5066.55,0.0,0,0
2026-07-10,6,0,0,5,3721.27,0.0,0,0
2026-07-10,7,89,75,1,393.63,0.0,0,0
2026-07-11,1,649,528,11,8121.65,0.0,0,0
2026-07-11,2,132,107,2,2152.58,195.51,2428,102
2026-07-11,3,149,124,1,1389.76,362.13,59818,658
2026-07-11,4,90,76,2,1618.47,0.0,0,0
2026-07-11,5,82,68,2,654.07,0.0,0,0
2026-07-11,6,0,0,8,8112.06,0.0,0,0
2026-07-11,7,80,63,1,1432.72,0.0,0,0
2026-07-12,1,590,493,12,8170.13,0.0,0,0
2026-07-12,2,190,156,4,2557.4,145.41,1809,76
2026-07-12,3,134,104,1,1443.04,255.12,42090,463
2026-07-12,4,63,50,1,342.99,0.0,0,0
2026-07-12,5,85,68,2,1035.58,0.0,0,0
2026-07-12,6,0,0,8,4774.25,0.0,0,0
2026-07-12,7,24,19,0,0.0,0.0,0,0
2026-07-13,1,206,176,2,2173.04,0.0,0,0
2026-07-13,2,122,96,2,1072.35,238.76,2976,125
2026-07-13,3,261,207,2,649.74,219.67,36272,399
2026-07-13,4,97,76,3,937.94,0.0,0,0
2026-07-13,5,83,66,2,966.69,0.0,0,0
2026-07-13,6,0,0,11,6433.6,0.0,0,0
2026-07-13,7,82,66,1,293.58,0.0,0,0
2026-07-14,1,467,380,8,5774.01,0.0,0,0
2026-07-14,2,224,189,5,2646.93,154.16,1928,81
2026-07-14,3,779,653,6,4126.14,286.18,47272,520
2026-07-14,4,85,69,2,1228.8,0.0,0,0
2026-07-14,5,142,120,4,3558.62,0.0,0,0
2026-07-14,6,0,0,6,5307.76,0.0,0,0
2026-07-14,7,81,64,1,287.98,0.0,0,0
2026-07-15,1,373,294,6,4830.67,0.0,0,0
2026-07-15,2,154,123,3,996.67,211.82,2642,111
2026-07-15,3,20,16,0,0.0,232.35,38363,422
2026-07-15,4,90,71,2,1682.25,0.0,0,0
2026-07-15,5,87,73,2,2956.23,0.0,0,0
2026-07-15,6,0,0,4,2881.65,0.0,0,0
2026-07-15,7,24,20,0,0.0,0.0,0,0
2026-07-16,1,327,268,5,5524.4,0.0,0,0
2026-07-16,2,158,130,3,1634.69,214.21,2666,112
2026-07-16,3,20,16,0,0.0,241.16,39818,438
2026-07-16,4,132,108,4,3018.56,0.0,0,0
2026-07-16,5,112,94,3,2218.03,0.0,0,0
2026-07-16,6,0,0,10,5898.48,0.0,0,0
2026-07-16,7,216,183,3,2783.43,0.0,0,0
2026-07-17,1,605,514,11,6348.04,0.0,0,0
2026-07-17,2,181,143,5,3431.27,205.67,2571,108
2026-07-17,3,143,120,1,321.66,267.27,44090,485
2026-07-17,4,62,49,1,1090.2,0.0,0,0
2026-07-17,5,57,48,1,313.87,0.0,0,0
2026-07-17,6,0,0,13,7684.38,0.0,0,0
2026-07-17,7,146,122,2,949.83,0.0,0,0
2026-07-18,1,292,229,4,1663.55,0.0,0,0
2026-07-18,2,294,237,7,4598.63,177.41,2214,93
2026-07-18,3,403,337,3,2701.18,313.96,51818,570
2026-07-18,4,108,87,3,2626.46,0.0,0,0
2026-07-18,5,61,49,1,357.69,0.0,0,0
2026-07-18,6,0,0,6,4251.74,0.0,0,0
2026-07-18,7,80,64,1,306.91,0.0,0,0
2026-07-19,1,524,423,10,8232.62,0.0,0,0
2026-07-19,2,270,217,6,3338.02,190.68,2380,100
2026-07-19,3,409,340,3,2984.81,234.4,38727,426
2026-07-19,4,65,51,1,327.46,0.0,0,0
2026-07-19,5,93,74,2,1591.14,0.0,0,0
2026-07-19,6,0,0,6,4081.09,0.0,0,0
2026-07-19,7,25,19,0,0.0,0.0,0,0
2026-07-20,1,476,407,9,4847.79,0.0,0,0
2026-07-20,2,120,99,2,1992.17,182.71,2285,96
2026-07-20,3,20,17,0,0.0,311.57,51454,566
2026-07-20,4,84,71,2,1198.27,0.0,0,0
2026-07-20,5,32,27,0,0.0,0.0,0,0
2026-07-20,6,0,0,10,5944.18,0.0,0,0
2026-07-20,7,78,67,1,1378.44,0.0,0,0
2026-07-21,1,350,277,5,2795.08,0.0,0,0
2026-07-21,2,92,74,1,374.81,133.97,1666,70
2026-07-21,3,524,425,4,3554.1,275.47,45454,500
2026-07-21,4,99,80,3,1443.17,0.0,0,0
2026-07-21,5,89,70,2,2337.41,0.0,0,0
2026-07-21,6,0,0,9,8977.49,0.0,0,0
2026-07-21,7,139,115,2,1331.3,0.0,0,0
2026-07-22,1,360,281,6,6135.63,0.0,0,0
2026-07-22,2,91,77,1,1527.04,139.76,1738,73
2026-07-22,3,253,208,2,722.4,267.49,44181,486
2026-07-22,4,173,136,6,5464.57,0.0,0,0
2026-07-22,5,57,46,1,716.0,0.0,0,0
2026-07-22,6,0,0,14,16527.8,0.0,0,0
2026-07-22,7,171,135,3,2096.67,0.0,0,0
2026-07-23,1,661,566,14,15448.58,0.0,0,0
2026-07-23,2,209,169,5,6070.01,234.58,2928,123
2026-07-23,3,20,16,0,0.0,240.61,39727,437
2026-07-23,4,155,122,5,3885.86,0.0,0,0
2026-07-23,5,32,26,0,0.0,0.0,0,0
2026-07-23,6,0,0,8,6662.0,0.0,0,0
2026-07-23,7,79,67,1,606.02,0.0,0,0
2026-07-24,1,870,741,15,10097.21,0.0,0,0
2026-07-24,2,246,207,5,1955.25,202.25,2523,106
2026-07-24,3,281,237,2,1075.71,272.66,45000,495
2026-07-24,4,92,78,2,998.44,0.0,0,0
2026-07-24,5,87,68,2,1048.3,0.0,0,0
2026-07-24,6,0,0,13,9706.56,0.0,0,0
2026-07-24,7,209,171,3,1056.22,0.0,0,0
2026-07-25,1,393,326,7,4754.95,0.0,0,0
2026-07-25,2,121,98,2,1227.1,187.71,2333,98
2026-07-25,3,135,114,1,699.72,244.82,40454,445
2026-07-25,4,64,53,1,1561.1,0.0,0,0
2026-07-25,5,174,135,5,3663.48,0.0,0,0
2026-07-25,6,0,0,9,3863.67,0.0,0,0
2026-07-25,7,124,98,2,2840.52,0.0,0,0
2026-07-26,1,364,295,6,5362.71,0.0,0,0
2026-07-26,2,148,116,3,1772.17,188.88,2357,99
2026-07-26,3,148,122,1,1303.12,264.96,43727,481
2026-07-26,4,151,123,5,6147.47,0.0,0,0
2026-07-26,5,116,95,3,2182.96,0.0,0,0
2026-07-26,6,0,0,10,8849.89,0.0,0,0
2026-07-26,7,261,217,4,2009.94,0.0,0,0
2026-07-27,1,361,289,5,4692.39,0.0,0,0
2026-07-27,2,273,234,7,7849.7,129.47,1619,68
2026-07-27,3,20,15,0,0.0,290.96,48090,529
2026-07-27,4,126,101,4,3047.05,0.0,0,0
2026-07-27,5,59,50,1,1213.32,0.0,0,0
2026-07-27,6,0,0,11,6761.18,0.0,0,0
2026-07-27,7,136,112,2,699.12,0.0,0,0
2026-07-28,1,417,339,9,10006.39,0.0,0,0
2026-07-28,2,89,71,1,716.16,199.64,2500,105
2026-07-28,3,321,270,3,3604.96,252.24,41636,458
2026-07-28,4,83,68,2,1396.16,0.0,0,0
2026-07-28,5,32,27,0,0.0,0.0,0,0
2026-07-28,6,0,0,6,3343.67,0.0,0,0
2026-07-28,7,142,118,2,2601.18,0.0,0,0
2026-07-29,1,396,332,7,4017.53,0.0,0,0
2026-07-29,2,196,164,4,1365.03,261.74,3261,137
2026-07-29,3,154,128,1,289.65,302.11,49909,549
2026-07-29,4,85,70,2,2497.32,0.0,0,0
2026-07-29,5,136,111,4,2175.25,0.0,0,0
2026-07-29,6,0,0,7,6037.99,0.0,0,0
2026-07-29,7,25,20,0,0.0,0.0,0,0
2026-07-30,1,436,363,7,4167.32,0.0,0,0
2026-07-30,2,153,125,3,3258.17,197.27,2452,103
2026-07-30,3,281,220,2,2085.1,227.51,37545,413
2026-07-30,4,126,108,4,3170.49,0.0,0,0
2026-07-30,5,32,25,0,0.0,0.0,0,0
2026-07-30,6,0,0,11,8622.4,0.0,0,0
2026-07-30,7,120,101,2,1970.63,0.0,0,0
2026-07-31,1,434,348,7,5879.47,0.0,0,0
2026-07-31,2,169,142,3,2607.26,165.97,2071,87
2026-07-31,3,20,16,0,0.0,214.45,35363,389
2026-07-31,4,105,87,3,2451.71,0.0,0,0
2026-07-31,5,57,47,1,878.61,0.0,0,0
2026-07-31,6,0,0,11,5623.68,0.0,0,0
2026-07-31,7,131,110,2,1504.94,0.0,0,0
2026-08-01,1,391,334,6,4771.23,0.0,0,0
2026-08-01,2,258,209,7,5570.97,180.19,2238,94
2026-08-01,3,268,225,2,621.32,313.74,51818,570
2026-08-01,4,42,34,0,0.0,0.0,0,0
2026-08-01,5,113,90,3,4952.03,0.0,0,0
2026-08-01,6,0,0,10,5189.1,0.0,0,0
2026-08-01,7,130,101,2,1066.02,0.0,0,0
2026-08-02,1,508,422,11,9391.23,0.0,0,0
2026-08-02,2,227,191,5,4943.79,208.42,2595,109
2026-08-02,3,20,16,0,0.0,280.86,46363,510
2026-08-02,4,62,49,1,804.66,0.0,0,0
2026-08-02,5,137,110,4,2501.54,0.0,0,0
2026-08-02,6,0,0,7,3470.17,0.0,0,0
2026-08-02,7,77,64,1,305.99,0.0,0,0
2026-08-03,1,489,385,9,7113.32,0.0,0,0
2026-08-03,2,181,154,4,2927.53,234.55,2928,123
2026-08-03,3,295,239,2,564.79,211.26,34909,384
2026-08-03,4,117,96,4,3135.53,0.0,0,0
2026-08-03,5,124,99,3,1193.25,0.0,0,0
2026-08-03,6,0,0,7,3774.42,0.0,0,0
2026-08-03,7,25,20,0,0.0,0.0,0,0
2026-08-04,1,197,165,2,2518.36,0.0,0,0
2026-08-04,2,121,99,2,1267.32,239.62,3000,126
2026-08-04,3,144,112,1,374.34,342.22,56545,622
2026-08-04,4,85,71,2,1805.12,0.0,0,0
2026-08-04,5,112,95,3,1917.88,0.0,0,0
2026-08-04,6,0,0,10,7872.36,0.0,0,0
2026-08-04,7,80,66,1,333.68,0.0,0,0
2026-08-05,1,590,490,12,7318.1,0.0,0,0
2026-08-05,2,181,155,4,4401.93,171.46,2142,90
2026-08-05,3,20,17,0,0.0,319.02,52727,580
2026-08-05,4,42,35,0,0.0,0.0,0,0
2026-08-05,5,59,49,1,688.88,0.0,0,0
2026-08-05,6,0,0,4,2769.94,0.0,0,0
2026-08-05,7,76,63,1,326.57,0.0,0,0
2026-08-06,1,373,318,6,3559.06,0.0,0,0
2026-08-06,2,190,161,4,2097.42,180.31,2238,94
2026-08-06,3,173,139,1,1125.24,336.32,55545,611
2026-08-06,4,100,78,3,2181.19,0.0,0,0
2026-08-06,5,112,90,3,1017.19,0.0,0,0
2026-08-06,6,0,0,7,2549.65,0.0,0,0
2026-08-06,7,25,21,0,0.0,0.0,0,0
2026-08-07,1,366,303,6,2980.06,0.0,0,0
2026-08-07,2,150,122,3,2958.58,243.72,3047,128
2026-08-07,3,20,16,0,0.0,278.84,46000,506
2026-08-07,4,84,71,2,1319.46,0.0,0,0
2026-08-07,5,203,163,6,3987.51,0.0,0,0
2026-08-07,6,0,0,9,7298.86,0.0,0,0
2026-08-07,7,25,20,0,0.0,0.0,0,0
2026-08-08,1,315,270,5,3351.23,0.0,0,0
2026-08-08,2,157,133,3,1598.86,186.38,2333,98
2026-08-08,3,20,16,0,0.0,232.6,38363,422
2026-08-08,4,106,83,3,2239.87,0.0,0,0
2026-08-08,5,61,52,1,1038.09,0.0,0,0
2026-08-08,6,0,0,5,5603.16,0.0,0,0
2026-08-08,7,117,100,2,1669.83,0.0,0,0
2026-08-09,1,317,251,5,4515.88,0.0,0,0
2026-08-09,2,144,119,3,1643.76,211.37,2642,111
2026-08-09,3,153,129,1,908.4,271.1,44727,492
2026-08-09,4,86,73,2,1839.42,0.0,0,0
2026-08-09,5,61,51,1,1301.48,0.0,0,0
2026-08-09,6,0,0,4,3001.42,0.0,0,0
2026-08-09,7,148,123,2,1425.04,0.0,0,0
2026-08-10,1,329,282,5,3948.65,0.0,0,0
2026-08-10,2,127,107,2,1469.7,0.0,0,0
2026-08-10,3,20,17,0,0.0,256.94,42454,467
2026-08-10,4,84,69,2,1154.55,0.0,0,0
2026-08-10,5,84,70,2,1264.17,0.0,0,0
2026-08-10,6,0,0,4,3967.34,0.0,0,0
2026-08-10,7,136,112,2,985.37,0.0,0,0
2026-08-11,1,343,294,6,3784.57,0.0,0,0
2026-08-11,2,156,131,3,2631.34,0.0,0,0
2026-08-11,3,136,111,1,315.32,273.0,45090,496
2026-08-11,4,84,71,2,1390.59,0.0,0,0
2026-08-11,5,89,73,2,974.09,0.0,0,0
2026-08-11,6,0,0,6,3501.81,0.0,0,0
2026-08-11,7,184,153,3,1346.39,0.0,0,0
2026-08-12,1,628,528,13,10771.52,0.0,0,0
2026-08-12,2,233,197,6,3946.37,0.0,0,0
2026-08-12,3,352,295,3,2563.68,257.83,42545,468
2026-08-12,4,107,85,3,1847.75,0.0,0,0
2026-08-12,5,139,113,4,4549.36,0.0,0,0
2026-08-12,6,0,0,7,4546.72,0.0,0,0
2026-08-12,7,87,74,1,389.59,0.0,0,0
2026-08-13,1,438,375,7,4780.48,0.0,0,0
2026-08-13,2,130,108,2,635.91,0.0,0,0
2026-08-13,3,20,16,0,0.0,261.45,43181,475
2026-08-13,4,65,54,1,2222.22,0.0,0,0
2026-08-13,5,149,120,4,3619.76,0.0,0,0
2026-08-13,6,0,0,4,3398.35,0.0,0,0
2026-08-13,7,25,21,0,0.0,0.0,0,0
2026-08-14,1,403,341,6,3761.78,0.0,0,0
2026-08-14,2,125,98,2,615.69,0.0,0,0
2026-08-14,3,20,15,0,0.0,283.5,46818,515
2026-08-14,4,196,155,8,5304.04,0.0,0,0
2026-08-14,5,118,92,3,3217.56,0.0,0,0
2026-08-14,6,0,0,4,1683.89,0.0,0,0
2026-08-14,7,81,66,1,321.48,0.0,0,0
2026-08-15,1,416,341,8,7868.64,0.0,0,0
2026-08-15,2,305,242,7,5236.64,0.0,0,0
2026-08-15,3,20,16,0,0.0,293.52,48454,533
2026-08-15,4,215,183,7,5832.79,0.0,0,0
2026-08-15,5,32,26,0,0.0,0.0,0,0
2026-08-15,6,0,0,6,3614.12,0.0,0,0
2026-08-15,7,189,157,3,2157.66,0.0,0,0
2026-08-16,1,570,457,10,5470.78,0.0,0,0
2026-08-16,2,133,110,2,875.74,0.0,0,0
2026-08-16,3,289,233,2,1140.15,233.43,38545,424
2026-08-16,4,85,66,2,795.4,0.0,0,0
2026-08-16,5,90,75,2,1755.0,0.0,0,0
2026-08-16,6,0,0,9,5730.12,0.0,0,0
2026-08-16,7,189,148,3,2287.61,0.0,0,0
2026-08-17,1,283,241,4,2176.02,0.0,0,0
2026-08-17,2,154,122,3,2146.32,0.0,0,0
2026-08-17,3,134,114,1,326.23,0.0,0,0
2026-08-17,4,108,86,3,3173.79,0.0,0,0
2026-08-17,5,32,25,0,0.0,0.0,0,0
2026-08-17,6,0,0,1,628.38,0.0,0,0
2026-08-17,7,264,212,4,3089.11,0.0,0,0
2026-08-18,1,369,293,6,5520.34,0.0,0,0
2026-08-18,2,58,45,0,0.0,0.0,0,0
2026-08-18,3,385,311,3,1236.86,0.0,0,0
2026-08-18,4,106,87,3,3669.06,0.0,0,0
2026-08-18,5,32,27,0,0.0,0.0,0,0
2026-08-18,6,0,0,8,7575.96,0.0,0,0
2026-08-18,7,143,114,2,1675.5,0.0,0,0
2026-08-19,1,579,464,13,8932.03,0.0,0,0
2026-08-19,2,86,69,1,1625.8,0.0,0,0
2026-08-19,3,272,217,2,1898.48,0.0,0,0
2026-08-19,4,122,97,4,2688.81,0.0,0,0
2026-08-19,5,76,61,2,1293.65,0.0,0,0
2026-08-19,6,0,0,3,966.44,0.0,0,0
2026-08-19,7,193,158,3,925.94,0.0,0,0
2026-08-20,1,340,282,6,5645.8,0.0,0,0
2026-08-20,2,202,158,4,3662.63,0.0,0,0
2026-08-20,3,145,121,1,610.26,0.0,0,0
2026-08-20,4,80,62,2,951.71,0.0,0,0
2026-08-20,5,139,111,4,2509.79,0.0,0,0
2026-08-20,6,0,0,8,6418.93,0.0,0,0
2026-08-20,7,83,70,1,1258.76,0.0,0,0
2026-08-21,1,369,306,6,5003.63,0.0,0,0
2026-08-21,2,126,106,2,1224.27,0.0,0,0
2026-08-21,3,128,104,1,392.73,0.0,0,0
2026-08-21,4,154,129,5,2401.97,0.0,0,0
2026-08-21,5,62,49,1,657.8,0.0,0,0
2026-08-21,6,0,0,12,6359.79,0.0,0,0
2026-08-21,7,80,65,1,318.52,0.0,0,0
2026-08-22,1,309,259,4,3211.29,0.0,0,0
2026-08-22,2,206,164,4,3302.45,0.0,0,0
2026-08-22,3,484,389,4,2249.67,0.0,0,0
2026-08-22,4,109,86,3,1503.81,0.0,0,0
2026-08-22,5,62,50,1,1444.4,0.0,0,0
2026-08-22,6,0,0,8,7603.78,0.0,0,0
2026-08-22,7,144,115,2,1013.05,0.0,0,0
2026-08-23,1,544,432,11,10654.83,0.0,0,0
2026-08-23,2,244,201,6,5079.48,0.0,0,0
2026-08-23,3,161,136,1,277.27,0.0,0,0
2026-08-23,4,111,91,3,2930.48,0.0,0,0
2026-08-23,5,58,49,1,1030.2,0.0,0,0
2026-08-23,6,0,0,5,4495.38,0.0,0,0
2026-08-23,7,127,101,2,1297.26,0.0,0,0
2026-08-24,1,456,387,8,4399.62,0.0,0,0
2026-08-24,2,181,155,4,2441.1,0.0,0,0
2026-08-24,3,20,15,0,0.0,0.0,0,0
2026-08-24,4,83,66,2,1916.4,0.0,0,0
2026-08-24,5,81,63,2,627.79,0.0,0,0
2026-08-24,6,0,0,6,5237.12,0.0,0,0
2026-08-24,7,128,105,2,1015.35,0.0,0,0
2026-08-25,1,802,625,14,9903.96,0.0,0,0
2026-08-25,2,187,152,4,3674.31,0.0,0,0
2026-08-25,3,149,123,1,753.28,0.0,0,0
2026-08-25,4,103,82,3,978.59,0.0,0,0
2026-08-25,5,61,49,1,960.54,0.0,0,0
2026-08-25,6,0,0,12,10183.46,0.0,0,0
2026-08-25,7,24,19,0,0.0,0.0,0,0
2026-08-26,1,356,301,6,4086.78,0.0,0,0
2026-08-26,2,204,172,5,2619.06,0.0,0,0
2026-08-26,3,20,15,0,0.0,0.0,0,0
2026-08-26,4,84,67,2,1980.65,0.0,0,0
2026-08-26,5,59,47,1,662.92,0.0,0,0
2026-08-26,6,0,0,4,4573.28,0.0,0,0
2026-08-26,7,76,59,1,303.75,0.0,0,0
2026-08-27,1,326,255,5,2927.87,0.0,0,0
2026-08-27,2,148,118,3,1669.73,0.0,0,0
2026-08-27,3,268,216,2,655.02,0.0,0,0
2026-08-27,4,42,36,0,0.0,0.0,0,0
2026-08-27,5,139,113,4,3412.22,0.0,0,0
2026-08-27,6,0,0,7,4234.03,0.0,0,0
2026-08-27,7,145,116,2,2175.82,0.0,0,0
2026-08-28,1,639,520,11,9884.93,0.0,0,0
2026-08-28,2,280,233,7,5344.32,0.0,0,0
2026-08-28,3,20,15,0,0.0,0.0,0,0
2026-08-28,4,125,107,4,3551.67,0.0,0,0
2026-08-28,5,94,75,2,2818.48,0.0,0,0
2026-08-28,6,0,0,4,1641.45,0.0,0,0
2026-08-28,7,24,18,0,0.0,0.0,0,0
2026-08-29,1,369,294,6,5075.28,0.0,0,0
2026-08-29,2,220,186,5,3960.29,0.0,0,0
2026-08-29,3,252,202,2,644.14,0.0,0,0
2026-08-29,4,152,123,5,3335.64,0.0,0,0
2026-08-29,5,61,51,1,310.85,0.0,0,0
2026-08-29,6,0,0,7,4042.93,0.0,0,0
2026-08-29,7,24,20,0,0.0,0.0,0,0
2026-08-30,1,446,365,8,7199.66,0.0,0,0
2026-08-30,2,307,243,8,3093.63,0.0,0,0
2026-08-30,3,269,213,2,1117.44,0.0,0,0
2026-08-30,4,84,66,2,2762.32,0.0,0,0
2026-08-30,5,58,46,1,853.5,0.0,0,0
2026-08-30,6,0,0,11,7152.28,0.0,0,0
2026-08-30,7,24,20,0,0.0,0.0,0,0
2026-08-31,1,501,416,11,8414.59,0.0,0,0
2026-08-31,2,119,100,2,2215.66,0.0,0,0
2026-08-31,3,137,112,1,300.02,0.0,0,0
2026-08-31,4,82,64,2,1510.21,0.0,0,0
2026-08-31,5,101,83,2,1091.15,0.0,0,0
2026-08-31,6,0,0,11,8379.54,0.0,0,0
2026-08-31,7,87,70,1,679.32,0.0,0,0
